dataset_id,view_id,candidate_index,status,cvnn_frozen,cvnn_fpc_reproduction
fcps_atom,x_only,0,valid,0.8119144125237487,0.811914412523749
fcps_atom,x_only,1,valid,0.5909294417519401,0.59092944175194
fcps_atom,x_only,2,valid,0.6710045002460965,0.671004500246096
fcps_atom,x_only,3,valid,0.6016024183691748,0.601602418369175
fcps_atom,x_only,4,valid,0.8148130878423321,0.814813087842332
fcps_atom,x_only,5,valid,0.5909294417519401,0.59092944175194
fcps_atom,x_only,6,valid,0.6323563744229682,0.632356374422968
fcps_atom,x_only,7,valid,0.7020595407118959,0.702059540711896
fcps_atom,x_only,8,valid,0.9180522510852424,0.918052251085242
fcps_atom,x_only,9,valid,0.546088726931115,0.546088726931115
fcps_atom,x_only,10,valid,0.6348178913158788,0.634817891315879
fcps_atom,x_only,11,valid,0.5544603668167069,0.554460366816707
fcps_atom,x_only,12,valid,0.6662723328763681,0.666272332876368
fcps_atom,x_only,13,valid,0.6691735185573605,0.669173518557361
fcps_atom,x_only,14,valid,0.8140950579397253,0.814095057939725
fcps_atom,x_only,15,valid,0.5680654511119756,0.568065451111976
fcps_atom,x_only,16,valid,0.5930573985734895,0.593057398573489
fcps_atom,x_only,17,valid,0.6238602038669183,0.623860203866918
fcps_atom,x_only,18,valid,0.8532318124082147,0.853231812408214
fcps_atom,x_only,19,valid,0.6073545223593737,0.607354522359374
fcps_atom,x_only,20,valid,0.6073545223593737,0.607354522359374
fcps_atom,x_only,21,valid,0.6073545223593737,0.607354522359374
fcps_atom,x_only,22,valid,1.5259620514204069,1.52596205142041
fcps_atom,x_only,23,invalid,,1.0
fcps_atom,x_only,24,invalid,,1.0
fcps_atom,x_only,25,invalid,,1.0
fcps_atom,x_only,26,valid,1.637311202293235,1.63731120229324
fcps_atom,x_only,27,valid,1.5230805975059574,1.52308059750596
fcps_atom,x_only,28,valid,0.6325692501022948,0.632569250102295
fcps_atom,x_only,29,valid,0.6073545223593737,0.607354522359374
fcps_atom,x_only,30,invalid,,1.0
fcps_atom,x_only,31,valid,0.6824680144721917,0.682468014472192
fcps_atom,xy_2d,0,valid,0.826672681855312,0.826672681855312
fcps_atom,xy_2d,1,valid,0.6972287687793477,0.697228768779348
fcps_atom,xy_2d,2,valid,0.4429394668056234,0.442939466805624
fcps_atom,xy_2d,3,valid,0.3782805093308903,0.37828050933089
fcps_atom,xy_2d,4,valid,0.9690650157401794,0.969065015740179
fcps_atom,xy_2d,5,valid,0.7520677582685904,0.75206775826859
fcps_atom,xy_2d,6,valid,0.4039888225382032,0.403988822538203
fcps_atom,xy_2d,7,valid,0.4083018909860899,0.40830189098609
fcps_atom,xy_2d,8,valid,1.0107849368342154,1.01078493683422
fcps_atom,xy_2d,9,valid,0.5344006781362163,0.534400678136216
fcps_atom,xy_2d,10,valid,0.4774577512441517,0.477457751244152
fcps_atom,xy_2d,11,valid,0.3707603415570053,0.370760341557005
fcps_atom,xy_2d,12,valid,0.434779291636171,0.434779291636171
fcps_atom,xy_2d,13,valid,0.4717495531028037,0.471749553102804
fcps_atom,xy_2d,14,valid,0.8860291337238648,0.886029133723865
fcps_atom,xy_2d,15,valid,0.6850415367099816,0.685041536709982
fcps_atom,xy_2d,16,valid,0.3855050388108607,0.385505038810861
fcps_atom,xy_2d,17,valid,0.3426738223636745,0.342673822363674
fcps_atom,xy_2d,18,valid,0.7769191695287024,0.776919169528702
fcps_atom,xy_2d,19,valid,0.7593635649946997,0.7593635649947
fcps_atom,xy_2d,20,valid,0.571271491399524,0.571271491399524
fcps_atom,xy_2d,21,valid,0.6017482732461351,0.601748273246135
fcps_atom,xy_2d,22,valid,1.4189555290192797,1.41895552901928
fcps_atom,xy_2d,23,valid,1.6179395916459536,1.61793959164595
fcps_atom,xy_2d,24,invalid,,1.0
fcps_atom,xy_2d,25,invalid,,1.0
fcps_atom,xy_2d,26,valid,0.6896822378767591,0.689682237876759
fcps_atom,xy_2d,28,valid,0.3778959058359207,0.377895905835921
fcps_atom,xy_2d,29,valid,0.4206997282585635,0.420699728258563
fcps_atom,xy_2d,30,invalid,,1.0
fcps_atom,xy_2d,31,valid,0.5495228506677844,0.549522850667784
fcps_atom,y_only,0,valid,0.8539065592535151,0.853906559253515
fcps_atom,y_only,1,valid,0.7474024166831722,0.747402416683172
fcps_atom,y_only,2,valid,0.8029277702567472,0.802927770256747
fcps_atom,y_only,3,valid,0.7745536009715632,0.774553600971563
fcps_atom,y_only,4,valid,0.8772281570068716,0.877228157006872
fcps_atom,y_only,5,valid,0.7416874115662468,0.741687411566247
fcps_atom,y_only,6,valid,0.7383348089793103,0.73833480897931
fcps_atom,y_only,7,valid,0.6706289190634136,0.670628919063414
fcps_atom,y_only,8,valid,0.9447268473159438,0.944726847315944
fcps_atom,y_only,9,valid,0.621488030363023,0.621488030363023
fcps_atom,y_only,10,valid,0.7441021229229553,0.744102122922955
fcps_atom,y_only,11,valid,0.7145700162358207,0.714570016235821
fcps_atom,y_only,12,valid,0.7200361359831249,0.720036135983125
fcps_atom,y_only,13,valid,0.7194506291707845,0.719450629170784
fcps_atom,y_only,14,valid,0.8511386524486982,0.851138652448698
fcps_atom,y_only,15,valid,0.6975342765725608,0.697534276572561
fcps_atom,y_only,16,valid,0.8889304427389795,0.88893044273898
fcps_atom,y_only,17,valid,0.793939351027424,0.793939351027424
fcps_atom,y_only,18,valid,0.948158794944536,0.948158794944536
fcps_atom,y_only,19,valid,0.8066531204841867,0.806653120484187
fcps_atom,y_only,20,valid,0.7551019857722622,0.755101985772262
fcps_atom,y_only,21,valid,0.7551019857722622,0.755101985772262
fcps_atom,y_only,22,valid,0.9025610635174248,0.902561063517425
fcps_atom,y_only,23,invalid,,1.0
fcps_atom,y_only,24,invalid,,1.0
fcps_atom,y_only,25,invalid,,1.0
fcps_atom,y_only,26,valid,1.7113036645937607,1.71130366459376
fcps_atom,y_only,27,valid,0.7864003656063174,0.786400365606317
fcps_atom,y_only,28,valid,0.7932333286717201,0.79323332867172
fcps_atom,y_only,29,valid,0.7551019857722622,0.755101985772262
fcps_atom,y_only,30,invalid,,1.0
fcps_atom,y_only,31,valid,0.7171084023006182,0.717108402300618
fcps_chainlink,x_only,0,valid,0.7909459606062286,0.790945960606228
fcps_chainlink,x_only,1,valid,0.7127408095800906,0.71274080958009
fcps_chainlink,x_only,2,valid,0.6840558432307556,0.684055843230755
fcps_chainlink,x_only,3,valid,0.6713745941383256,0.671374594138325
fcps_chainlink,x_only,4,valid,0.792019015610063,0.792019015610063
fcps_chainlink,x_only,5,valid,0.7139587262796022,0.713958726279602
fcps_chainlink,x_only,6,valid,0.6830305612666601,0.68303056126666
fcps_chainlink,x_only,7,valid,0.6836410189956935,0.683641018995693
fcps_chainlink,x_only,8,valid,0.864969150802115,0.864969150802115
fcps_chainlink,x_only,9,valid,0.8001075458684712,0.800107545868471
fcps_chainlink,x_only,10,valid,0.6689915133334272,0.668991513333427
fcps_chainlink,x_only,11,valid,0.7105055170934254,0.710505517093425
fcps_chainlink,x_only,12,valid,0.7092751588015703,0.70927515880157
fcps_chainlink,x_only,13,valid,0.7131917797727433,0.713191779772743
fcps_chainlink,x_only,14,valid,0.8667816389033582,0.866781638903358
fcps_chainlink,x_only,15,valid,0.7322568729608,0.7322568729608
fcps_chainlink,x_only,16,valid,0.6795351503677362,0.679535150367736
fcps_chainlink,x_only,17,valid,0.7293040243245682,0.729304024324568
fcps_chainlink,x_only,18,valid,0.8727013642732628,0.872701364273262
fcps_chainlink,x_only,19,valid,0.7192471098187027,0.719247109818702
fcps_chainlink,x_only,20,valid,0.7192471098187027,0.719247109818702
fcps_chainlink,x_only,21,valid,0.7192471098187027,0.719247109818702
fcps_chainlink,x_only,22,invalid,,1.0
fcps_chainlink,x_only,23,invalid,,1.0
fcps_chainlink,x_only,24,invalid,,1.0
fcps_chainlink,x_only,25,invalid,,1.0
fcps_chainlink,x_only,26,valid,1.6819773341357096,1.68197733413571
fcps_chainlink,x_only,27,valid,0.9448265743228226,0.944826574322822
fcps_chainlink,x_only,28,valid,0.7614233973048897,0.761423397304889
fcps_chainlink,x_only,29,valid,0.7192471098187027,0.719247109818702
fcps_chainlink,x_only,30,invalid,,1.0
fcps_chainlink,x_only,31,valid,0.7179583087175888,0.717958308717589
fcps_chainlink,xy_2d,0,valid,0.7772621151670686,0.777262115167068
fcps_chainlink,xy_2d,1,valid,0.5685947939203664,0.568594793920366
fcps_chainlink,xy_2d,2,valid,0.4836260688575873,0.483626068857587
fcps_chainlink,xy_2d,3,valid,0.3985804962368567,0.398580496236857
fcps_chainlink,xy_2d,4,valid,0.7826465388756826,0.782646538875682
fcps_chainlink,xy_2d,5,valid,0.5640928676680019,0.564092867668002
fcps_chainlink,xy_2d,6,valid,0.4755126663844122,0.475512666384412
fcps_chainlink,xy_2d,7,valid,0.3947443121519211,0.394744312151921
fcps_chainlink,xy_2d,8,valid,0.7829121495581453,0.782912149558145
fcps_chainlink,xy_2d,9,valid,0.5941285577048072,0.594128557704807
fcps_chainlink,xy_2d,10,valid,0.5905904821082857,0.590590482108285
fcps_chainlink,xy_2d,11,valid,0.4315000990744768,0.431500099074477
fcps_chainlink,xy_2d,12,valid,0.4867954912468087,0.486795491246809
fcps_chainlink,xy_2d,13,valid,0.4470669128656143,0.447066912865614
fcps_chainlink,xy_2d,14,valid,0.7377668956984862,0.737766895698486
fcps_chainlink,xy_2d,15,valid,0.5858561598598122,0.585856159859812
fcps_chainlink,xy_2d,16,valid,0.4569720794895415,0.456972079489541
fcps_chainlink,xy_2d,17,valid,0.4089674950576801,0.40896749505768
fcps_chainlink,xy_2d,18,valid,0.8410942089192022,0.841094208919202
fcps_chainlink,xy_2d,19,valid,0.5864410696239454,0.586441069623945
fcps_chainlink,xy_2d,20,valid,0.546834239205074,0.546834239205074
fcps_chainlink,xy_2d,21,valid,0.410436867899382,0.410436867899382
fcps_chainlink,xy_2d,22,valid,1.3273089214327185,1.32730892143272
fcps_chainlink,xy_2d,23,invalid,,1.0
fcps_chainlink,xy_2d,24,invalid,,1.0
fcps_chainlink,xy_2d,25,invalid,,1.0
fcps_chainlink,xy_2d,26,valid,0.9567627020770132,0.956762702077013
fcps_chainlink,xy_2d,27,valid,1.3383364819678385,1.33833648196784
fcps_chainlink,xy_2d,28,valid,0.3628751156902456,0.362875115690246
fcps_chainlink,xy_2d,29,valid,0.3889593936330098,0.38895939363301
fcps_chainlink,xy_2d,30,invalid,,1.0
fcps_chainlink,xy_2d,31,valid,0.4036841559058061,0.403684155905806
fcps_chainlink,y_only,0,valid,0.7722071738694586,0.772207173869458
fcps_chainlink,y_only,1,valid,0.6536244001712054,0.653624400171205
fcps_chainlink,y_only,2,valid,0.6296499220946465,0.629649922094646
fcps_chainlink,y_only,3,valid,0.6289327607933751,0.628932760793375
fcps_chainlink,y_only,4,valid,0.7734302543613369,0.773430254361336
fcps_chainlink,y_only,5,valid,0.6527262404454143,0.652726240445414
fcps_chainlink,y_only,6,valid,0.6354071527173695,0.635407152717369
fcps_chainlink,y_only,7,valid,0.6432281630219342,0.643228163021934
fcps_chainlink,y_only,8,valid,0.7728509832616026,0.772850983261602
fcps_chainlink,y_only,9,valid,0.6672196838958547,0.667219683895854
fcps_chainlink,y_only,10,valid,0.658599432707382,0.658599432707382
fcps_chainlink,y_only,11,valid,0.6482936007965812,0.648293600796581
fcps_chainlink,y_only,12,valid,0.6136813392545384,0.613681339254538
fcps_chainlink,y_only,13,valid,0.63473402573045,0.63473402573045
fcps_chainlink,y_only,14,valid,0.7978719261430379,0.797871926143037
fcps_chainlink,y_only,15,valid,0.6532799621541886,0.653279962154188
fcps_chainlink,y_only,16,valid,0.6576764596050523,0.657676459605052
fcps_chainlink,y_only,17,valid,0.6383007942351854,0.638300794235185
fcps_chainlink,y_only,18,valid,0.7792421900376816,0.779242190037681
fcps_chainlink,y_only,19,valid,0.6641771698860699,0.66417716988607
fcps_chainlink,y_only,20,valid,0.6641771698860699,0.66417716988607
fcps_chainlink,y_only,21,valid,0.6641771698860699,0.66417716988607
fcps_chainlink,y_only,22,invalid,,1.0
fcps_chainlink,y_only,23,invalid,,1.0
fcps_chainlink,y_only,24,invalid,,1.0
fcps_chainlink,y_only,25,invalid,,1.0
fcps_chainlink,y_only,26,valid,1.506266191355468,1.50626619135547
fcps_chainlink,y_only,27,valid,0.8962531994518617,0.896253199451861
fcps_chainlink,y_only,28,valid,0.6334361505496198,0.633436150549619
fcps_chainlink,y_only,29,valid,0.6641771698860699,0.66417716988607
fcps_chainlink,y_only,30,invalid,,1.0
fcps_chainlink,y_only,31,valid,0.6850080625773624,0.685008062577362
fcps_engytime,x_only,0,valid,0.8213350493475075,0.821335049347508
fcps_engytime,x_only,1,valid,0.759993502887337,0.759993502887338
fcps_engytime,x_only,2,valid,0.721219035522746,0.721219035522747
fcps_engytime,x_only,3,valid,0.7180897263490921,0.718089726349093
fcps_engytime,x_only,4,valid,0.8275861723163317,0.827586172316333
fcps_engytime,x_only,5,valid,0.7613295259949575,0.761329525994958
fcps_engytime,x_only,6,valid,0.7317501326612288,0.73175013266123
fcps_engytime,x_only,7,valid,0.7121347904948819,0.712134790494883
fcps_engytime,x_only,8,valid,0.8382762781689279,0.838276278168929
fcps_engytime,x_only,9,valid,0.7636890974824139,0.763689097482415
fcps_engytime,x_only,10,valid,0.7227013362724423,0.722701336272443
fcps_engytime,x_only,11,valid,0.7231564304011162,0.723156430401117
fcps_engytime,x_only,12,valid,0.7161182096311397,0.716118209631141
fcps_engytime,x_only,13,valid,0.7182790248496753,0.718279024849676
fcps_engytime,x_only,14,valid,0.8159454605729822,0.815945460572984
fcps_engytime,x_only,15,valid,0.7754938931595196,0.775493893159521
fcps_engytime,x_only,16,valid,0.7461846034122539,0.746184603412255
fcps_engytime,x_only,17,valid,0.7237165116792181,0.723716511679219
fcps_engytime,x_only,18,valid,0.8133262681279703,0.813326268127971
fcps_engytime,x_only,19,valid,0.8325849410246283,0.832584941024629
fcps_engytime,x_only,20,valid,0.8275954829636027,0.827595482963604
fcps_engytime,x_only,21,valid,0.7463482129158262,0.746348212915827
fcps_engytime,x_only,22,valid,1.800479369629826,1.80047936962983
fcps_engytime,x_only,23,invalid,,1.75325109829551
fcps_engytime,x_only,24,invalid,,1.81364372798746
fcps_engytime,x_only,25,invalid,,1.0
fcps_engytime,x_only,26,valid,1.9103355384444536,1.91033553844446
fcps_engytime,x_only,27,valid,1.5405841783017982,1.5405841783018
fcps_engytime,x_only,28,valid,0.7139878148790564,0.713987814879057
fcps_engytime,x_only,29,valid,0.900836127218658,0.900836127218659
fcps_engytime,x_only,30,invalid,,1.0
fcps_engytime,x_only,31,valid,0.7290112234482792,0.72901122344828
fcps_engytime,xy_2d,0,valid,0.7451925770924565,0.745192577092457
fcps_engytime,xy_2d,1,valid,0.6016582838734166,0.601658283873418
fcps_engytime,xy_2d,2,valid,0.5439959916744487,0.54399599167445
fcps_engytime,xy_2d,3,valid,0.4813826653152435,0.481382665315244
fcps_engytime,xy_2d,4,valid,0.7469592723204577,0.746959272320459
fcps_engytime,xy_2d,5,valid,0.6023249061673489,0.60232490616735
fcps_engytime,xy_2d,6,valid,0.5590310397425877,0.559031039742589
fcps_engytime,xy_2d,7,valid,0.5657319962014231,0.565731996201424
fcps_engytime,xy_2d,8,valid,0.7418917579632702,0.741891757963272
fcps_engytime,xy_2d,9,valid,0.6313478807981014,0.631347880798103
fcps_engytime,xy_2d,10,valid,0.54845197175593,0.548451971755931
fcps_engytime,xy_2d,11,valid,0.4863783913006833,0.486378391300684
fcps_engytime,xy_2d,12,valid,0.4742542612242593,0.47425426122426
fcps_engytime,xy_2d,13,valid,0.4480488914317771,0.448048891431778
fcps_engytime,xy_2d,14,valid,0.7491728817430063,0.749172881743008
fcps_engytime,xy_2d,15,valid,0.6230215862491054,0.623021586249107
fcps_engytime,xy_2d,16,valid,0.5757894773763946,0.575789477376396
fcps_engytime,xy_2d,17,valid,0.4930813909105209,0.493081390910522
fcps_engytime,xy_2d,18,valid,0.9240876427497976,0.924087642749799
fcps_engytime,xy_2d,19,valid,0.8440080833745978,0.8440080833746
fcps_engytime,xy_2d,20,valid,0.7176167081501706,0.717616708150172
fcps_engytime,xy_2d,21,valid,0.5088671899106908,0.508867189910692
fcps_engytime,xy_2d,22,valid,1.5809215961499,1.5809215961499
fcps_engytime,xy_2d,23,invalid,,1.81830837085406
fcps_engytime,xy_2d,24,invalid,,1.99904823680567
fcps_engytime,xy_2d,25,invalid,,1.0
fcps_engytime,xy_2d,26,valid,1.1093683430988963,1.1093683430989
fcps_engytime,xy_2d,27,valid,0.946562810555791,0.946562810555792
fcps_engytime,xy_2d,28,valid,0.4791624062999702,0.479162406299971
fcps_engytime,xy_2d,29,valid,0.5280195134368655,0.528019513436866
fcps_engytime,xy_2d,30,invalid,,1.0
fcps_engytime,xy_2d,31,valid,0.4290816494455056,0.429081649445506
fcps_engytime,y_only,0,valid,0.7925756034284299,0.792575603428431
fcps_engytime,y_only,1,valid,0.7349849033607795,0.734984903360781
fcps_engytime,y_only,2,valid,0.7004631899364407,0.700463189936442
fcps_engytime,y_only,3,valid,0.6857933600471401,0.685793360047141
fcps_engytime,y_only,4,valid,0.788043523975535,0.788043523975536
fcps_engytime,y_only,5,valid,0.7352278836307969,0.735227883630798
fcps_engytime,y_only,6,valid,0.7015579814082264,0.701557981408227
fcps_engytime,y_only,7,valid,0.6952777625976335,0.695277762597635
fcps_engytime,y_only,8,valid,0.7938398285066022,0.793839828506603
fcps_engytime,y_only,9,valid,0.7326797480280559,0.732679748028057
fcps_engytime,y_only,10,valid,0.6988403569882382,0.698840356988239
fcps_engytime,y_only,11,valid,0.6922207718392208,0.692220771839222
fcps_engytime,y_only,12,valid,0.6805374045168505,0.680537404516852
fcps_engytime,y_only,13,valid,0.6835364325713873,0.683536432571388
fcps_engytime,y_only,14,valid,0.8394525843817078,0.839452584381709
fcps_engytime,y_only,15,valid,0.7322915649629462,0.732291564962947
fcps_engytime,y_only,16,valid,0.7324814655468452,0.732481465546846
fcps_engytime,y_only,17,valid,0.7142303684576635,0.714230368457665
fcps_engytime,y_only,18,valid,0.7859694725757456,0.785969472575747
fcps_engytime,y_only,19,valid,0.7720367061546861,0.772036706154687
fcps_engytime,y_only,20,valid,0.7025749481638346,0.702574948163836
fcps_engytime,y_only,21,valid,0.7025749481638345,0.702574948163835
fcps_engytime,y_only,22,invalid,,1.74628161110306
fcps_engytime,y_only,23,invalid,,1.89827098064083
fcps_engytime,y_only,24,invalid,,1.99961488918152
fcps_engytime,y_only,25,invalid,,1.0
fcps_engytime,y_only,26,valid,1.8149332011813664,1.81493320118137
fcps_engytime,y_only,27,valid,1.389671237884994,1.389671237885
fcps_engytime,y_only,28,valid,0.695966476726809,0.69596647672681
fcps_engytime,y_only,29,valid,0.7025749481638345,0.702574948163835
fcps_engytime,y_only,30,invalid,,1.0
fcps_engytime,y_only,31,valid,0.6768420581894511,0.676842058189452
fcps_lsun,x_only,0,valid,0.7426230273440495,0.74262302734405
fcps_lsun,x_only,1,valid,0.7530938204341947,0.753093820434195
fcps_lsun,x_only,2,valid,0.7259275074221425,0.725927507422143
fcps_lsun,x_only,3,valid,0.7940480266940635,0.794048026694063
fcps_lsun,x_only,4,valid,0.7426230273440495,0.74262302734405
fcps_lsun,x_only,5,valid,0.7530938204341947,0.753093820434195
fcps_lsun,x_only,6,valid,0.7334554422017218,0.733455442201722
fcps_lsun,x_only,7,valid,0.7436991427645909,0.743699142764591
fcps_lsun,x_only,8,valid,0.7426230273440495,0.74262302734405
fcps_lsun,x_only,9,valid,0.7259051120160882,0.725905112016088
fcps_lsun,x_only,10,valid,0.7303644474158539,0.730364447415854
fcps_lsun,x_only,11,valid,0.7613170292709264,0.761317029270926
fcps_lsun,x_only,12,valid,0.7679039443162575,0.767903944316258
fcps_lsun,x_only,13,valid,0.8389116162953214,0.838911616295321
fcps_lsun,x_only,14,valid,0.7663057289431021,0.766305728943102
fcps_lsun,x_only,15,valid,0.7530938204341947,0.753093820434195
fcps_lsun,x_only,16,valid,0.7624388851971489,0.762438885197149
fcps_lsun,x_only,17,valid,0.858975093911988,0.858975093911988
fcps_lsun,x_only,18,valid,0.7737491455631533,0.773749145563153
fcps_lsun,x_only,19,valid,0.7638212585364761,0.763821258536476
fcps_lsun,x_only,20,valid,0.7638212585364761,0.763821258536476
fcps_lsun,x_only,21,valid,0.7638212585364761,0.763821258536476
fcps_lsun,x_only,22,valid,1.6197239261498235,1.61972392614982
fcps_lsun,x_only,23,invalid,,1.99833932968432
fcps_lsun,x_only,24,invalid,,1.99833932968432
fcps_lsun,x_only,25,invalid,,1.0
fcps_lsun,x_only,26,valid,1.459606111200269,1.45960611120027
fcps_lsun,x_only,27,valid,1.6271612187325268,1.62716121873253
fcps_lsun,x_only,28,valid,0.8660172533186083,0.866017253318609
fcps_lsun,x_only,29,valid,0.7638212585364761,0.763821258536476
fcps_lsun,x_only,30,invalid,,1.0
fcps_lsun,x_only,31,valid,0.8605075421520153,0.860507542152015
fcps_lsun,xy_2d,0,valid,0.8670803008699718,0.867080300869972
fcps_lsun,xy_2d,1,valid,0.5676875719764805,0.56768757197648
fcps_lsun,xy_2d,2,valid,0.4204159263828488,0.420415926382849
fcps_lsun,xy_2d,3,valid,0.3910369238709649,0.391036923870965
fcps_lsun,xy_2d,4,valid,0.7354756145754663,0.735475614575466
fcps_lsun,xy_2d,5,valid,0.5703508833909325,0.570350883390933
fcps_lsun,xy_2d,6,valid,0.5415792289177666,0.541579228917767
fcps_lsun,xy_2d,7,valid,0.3912216746629139,0.391221674662914
fcps_lsun,xy_2d,8,valid,0.8572509787781061,0.857250978778106
fcps_lsun,xy_2d,9,valid,0.6141994056974033,0.614199405697403
fcps_lsun,xy_2d,10,valid,0.4401609847041734,0.440160984704174
fcps_lsun,xy_2d,11,valid,0.4846996541861447,0.484699654186145
fcps_lsun,xy_2d,12,valid,0.3431682900089344,0.343168290008934
fcps_lsun,xy_2d,13,valid,0.4119785454532459,0.411978545453246
fcps_lsun,xy_2d,14,valid,0.7574691924536823,0.757469192453682
fcps_lsun,xy_2d,15,valid,0.563473546465173,0.563473546465173
fcps_lsun,xy_2d,16,valid,0.4793142559494056,0.479314255949406
fcps_lsun,xy_2d,17,valid,0.4069934998809575,0.406993499880958
fcps_lsun,xy_2d,18,valid,0.752359174066628,0.752359174066628
fcps_lsun,xy_2d,19,valid,0.5329907345194789,0.532990734519479
fcps_lsun,xy_2d,20,valid,0.5585835317184793,0.558583531718479
fcps_lsun,xy_2d,21,valid,0.4258858112958092,0.425885811295809
fcps_lsun,xy_2d,22,valid,1.32,1.32
fcps_lsun,xy_2d,23,valid,1.5477428083864648,1.54774280838646
fcps_lsun,xy_2d,24,invalid,,0.990274712190599
fcps_lsun,xy_2d,25,invalid,,0.990274712190599
fcps_lsun,xy_2d,26,valid,1.6142869741825256,1.61428697418253
fcps_lsun,xy_2d,27,valid,0.6141994056974033,0.614199405697403
fcps_lsun,xy_2d,28,valid,0.3332365754394268,0.333236575439427
fcps_lsun,xy_2d,29,valid,0.3594239401002124,0.359423940100212
fcps_lsun,xy_2d,30,invalid,,0.990274712190599
fcps_lsun,xy_2d,31,valid,0.4027902076781427,0.402790207678143
fcps_lsun,y_only,0,valid,0.7814492829126304,0.78144928291263
fcps_lsun,y_only,1,valid,0.7603720883739565,0.760372088373957
fcps_lsun,y_only,2,valid,0.9535461958754798,0.95354619587548
fcps_lsun,y_only,3,valid,0.9463636231994662,0.946363623199466
fcps_lsun,y_only,4,valid,0.8056944290831171,0.805694429083117
fcps_lsun,y_only,5,valid,0.7603720883739565,0.760372088373957
fcps_lsun,y_only,6,valid,0.9536931409512835,0.953693140951284
fcps_lsun,y_only,7,valid,0.9192047970978914,0.919204797097891
fcps_lsun,y_only,8,valid,0.7558064899817354,0.755806489981735
fcps_lsun,y_only,9,valid,0.7526797875957858,0.752679787595786
fcps_lsun,y_only,10,valid,0.8798325409127388,0.879832540912739
fcps_lsun,y_only,11,valid,1.0191160561804584,1.01911605618046
fcps_lsun,y_only,12,valid,1.1375448291105448,1.13754482911054
fcps_lsun,y_only,13,valid,1.16107030355754,1.16107030355754
fcps_lsun,y_only,14,valid,0.7558064899817354,0.755806489981735
fcps_lsun,y_only,15,valid,0.7763811353305917,0.776381135330592
fcps_lsun,y_only,16,valid,1.0204084473065262,1.02040844730653
fcps_lsun,y_only,17,valid,1.103643038174397,1.1036430381744
fcps_lsun,y_only,18,valid,0.9583503219996392,0.958350321999639
fcps_lsun,y_only,19,valid,0.7626776161511044,0.762677616151104
fcps_lsun,y_only,20,valid,0.7626776161511044,0.762677616151104
fcps_lsun,y_only,21,valid,0.7626776161511044,0.762677616151104
fcps_lsun,y_only,22,valid,0.7558064899817354,0.755806489981735
fcps_lsun,y_only,23,valid,0.7558064899817354,0.755806489981735
fcps_lsun,y_only,24,valid,0.7558064899817354,0.755806489981735
fcps_lsun,y_only,25,invalid,,1.0
fcps_lsun,y_only,26,valid,1.667868043373844,1.66786804337384
fcps_lsun,y_only,27,valid,0.7558064899817354,0.755806489981735
fcps_lsun,y_only,28,valid,1.0628255556231458,1.06282555562315
fcps_lsun,y_only,29,valid,0.7626776161511044,0.762677616151104
fcps_lsun,y_only,30,invalid,,1.0
fcps_lsun,y_only,31,valid,1.0711540899415954,1.0711540899416
fcps_tetra,x_only,0,valid,0.8249357717520527,0.824935771752053
fcps_tetra,x_only,1,valid,0.7917784088031801,0.79177840880318
fcps_tetra,x_only,2,valid,0.8112521937453034,0.811252193745303
fcps_tetra,x_only,3,valid,0.8370641928729843,0.837064192872984
fcps_tetra,x_only,4,valid,0.8219441737090944,0.821944173709094
fcps_tetra,x_only,5,valid,0.8106035441991523,0.810603544199152
fcps_tetra,x_only,6,valid,0.8024307355603387,0.802430735560339
fcps_tetra,x_only,7,valid,0.824729227009066,0.824729227009066
fcps_tetra,x_only,8,valid,0.81437191576599,0.81437191576599
fcps_tetra,x_only,9,valid,0.7970529699753994,0.797052969975399
fcps_tetra,x_only,10,valid,0.7826941508526721,0.782694150852672
fcps_tetra,x_only,11,valid,0.8260404270151303,0.82604042701513
fcps_tetra,x_only,12,valid,0.8342262395140428,0.834226239514043
fcps_tetra,x_only,13,valid,0.8650062707222319,0.865006270722232
fcps_tetra,x_only,14,valid,0.9274340119670073,0.927434011967007
fcps_tetra,x_only,15,valid,0.8135991285011797,0.81359912850118
fcps_tetra,x_only,16,valid,0.8095318303269041,0.809531830326904
fcps_tetra,x_only,17,valid,0.845341232899734,0.845341232899734
fcps_tetra,x_only,18,valid,0.8237991144560276,0.823799114456027
fcps_tetra,x_only,19,valid,0.8749959515743965,0.874995951574396
fcps_tetra,x_only,20,valid,0.8240212344683246,0.824021234468325
fcps_tetra,x_only,21,valid,0.8240212344683248,0.824021234468325
fcps_tetra,x_only,22,valid,1.6657162349594574,1.66571623495946
fcps_tetra,x_only,23,invalid,,1.99299264922309
fcps_tetra,x_only,24,invalid,,1.0
fcps_tetra,x_only,25,invalid,,1.0
fcps_tetra,x_only,26,valid,1.7108303760232086,1.71083037602321
fcps_tetra,x_only,27,valid,1.271178015776861,1.27117801577686
fcps_tetra,x_only,28,valid,0.9292734758063432,0.929273475806343
fcps_tetra,x_only,29,valid,0.8240212344683248,0.824021234468325
fcps_tetra,x_only,30,invalid,,1.0
fcps_tetra,x_only,31,valid,1.0322514025856138,1.03225140258561
fcps_tetra,xy_2d,0,valid,0.8366641841271615,0.836664184127161
fcps_tetra,xy_2d,1,valid,0.5611005464135208,0.561100546413521
fcps_tetra,xy_2d,2,valid,0.5297481753932529,0.529748175393253
fcps_tetra,xy_2d,3,valid,0.5496231443396127,0.549623144339613
fcps_tetra,xy_2d,4,valid,0.7733941345404756,0.773394134540475
fcps_tetra,xy_2d,5,valid,0.5661932932549376,0.566193293254938
fcps_tetra,xy_2d,6,valid,0.6054029857307048,0.605402985730705
fcps_tetra,xy_2d,7,valid,0.5828756408586266,0.582875640858627
fcps_tetra,xy_2d,8,valid,0.8668372464988834,0.866837246498883
fcps_tetra,xy_2d,9,valid,0.5609516138177745,0.560951613817774
fcps_tetra,xy_2d,10,valid,0.5367076430677669,0.536707643067767
fcps_tetra,xy_2d,11,valid,0.5737320683990746,0.573732068399075
fcps_tetra,xy_2d,12,valid,0.5021989986685581,0.502198998668558
fcps_tetra,xy_2d,13,valid,0.4783478165094507,0.478347816509451
fcps_tetra,xy_2d,14,valid,0.8684757875422164,0.868475787542216
fcps_tetra,xy_2d,15,valid,0.6814085072239173,0.681408507223917
fcps_tetra,xy_2d,16,valid,0.5626186492946403,0.56261864929464
fcps_tetra,xy_2d,17,valid,0.4951515254403887,0.495151525440389
fcps_tetra,xy_2d,18,valid,0.7890899812393696,0.789089981239369
fcps_tetra,xy_2d,19,valid,0.6217796117613821,0.621779611761382
fcps_tetra,xy_2d,20,valid,0.5689516557815208,0.568951655781521
fcps_tetra,xy_2d,21,valid,0.5761126977590026,0.576112697759003
fcps_tetra,xy_2d,22,valid,1.2,1.2
fcps_tetra,xy_2d,23,valid,1.9544937218256648,1.95449372182566
fcps_tetra,xy_2d,24,invalid,,0.987406925162112
fcps_tetra,xy_2d,25,invalid,,0.987406925162112
fcps_tetra,xy_2d,26,valid,1.0038528662812307,1.00385286628123
fcps_tetra,xy_2d,28,valid,0.4987302163341233,0.498730216334123
fcps_tetra,xy_2d,29,valid,0.5734106816212361,0.573410681621236
fcps_tetra,xy_2d,30,invalid,,0.987406925162112
fcps_tetra,xy_2d,31,valid,0.5573388966217447,0.557338896621745
fcps_tetra,y_only,0,valid,0.840767969202541,0.840767969202541
fcps_tetra,y_only,1,valid,0.7955296385747563,0.795529638574756
fcps_tetra,y_only,2,valid,0.87690851931841,0.87690851931841
fcps_tetra,y_only,3,valid,0.8380240486470161,0.838024048647016
fcps_tetra,y_only,4,valid,0.840767969202541,0.840767969202541
fcps_tetra,y_only,5,valid,0.8098195929608407,0.809819592960841
fcps_tetra,y_only,6,valid,0.8314088525405847,0.831408852540585
fcps_tetra,y_only,7,valid,0.8219816512026697,0.82198165120267
fcps_tetra,y_only,8,valid,0.8385777589128272,0.838577758912827
fcps_tetra,y_only,9,valid,0.7943583306998534,0.794358330699853
fcps_tetra,y_only,10,valid,0.8889247775871141,0.888924777587114
fcps_tetra,y_only,11,valid,0.855454958297268,0.855454958297268
fcps_tetra,y_only,12,valid,0.8910396452055727,0.891039645205573
fcps_tetra,y_only,13,valid,0.8766088398965849,0.876608839896585
fcps_tetra,y_only,14,valid,0.8508999060534261,0.850899906053426
fcps_tetra,y_only,15,valid,0.8668108304974267,0.866810830497427
fcps_tetra,y_only,16,valid,0.8788059053778289,0.878805905377829
fcps_tetra,y_only,17,valid,0.8527162029589215,0.852716202958921
fcps_tetra,y_only,18,valid,0.9062263506176046,0.906226350617605
fcps_tetra,y_only,19,valid,0.8435479817481418,0.843547981748142
fcps_tetra,y_only,20,valid,0.8435479817481418,0.843547981748142
fcps_tetra,y_only,21,valid,0.8435479817481418,0.843547981748142
fcps_tetra,y_only,22,invalid,,1.99896853407559
fcps_tetra,y_only,23,invalid,,1.0
fcps_tetra,y_only,24,invalid,,1.0
fcps_tetra,y_only,25,invalid,,1.0
fcps_tetra,y_only,26,valid,1.4357352748093866,1.43573527480939
fcps_tetra,y_only,27,valid,1.0769782037462663,1.07697820374627
fcps_tetra,y_only,28,valid,0.863197919179496,0.863197919179496
fcps_tetra,y_only,29,valid,0.8435479817481418,0.843547981748142
fcps_tetra,y_only,30,invalid,,1.0
fcps_tetra,y_only,31,valid,0.9134781206396576,0.913478120639658
fcps_twodiamonds,x_only,0,valid,0.727287822994438,0.727287822994438
fcps_twodiamonds,x_only,1,valid,0.8043247053979424,0.804324705397943
fcps_twodiamonds,x_only,2,valid,0.7688073023600712,0.768807302360071
fcps_twodiamonds,x_only,3,valid,0.8259731323420353,0.825973132342035
fcps_twodiamonds,x_only,4,valid,0.727287822994438,0.727287822994438
fcps_twodiamonds,x_only,5,valid,0.8051531570154571,0.805153157015457
fcps_twodiamonds,x_only,6,valid,0.7680147802402202,0.76801478024022
fcps_twodiamonds,x_only,7,valid,0.8175656981661392,0.817565698166139
fcps_twodiamonds,x_only,8,valid,0.727287822994438,0.727287822994438
fcps_twodiamonds,x_only,9,valid,0.8002099537310841,0.800209953731084
fcps_twodiamonds,x_only,10,valid,0.774402024056289,0.774402024056289
fcps_twodiamonds,x_only,11,valid,0.8284240325224935,0.828424032522494
fcps_twodiamonds,x_only,12,valid,0.8901937975011853,0.890193797501185
fcps_twodiamonds,x_only,13,valid,0.879075165315657,0.879075165315657
fcps_twodiamonds,x_only,14,valid,0.727287822994438,0.727287822994438
fcps_twodiamonds,x_only,15,valid,0.7744007429672785,0.774400742967278
fcps_twodiamonds,x_only,16,valid,0.8041974437537767,0.804197443753777
fcps_twodiamonds,x_only,17,valid,0.8152509372089248,0.815250937208925
fcps_twodiamonds,x_only,18,valid,0.7275914265611484,0.727591426561148
fcps_twodiamonds,x_only,19,valid,0.7275914265611484,0.727591426561148
fcps_twodiamonds,x_only,20,valid,0.7275914265611484,0.727591426561148
fcps_twodiamonds,x_only,21,valid,0.7275914265611484,0.727591426561148
fcps_twodiamonds,x_only,22,valid,1.3419077590900543,1.34190775909005
fcps_twodiamonds,x_only,23,invalid,,1.0
fcps_twodiamonds,x_only,24,invalid,,1.0
fcps_twodiamonds,x_only,25,invalid,,1.0
fcps_twodiamonds,x_only,26,valid,1.711941731337519,1.71194173133752
fcps_twodiamonds,x_only,27,valid,1.7248676213551688,1.72486762135517
fcps_twodiamonds,x_only,28,valid,0.8902927824412029,0.890292782441203
fcps_twodiamonds,x_only,29,valid,0.7275914265611484,0.727591426561148
fcps_twodiamonds,x_only,30,invalid,,1.0
fcps_twodiamonds,x_only,31,valid,0.8965350548569155,0.896535054856916
fcps_twodiamonds,xy_2d,0,valid,0.8213290135980474,0.821329013598047
fcps_twodiamonds,xy_2d,1,valid,0.6371481297630058,0.637148129763006
fcps_twodiamonds,xy_2d,2,valid,0.5073078655710835,0.507307865571084
fcps_twodiamonds,xy_2d,3,valid,0.4955165582261196,0.49551655822612
fcps_twodiamonds,xy_2d,4,valid,0.727589547132369,0.727589547132369
fcps_twodiamonds,xy_2d,5,valid,0.6642929761817766,0.664292976181777
fcps_twodiamonds,xy_2d,6,valid,0.5152533696299072,0.515253369629907
fcps_twodiamonds,xy_2d,7,valid,0.529179985119542,0.529179985119542
fcps_twodiamonds,xy_2d,8,valid,0.8213835473677568,0.821383547367757
fcps_twodiamonds,xy_2d,9,valid,0.9679489182597022,0.967948918259702
fcps_twodiamonds,xy_2d,10,valid,0.6164595955119656,0.616459595511966
fcps_twodiamonds,xy_2d,11,valid,0.5905819619630199,0.59058196196302
fcps_twodiamonds,xy_2d,12,valid,0.4624393109833054,0.462439310983305
fcps_twodiamonds,xy_2d,13,valid,0.5185632625499886,0.518563262549989
fcps_twodiamonds,xy_2d,14,valid,0.727589547132369,0.727589547132369
fcps_twodiamonds,xy_2d,15,valid,0.6704492429404614,0.670449242940461
fcps_twodiamonds,xy_2d,16,valid,0.5441221016806413,0.544122101680641
fcps_twodiamonds,xy_2d,17,valid,0.4877088173141081,0.487708817314108
fcps_twodiamonds,xy_2d,18,valid,0.8512129953891509,0.851212995389151
fcps_twodiamonds,xy_2d,19,valid,0.6948336144922779,0.694833614492278
fcps_twodiamonds,xy_2d,20,valid,0.5519464456724591,0.551946445672459
fcps_twodiamonds,xy_2d,21,valid,0.5199559041666862,0.519955904166686
fcps_twodiamonds,xy_2d,22,valid,1.6610967716680267,1.66109677166803
fcps_twodiamonds,xy_2d,23,invalid,,1.0
fcps_twodiamonds,xy_2d,24,invalid,,1.0
fcps_twodiamonds,xy_2d,25,invalid,,1.0
fcps_twodiamonds,xy_2d,26,valid,1.2406174900496558,1.24061749004966
fcps_twodiamonds,xy_2d,27,valid,1.7169371366472408,1.71693713664724
fcps_twodiamonds,xy_2d,28,valid,0.4729696465620571,0.472969646562057
fcps_twodiamonds,xy_2d,29,valid,0.5578001286494252,0.557800128649425
fcps_twodiamonds,xy_2d,30,invalid,,1.0
fcps_twodiamonds,xy_2d,31,valid,0.4904028933153339,0.490402893315334
fcps_twodiamonds,y_only,0,valid,0.8223702153951012,0.822370215395101
fcps_twodiamonds,y_only,1,valid,0.7833882051558352,0.783388205155835
fcps_twodiamonds,y_only,2,valid,0.7990381354676267,0.799038135467627
fcps_twodiamonds,y_only,3,valid,0.801872955968775,0.801872955968775
fcps_twodiamonds,y_only,4,valid,0.8235267302100209,0.823526730210021
fcps_twodiamonds,y_only,5,valid,0.7750995807239913,0.775099580723991
fcps_twodiamonds,y_only,6,valid,0.7597332177958505,0.75973321779585
fcps_twodiamonds,y_only,7,valid,0.7463714983959848,0.746371498395985
fcps_twodiamonds,y_only,8,valid,0.8259039102327675,0.825903910232768
fcps_twodiamonds,y_only,9,valid,0.8053645354694898,0.80536453546949
fcps_twodiamonds,y_only,10,valid,0.7772107366537732,0.777210736653773
fcps_twodiamonds,y_only,11,valid,0.8004267601355741,0.800426760135574
fcps_twodiamonds,y_only,12,valid,0.7754051361635287,0.775405136163529
fcps_twodiamonds,y_only,13,valid,0.8060746810974304,0.806074681097431
fcps_twodiamonds,y_only,14,valid,0.8409420109882696,0.84094201098827
fcps_twodiamonds,y_only,15,valid,0.7843501412632059,0.784350141263206
fcps_twodiamonds,y_only,16,valid,0.7744806347752882,0.774480634775288
fcps_twodiamonds,y_only,17,valid,0.7405693131480655,0.740569313148066
fcps_twodiamonds,y_only,18,valid,0.953930110548139,0.953930110548139
fcps_twodiamonds,y_only,19,valid,0.835001116162443,0.835001116162443
fcps_twodiamonds,y_only,20,valid,0.7736409131417462,0.773640913141746
fcps_twodiamonds,y_only,21,valid,0.7736409131417462,0.773640913141746
fcps_twodiamonds,y_only,22,invalid,,1.9974745021544
fcps_twodiamonds,y_only,23,invalid,,1.0
fcps_twodiamonds,y_only,24,invalid,,1.0
fcps_twodiamonds,y_only,25,invalid,,1.0
fcps_twodiamonds,y_only,26,valid,1.6543199134674569,1.65431991346746
fcps_twodiamonds,y_only,27,valid,0.9683623638667362,0.968362363866737
fcps_twodiamonds,y_only,28,valid,0.7521133304846701,0.75211333048467
fcps_twodiamonds,y_only,29,valid,0.7736409131417462,0.773640913141746
fcps_twodiamonds,y_only,30,invalid,,1.0
fcps_twodiamonds,y_only,31,valid,0.8242318705006204,0.82423187050062
fcps_wingnut,x_only,0,valid,0.724245152313288,0.724245152313288
fcps_wingnut,x_only,1,valid,0.7596026613993696,0.75960266139937
fcps_wingnut,x_only,2,valid,0.652779454557282,0.652779454557282
fcps_wingnut,x_only,3,valid,0.7057306001184573,0.705730600118457
fcps_wingnut,x_only,4,valid,0.724245152313288,0.724245152313288
fcps_wingnut,x_only,5,valid,0.7602428877094269,0.760242887709427
fcps_wingnut,x_only,6,valid,0.6534624095773518,0.653462409577352
fcps_wingnut,x_only,7,valid,0.7698221951543484,0.769822195154348
fcps_wingnut,x_only,8,valid,0.724245152313288,0.724245152313288
fcps_wingnut,x_only,9,valid,0.7434854701795652,0.743485470179565
fcps_wingnut,x_only,10,valid,0.6547841629233576,0.654784162923358
fcps_wingnut,x_only,11,valid,0.7093901035621806,0.709390103562181
fcps_wingnut,x_only,12,valid,0.6979215010187694,0.69792150101877
fcps_wingnut,x_only,13,valid,0.6962994238571245,0.696299423857125
fcps_wingnut,x_only,14,valid,0.724245152313288,0.724245152313288
fcps_wingnut,x_only,15,valid,0.7712199391696273,0.771219939169627
fcps_wingnut,x_only,16,valid,0.7104299568536685,0.710429956853668
fcps_wingnut,x_only,17,valid,0.7425295613611134,0.742529561361113
fcps_wingnut,x_only,18,valid,0.8639964915590387,0.863996491559039
fcps_wingnut,x_only,19,valid,0.7519300564708011,0.751930056470801
fcps_wingnut,x_only,20,valid,0.7519300564708011,0.751930056470801
fcps_wingnut,x_only,21,valid,0.7519300564708011,0.751930056470801
fcps_wingnut,x_only,22,valid,1.4006044690469206,1.40060446904692
fcps_wingnut,x_only,23,valid,0.724245152313288,0.724245152313288
fcps_wingnut,x_only,24,valid,0.724245152313288,0.724245152313288
fcps_wingnut,x_only,25,invalid,,1.0
fcps_wingnut,x_only,26,valid,1.7196875385885193,1.71968753858852
fcps_wingnut,x_only,27,valid,1.352408726804157,1.35240872680416
fcps_wingnut,x_only,28,valid,0.7259256097779732,0.725925609777973
fcps_wingnut,x_only,29,valid,0.7519300564708011,0.751930056470801
fcps_wingnut,x_only,30,invalid,,1.0
fcps_wingnut,x_only,31,valid,0.6900471396672837,0.690047139667284
fcps_wingnut,xy_2d,0,valid,0.7205229150632544,0.720522915063254
fcps_wingnut,xy_2d,1,valid,0.6404020481620867,0.640402048162087
fcps_wingnut,xy_2d,2,valid,0.5359362341547053,0.535936234154705
fcps_wingnut,xy_2d,3,valid,0.5669899412681276,0.566989941268128
fcps_wingnut,xy_2d,4,valid,0.7283261656916192,0.728326165691619
fcps_wingnut,xy_2d,5,valid,0.6920126082490782,0.692012608249078
fcps_wingnut,xy_2d,6,valid,0.5188262561246154,0.518826256124615
fcps_wingnut,xy_2d,7,valid,0.5193419862682389,0.519341986268239
fcps_wingnut,xy_2d,8,valid,0.7192789810620611,0.719278981062061
fcps_wingnut,xy_2d,9,valid,0.6783220706368236,0.678322070636823
fcps_wingnut,xy_2d,10,valid,0.5513830376280926,0.551383037628093
fcps_wingnut,xy_2d,11,valid,0.5736007549690648,0.573600754969065
fcps_wingnut,xy_2d,12,valid,0.5149364631659336,0.514936463165933
fcps_wingnut,xy_2d,13,valid,0.5072104902642002,0.5072104902642
fcps_wingnut,xy_2d,14,valid,0.717897455933295,0.717897455933295
fcps_wingnut,xy_2d,15,valid,0.6732143863251172,0.673214386325117
fcps_wingnut,xy_2d,16,valid,0.5571649202124725,0.557164920212473
fcps_wingnut,xy_2d,17,valid,0.5537052921232329,0.553705292123233
fcps_wingnut,xy_2d,18,valid,0.7738796368271883,0.773879636827188
fcps_wingnut,xy_2d,19,valid,0.7893619180339718,0.789361918033972
fcps_wingnut,xy_2d,20,valid,0.6810516718653148,0.681051671865315
fcps_wingnut,xy_2d,21,valid,0.5733602508524761,0.573360250852476
fcps_wingnut,xy_2d,22,valid,1.5499999999999998,1.55
fcps_wingnut,xy_2d,23,invalid,,0.991061075393605
fcps_wingnut,xy_2d,24,invalid,,0.991061075393605
fcps_wingnut,xy_2d,25,invalid,,0.991061075393605
fcps_wingnut,xy_2d,26,valid,1.3017594685601028,1.3017594685601
fcps_wingnut,xy_2d,27,valid,1.70081514253258,1.70081514253258
fcps_wingnut,xy_2d,28,valid,0.4981466837859372,0.498146683785937
fcps_wingnut,xy_2d,29,valid,0.6282366620421344,0.628236662042134
fcps_wingnut,xy_2d,30,invalid,,0.991061075393605
fcps_wingnut,xy_2d,31,valid,0.5310599918088027,0.531059991808803
fcps_wingnut,y_only,0,valid,0.7752269623480429,0.775226962348043
fcps_wingnut,y_only,1,valid,0.7307054120148722,0.730705412014872
fcps_wingnut,y_only,2,valid,0.7272551614624532,0.727255161462453
fcps_wingnut,y_only,3,valid,0.7711654303354559,0.771165430335456
fcps_wingnut,y_only,4,valid,0.7715338789056837,0.771533878905684
fcps_wingnut,y_only,5,valid,0.724471275453424,0.724471275453424
fcps_wingnut,y_only,6,valid,0.7527049199544541,0.752704919954454
fcps_wingnut,y_only,7,valid,0.7433104001570088,0.743310400157009
fcps_wingnut,y_only,8,valid,0.7707355280865308,0.770735528086531
fcps_wingnut,y_only,9,valid,0.7279588562655326,0.727958856265533
fcps_wingnut,y_only,10,valid,0.7237439305435932,0.723743930543593
fcps_wingnut,y_only,11,valid,0.7838561776983599,0.78385617769836
fcps_wingnut,y_only,12,valid,0.7840260185114947,0.784026018511495
fcps_wingnut,y_only,13,valid,0.8137572230213376,0.813757223021338
fcps_wingnut,y_only,14,valid,0.8093275466131002,0.8093275466131
fcps_wingnut,y_only,15,valid,0.7146691794919585,0.714669179491959
fcps_wingnut,y_only,16,valid,0.7655418385770932,0.765541838577093
fcps_wingnut,y_only,17,valid,0.7424738752741892,0.742473875274189
fcps_wingnut,y_only,18,valid,0.8677455440827139,0.867745544082714
fcps_wingnut,y_only,19,valid,0.7499284664672017,0.749928466467202
fcps_wingnut,y_only,20,valid,0.7291719768934033,0.729171976893403
fcps_wingnut,y_only,21,valid,0.7291719768934033,0.729171976893403
fcps_wingnut,y_only,22,invalid,,1.0
fcps_wingnut,y_only,23,invalid,,1.0
fcps_wingnut,y_only,24,invalid,,1.0
fcps_wingnut,y_only,25,invalid,,1.0
fcps_wingnut,y_only,26,valid,1.625870576898703,1.6258705768987
fcps_wingnut,y_only,27,valid,0.9140898400286588,0.914089840028659
fcps_wingnut,y_only,28,valid,0.768413482294116,0.768413482294116
fcps_wingnut,y_only,29,valid,0.7291719768934033,0.729171976893403
fcps_wingnut,y_only,30,invalid,,1.0
fcps_wingnut,y_only,31,valid,0.8671036140939699,0.86710361409397
real_analcatdata_authorship,x_only,0,valid,0.7516668790475088,0.751666879047509
real_analcatdata_authorship,x_only,1,valid,0.7293028685622898,0.72930286856229
real_analcatdata_authorship,x_only,2,valid,0.7189914141114777,0.718991414111478
real_analcatdata_authorship,x_only,3,valid,0.6900261832043044,0.690026183204305
real_analcatdata_authorship,x_only,4,valid,0.7523735609179139,0.752373560917914
real_analcatdata_authorship,x_only,5,valid,0.7213004781239348,0.721300478123935
real_analcatdata_authorship,x_only,6,valid,0.6869816500441015,0.686981650044102
real_analcatdata_authorship,x_only,7,valid,0.6977588093787024,0.697758809378702
real_analcatdata_authorship,x_only,8,valid,0.7527768173048839,0.752776817304884
real_analcatdata_authorship,x_only,9,valid,0.7272001547783608,0.727200154778361
real_analcatdata_authorship,x_only,10,valid,0.7305850123328286,0.730585012332829
real_analcatdata_authorship,x_only,11,valid,0.6866664844393229,0.686666484439323
real_analcatdata_authorship,x_only,12,valid,0.7456990920209945,0.745699092020995
real_analcatdata_authorship,x_only,13,valid,0.7195831970748428,0.719583197074843
real_analcatdata_authorship,x_only,14,valid,0.7527768173048839,0.752776817304884
real_analcatdata_authorship,x_only,15,valid,0.8297920842766824,0.829792084276682
real_analcatdata_authorship,x_only,16,valid,0.7462500069732967,0.746250006973297
real_analcatdata_authorship,x_only,17,valid,0.7676412462831272,0.767641246283127
real_analcatdata_authorship,x_only,18,valid,0.7747673187628643,0.774767318762864
real_analcatdata_authorship,x_only,19,valid,0.8194391731112306,0.819439173111231
real_analcatdata_authorship,x_only,20,valid,0.8298436781849402,0.82984367818494
real_analcatdata_authorship,x_only,21,valid,0.73221263191357,0.73221263191357
real_analcatdata_authorship,x_only,22,valid,1.6882844843877327,1.68828448438773
real_analcatdata_authorship,x_only,23,valid,1.764220316434249,1.76422031643425
real_analcatdata_authorship,x_only,24,invalid,,1.7573389888009
real_analcatdata_authorship,x_only,25,invalid,,1.8
real_analcatdata_authorship,x_only,26,valid,1.6793403675574967,1.6793403675575
real_analcatdata_authorship,x_only,27,valid,0.9122698280291296,0.91226982802913
real_analcatdata_authorship,x_only,28,valid,0.7106002442352739,0.710600244235274
real_analcatdata_authorship,x_only,29,valid,1.4203466162159848,1.42034661621598
real_analcatdata_authorship,x_only,30,invalid,,1.8
real_analcatdata_authorship,x_only,31,valid,0.7394054655859654,0.739405465585966
real_analcatdata_authorship,xy_2d,0,valid,0.7510606876587715,0.751060687658771
real_analcatdata_authorship,xy_2d,1,valid,0.5318136098998288,0.531813609899829
real_analcatdata_authorship,xy_2d,2,valid,0.5323521473164263,0.532352147316426
real_analcatdata_authorship,xy_2d,3,valid,0.4642098399190656,0.464209839919065
real_analcatdata_authorship,xy_2d,4,valid,0.836891548473638,0.836891548473638
real_analcatdata_authorship,xy_2d,5,valid,0.5311965452195786,0.531196545219578
real_analcatdata_authorship,xy_2d,6,valid,0.5520590418318155,0.552059041831815
real_analcatdata_authorship,xy_2d,7,valid,0.4830297831141581,0.483029783114158
real_analcatdata_authorship,xy_2d,8,valid,0.780007941893337,0.780007941893337
real_analcatdata_authorship,xy_2d,9,valid,0.5235093186131159,0.523509318613116
real_analcatdata_authorship,xy_2d,10,valid,0.5261291039798346,0.526129103979834
real_analcatdata_authorship,xy_2d,11,valid,0.460517537857957,0.460517537857957
real_analcatdata_authorship,xy_2d,12,valid,0.4541979495266169,0.454197949526617
real_analcatdata_authorship,xy_2d,13,valid,0.4151406840120886,0.415140684012088
real_analcatdata_authorship,xy_2d,14,valid,0.7970459556788988,0.797045955678899
real_analcatdata_authorship,xy_2d,15,valid,0.5191280325882861,0.519128032588286
real_analcatdata_authorship,xy_2d,16,valid,0.5168074917706577,0.516807491770657
real_analcatdata_authorship,xy_2d,17,valid,0.470684228449897,0.470684228449897
real_analcatdata_authorship,xy_2d,18,valid,0.7983178027069651,0.798317802706964
real_analcatdata_authorship,xy_2d,19,valid,0.552854028712832,0.552854028712832
real_analcatdata_authorship,xy_2d,20,valid,0.549768691815872,0.549768691815872
real_analcatdata_authorship,xy_2d,21,valid,0.4948152584123254,0.494815258412325
real_analcatdata_authorship,xy_2d,23,valid,1.4394826587574705,1.43948265875747
real_analcatdata_authorship,xy_2d,24,valid,1.024294918872911,1.02429491887291
real_analcatdata_authorship,xy_2d,25,invalid,,1.89147284976614
real_analcatdata_authorship,xy_2d,26,valid,1.0327159990974697,1.03271599909747
real_analcatdata_authorship,xy_2d,27,valid,1.0327159990974697,1.03271599909747
real_analcatdata_authorship,xy_2d,28,valid,0.4372899660451322,0.437289966045132
real_analcatdata_authorship,xy_2d,29,valid,0.5201531967313187,0.520153196731319
real_analcatdata_authorship,xy_2d,30,invalid,,2.0
real_analcatdata_authorship,xy_2d,31,valid,0.4099089625511801,0.40990896255118
real_analcatdata_authorship,y_only,0,valid,0.8356639415380944,0.835663941538095
real_analcatdata_authorship,y_only,1,valid,0.7154765501194982,0.715476550119498
real_analcatdata_authorship,y_only,2,valid,0.75334772468897,0.75334772468897
real_analcatdata_authorship,y_only,3,valid,0.7069454327184388,0.706945432718439
real_analcatdata_authorship,y_only,4,valid,0.8336916862800413,0.833691686280041
real_analcatdata_authorship,y_only,5,valid,0.6727466679007543,0.672746667900754
real_analcatdata_authorship,y_only,6,valid,0.7009635447927369,0.700963544792737
real_analcatdata_authorship,y_only,7,valid,0.7445067794921549,0.744506779492155
real_analcatdata_authorship,y_only,8,valid,0.8537653830615549,0.853765383061555
real_analcatdata_authorship,y_only,9,valid,0.7175395656742336,0.717539565674233
real_analcatdata_authorship,y_only,10,valid,0.7304959352417937,0.730495935241794
real_analcatdata_authorship,y_only,11,valid,0.7161169908729056,0.716116990872906
real_analcatdata_authorship,y_only,12,valid,0.8320016206266082,0.832001620626608
real_analcatdata_authorship,y_only,13,valid,0.7943242222456333,0.794324222245633
real_analcatdata_authorship,y_only,14,valid,0.9020534722917178,0.902053472291718
real_analcatdata_authorship,y_only,15,valid,0.7784876320306067,0.778487632030607
real_analcatdata_authorship,y_only,16,valid,0.7774755581231707,0.777475558123171
real_analcatdata_authorship,y_only,17,valid,0.8471777966248404,0.84717779662484
real_analcatdata_authorship,y_only,18,valid,0.8343097140195456,0.834309714019546
real_analcatdata_authorship,y_only,19,valid,0.9537878815347622,0.953787881534762
real_analcatdata_authorship,y_only,20,valid,0.9058361484573664,0.905836148457366
real_analcatdata_authorship,y_only,21,valid,0.810241625932247,0.810241625932247
real_analcatdata_authorship,y_only,22,valid,1.805605459516348,1.80560545951635
real_analcatdata_authorship,y_only,23,invalid,,1.85491831989203
real_analcatdata_authorship,y_only,24,invalid,,1.89846778075858
real_analcatdata_authorship,y_only,25,invalid,,1.90989597315148
real_analcatdata_authorship,y_only,26,valid,1.776481416174129,1.77648141617413
real_analcatdata_authorship,y_only,27,valid,1.060475111236934,1.06047511123693
real_analcatdata_authorship,y_only,28,valid,0.7546239307914231,0.754623930791423
real_analcatdata_authorship,y_only,29,valid,1.1688201641823617,1.16882016418236
real_analcatdata_authorship,y_only,30,invalid,,2.0
real_analcatdata_authorship,y_only,31,valid,0.7946539006889277,0.794653900688928
real_balance_scale,x_only,0,valid,1.0,1.0
real_balance_scale,x_only,1,valid,0.9117933002720806,0.911793300272081
real_balance_scale,x_only,2,valid,0.8812254218337101,0.88122542183371
real_balance_scale,x_only,3,valid,0.8260060285256859,0.826006028525686
real_balance_scale,x_only,4,valid,1.0,1.0
real_balance_scale,x_only,5,valid,0.9117933002720804,0.911793300272081
real_balance_scale,x_only,6,valid,0.8812254218337101,0.88122542183371
real_balance_scale,x_only,7,valid,0.8260060285256859,0.826006028525686
real_balance_scale,x_only,8,valid,1.0,1.0
real_balance_scale,x_only,9,valid,0.9117933002720806,0.911793300272081
real_balance_scale,x_only,10,valid,0.8812254218337101,0.88122542183371
real_balance_scale,x_only,11,valid,0.8260060285256859,0.826006028525686
real_balance_scale,x_only,12,valid,0.8260060285256859,0.826006028525686
real_balance_scale,x_only,13,valid,0.8260060285256859,0.826006028525686
real_balance_scale,x_only,14,valid,1.0,1.0
real_balance_scale,x_only,15,valid,0.9117933002720806,0.911793300272081
real_balance_scale,x_only,16,valid,0.8812254218337101,0.88122542183371
real_balance_scale,x_only,17,valid,0.8260060285256859,0.826006028525686
real_balance_scale,x_only,18,valid,1.0,1.0
real_balance_scale,x_only,19,valid,0.9117933002720804,0.911793300272081
real_balance_scale,x_only,20,valid,0.9117933002720806,0.911793300272081
real_balance_scale,x_only,21,valid,0.9117933002720806,0.911793300272081
real_balance_scale,x_only,22,valid,0.8260060285256859,0.826006028525686
real_balance_scale,x_only,23,valid,0.8260060285256859,0.826006028525686
real_balance_scale,x_only,24,valid,0.8260060285256859,0.826006028525686
real_balance_scale,x_only,25,valid,0.8260060285256859,0.826006028525686
real_balance_scale,x_only,26,valid,0.8260060285256859,0.826006028525686
real_balance_scale,x_only,27,valid,0.8260060285256859,0.826006028525686
real_balance_scale,x_only,28,valid,1.8267524673216031,1.8267524673216
real_balance_scale,x_only,29,valid,0.9117933002720806,0.911793300272081
real_balance_scale,x_only,30,valid,0.8260060285256859,0.826006028525686
real_balance_scale,x_only,31,valid,0.8260060285256859,0.826006028525686
real_balance_scale,xy_2d,0,valid,0.7768036808136887,0.776803680813689
real_balance_scale,xy_2d,1,valid,0.8284520376606057,0.828452037660606
real_balance_scale,xy_2d,2,valid,0.6651994526100758,0.665199452610076
real_balance_scale,xy_2d,3,valid,0.6289356688107586,0.628935668810759
real_balance_scale,xy_2d,4,valid,0.7697478522604506,0.769747852260451
real_balance_scale,xy_2d,5,valid,0.7223872850084627,0.722387285008463
real_balance_scale,xy_2d,6,valid,0.9340858482686756,0.934085848268676
real_balance_scale,xy_2d,7,valid,0.8563783358438896,0.85637833584389
real_balance_scale,xy_2d,8,valid,0.8374937013028538,0.837493701302854
real_balance_scale,xy_2d,9,valid,0.7582460541135325,0.758246054113533
real_balance_scale,xy_2d,10,valid,0.7804806569701408,0.780480656970141
real_balance_scale,xy_2d,11,valid,0.6225936050605095,0.62259360506051
real_balance_scale,xy_2d,12,valid,0.775730734414132,0.775730734414132
real_balance_scale,xy_2d,13,valid,0.793453629493348,0.793453629493348
real_balance_scale,xy_2d,14,valid,0.8168649140780692,0.816864914078069
real_balance_scale,xy_2d,15,valid,0.6579014404467272,0.657901440446727
real_balance_scale,xy_2d,16,valid,0.5584586563902568,0.558458656390257
real_balance_scale,xy_2d,17,valid,1.0474738028015818,1.04747380280158
real_balance_scale,xy_2d,18,valid,1.177418542882429,1.17741854288243
real_balance_scale,xy_2d,19,valid,0.965737180565916,0.965737180565916
real_balance_scale,xy_2d,20,valid,0.9793123237174428,0.979312323717443
real_balance_scale,xy_2d,21,valid,1.006892850690316,1.00689285069032
real_balance_scale,xy_2d,22,valid,1.687831065535041,1.68783106553504
real_balance_scale,xy_2d,23,valid,0.6403985695440888,0.640398569544089
real_balance_scale,xy_2d,24,valid,0.6403985695440888,0.640398569544089
real_balance_scale,xy_2d,25,invalid,,1.0
real_balance_scale,xy_2d,26,valid,0.6403985695440888,0.640398569544089
real_balance_scale,xy_2d,27,valid,0.6403985695440888,0.640398569544089
real_balance_scale,xy_2d,28,valid,1.017554952701648,1.01755495270165
real_balance_scale,xy_2d,29,valid,0.9354235933059518,0.935423593305952
real_balance_scale,xy_2d,30,invalid,,1.0
real_balance_scale,xy_2d,31,valid,0.984968699944334,0.984968699944334
real_balance_scale,y_only,0,valid,0.815371934965319,0.815371934965319
real_balance_scale,y_only,1,valid,0.7530503186081154,0.753050318608115
real_balance_scale,y_only,2,valid,0.7403177679243714,0.740317767924371
real_balance_scale,y_only,3,valid,0.7642736547416445,0.764273654741645
real_balance_scale,y_only,4,valid,0.8056395638956833,0.805639563895683
real_balance_scale,y_only,5,valid,0.7530503186081156,0.753050318608115
real_balance_scale,y_only,6,valid,0.7523199796011762,0.752319979601176
real_balance_scale,y_only,7,valid,0.7792279799666949,0.779227979966695
real_balance_scale,y_only,8,valid,0.8056395638956831,0.805639563895683
real_balance_scale,y_only,9,valid,0.7530503186081154,0.753050318608115
real_balance_scale,y_only,10,valid,0.7403177679243714,0.740317767924371
real_balance_scale,y_only,11,valid,0.7702031012300399,0.77020310123004
real_balance_scale,y_only,12,valid,0.7669102809117149,0.766910280911715
real_balance_scale,y_only,13,valid,1.0719274931269585,1.07192749312696
real_balance_scale,y_only,14,valid,0.8168649140780692,0.816864914078069
real_balance_scale,y_only,15,valid,0.7791564055678087,0.779156405567809
real_balance_scale,y_only,16,valid,0.8050400787253431,0.805040078725343
real_balance_scale,y_only,17,valid,0.7817214159709335,0.781721415970933
real_balance_scale,y_only,18,valid,0.9271498363187852,0.927149836318785
real_balance_scale,y_only,19,valid,0.8239222120950033,0.823922212095003
real_balance_scale,y_only,20,valid,0.7521165494499819,0.752116549449982
real_balance_scale,y_only,21,valid,0.7521165494499819,0.752116549449982
real_balance_scale,y_only,22,valid,1.857968369031472,1.85796836903147
real_balance_scale,y_only,23,invalid,,1.0
real_balance_scale,y_only,24,invalid,,1.0
real_balance_scale,y_only,25,invalid,,1.0
real_balance_scale,y_only,26,valid,1.373623265977372,1.37362326597737
real_balance_scale,y_only,27,valid,0.9744430877288758,0.974443087728876
real_balance_scale,y_only,28,valid,0.7873533306390496,0.78735333063905
real_balance_scale,y_only,29,valid,0.7521165494499819,0.752116549449982
real_balance_scale,y_only,30,invalid,,1.0
real_balance_scale,y_only,31,valid,0.7905521377091325,0.790552137709132
real_banknote,x_only,0,valid,0.7957326308515318,0.795732630851532
real_banknote,x_only,1,valid,0.6803540849163333,0.680354084916333
real_banknote,x_only,2,valid,0.6698912960593367,0.669891296059337
real_banknote,x_only,3,valid,0.6528678552628143,0.652867855262814
real_banknote,x_only,4,valid,0.8055692066769068,0.805569206676907
real_banknote,x_only,5,valid,0.7129569460715222,0.712956946071522
real_banknote,x_only,6,valid,0.6646590020559571,0.664659002055957
real_banknote,x_only,7,valid,0.6189358089832048,0.618935808983205
real_banknote,x_only,8,valid,0.7985271921315202,0.79852719213152
real_banknote,x_only,9,valid,0.6719495966015827,0.671949596601583
real_banknote,x_only,10,valid,0.6629621898601349,0.662962189860135
real_banknote,x_only,11,valid,0.6644824216096399,0.66448242160964
real_banknote,x_only,12,valid,0.6212265536989307,0.621226553698931
real_banknote,x_only,13,valid,0.6718284759463123,0.671828475946312
real_banknote,x_only,14,valid,0.8188098205285607,0.81880982052856
real_banknote,x_only,15,valid,0.7306899362510834,0.730689936251083
real_banknote,x_only,16,valid,0.6697357232863438,0.669735723286344
real_banknote,x_only,17,valid,0.6285303396310676,0.628530339631068
real_banknote,x_only,18,valid,0.792849562659215,0.792849562659215
real_banknote,x_only,19,valid,0.7335071898004735,0.733507189800473
real_banknote,x_only,20,valid,0.6791461759562846,0.679146175956284
real_banknote,x_only,21,valid,0.7258711666985848,0.725871166698585
real_banknote,x_only,22,valid,1.7009103875969085,1.70091038759691
real_banknote,x_only,23,valid,2.0,2.0
real_banknote,x_only,24,valid,0.9999835612406238,0.999983561240624
real_banknote,x_only,25,valid,0.9999835612406238,0.999983561240624
real_banknote,x_only,26,valid,1.5580202096619646,1.55802020966196
real_banknote,x_only,27,valid,0.9960801874385145,0.996080187438514
real_banknote,x_only,28,valid,0.6663317604998945,0.666331760499894
real_banknote,x_only,29,valid,0.7246909281928761,0.724690928192876
real_banknote,x_only,30,valid,0.9999835612406238,0.999983561240624
real_banknote,x_only,31,valid,0.6696492129830682,0.669649212983068
real_banknote,xy_2d,0,valid,0.6965368712139491,0.696536871213949
real_banknote,xy_2d,1,valid,0.5771066620090897,0.57710666200909
real_banknote,xy_2d,2,valid,0.4998928022952904,0.49989280229529
real_banknote,xy_2d,3,valid,0.4730431929228558,0.473043192922856
real_banknote,xy_2d,4,valid,0.7503974472744293,0.750397447274429
real_banknote,xy_2d,5,valid,0.5785394813176019,0.578539481317602
real_banknote,xy_2d,6,valid,0.5631450935341609,0.563145093534161
real_banknote,xy_2d,7,valid,0.4894288959235246,0.489428895923525
real_banknote,xy_2d,8,valid,0.6968329733335845,0.696832973333585
real_banknote,xy_2d,9,valid,0.5835814041967878,0.583581404196788
real_banknote,xy_2d,10,valid,0.5177824734444043,0.517782473444404
real_banknote,xy_2d,11,valid,0.5022766351456277,0.502276635145628
real_banknote,xy_2d,12,valid,0.4457422133315694,0.445742213331569
real_banknote,xy_2d,13,valid,0.4464769047124882,0.446476904712488
real_banknote,xy_2d,14,valid,0.699219217068686,0.699219217068686
real_banknote,xy_2d,15,valid,0.5894371312096508,0.589437131209651
real_banknote,xy_2d,16,valid,0.519936676116399,0.519936676116399
real_banknote,xy_2d,17,valid,0.4867902485804135,0.486790248580414
real_banknote,xy_2d,18,valid,0.7598143450800083,0.759814345080008
real_banknote,xy_2d,19,valid,0.6883207918311085,0.688320791831108
real_banknote,xy_2d,20,valid,0.5528310031557734,0.552831003155773
real_banknote,xy_2d,21,valid,0.5280169878101468,0.528016987810147
real_banknote,xy_2d,22,valid,1.7297297297297298,1.72972972972973
real_banknote,xy_2d,23,valid,1.869601411243262,1.86960141124326
real_banknote,xy_2d,24,invalid,,0.911339889852898
real_banknote,xy_2d,25,invalid,,0.911339889852898
real_banknote,xy_2d,26,valid,1.1655764916872262,1.16557649168723
real_banknote,xy_2d,27,valid,0.8974217185936477,0.897421718593648
real_banknote,xy_2d,28,valid,0.4590226898130014,0.459022689813001
real_banknote,xy_2d,29,valid,0.5253451822587637,0.525345182258764
real_banknote,xy_2d,30,invalid,,0.911339889852898
real_banknote,xy_2d,31,valid,0.3978058076075686,0.397805807607569
real_banknote,y_only,0,valid,0.838353196829727,0.838353196829727
real_banknote,y_only,1,valid,0.7942166834564401,0.794216683456441
real_banknote,y_only,2,valid,0.7811344216441135,0.781134421644114
real_banknote,y_only,3,valid,0.7979840744486694,0.79798407444867
real_banknote,y_only,4,valid,0.8379532067167091,0.83795320671671
real_banknote,y_only,5,valid,0.8109101798840859,0.810910179884087
real_banknote,y_only,6,valid,0.7907164244970522,0.790716424497053
real_banknote,y_only,7,valid,0.8026275121858977,0.802627512185898
real_banknote,y_only,8,valid,0.8778418357704538,0.877841835770454
real_banknote,y_only,9,valid,0.8069601833741844,0.806960183374185
real_banknote,y_only,10,valid,0.7910482308815475,0.791048230881548
real_banknote,y_only,11,valid,0.8007302926069834,0.800730292606984
real_banknote,y_only,12,valid,0.8099496549800499,0.80994965498005
real_banknote,y_only,13,valid,0.8293876549435711,0.829387654943572
real_banknote,y_only,14,valid,0.8798495913678105,0.879849591367811
real_banknote,y_only,15,valid,0.7998401281317563,0.799840128131757
real_banknote,y_only,16,valid,0.8230240139374616,0.823024013937462
real_banknote,y_only,17,valid,0.841889912185668,0.841889912185668
real_banknote,y_only,18,valid,0.9316510966303582,0.931651096630359
real_banknote,y_only,19,valid,0.8670486886659251,0.867048688665926
real_banknote,y_only,20,valid,0.9015969503000304,0.901596950300031
real_banknote,y_only,21,valid,0.8090546992666712,0.809054699266672
real_banknote,y_only,22,valid,1.8256316169528204,1.82563161695282
real_banknote,y_only,23,invalid,,1.6885477027388
real_banknote,y_only,24,invalid,,1.0
real_banknote,y_only,25,invalid,,1.0
real_banknote,y_only,26,valid,1.887260276311744,1.88726027631174
real_banknote,y_only,27,valid,1.2865818919656622,1.28658189196566
real_banknote,y_only,28,valid,0.8260824506583677,0.826082450658368
real_banknote,y_only,29,valid,0.8090546992666712,0.809054699266672
real_banknote,y_only,30,invalid,,1.0
real_banknote,y_only,31,valid,0.8392078048270408,0.839207804827041
real_blood_transfusion,x_only,0,valid,0.850022686632072,0.850022686632072
real_blood_transfusion,x_only,1,valid,0.9057038650250926,0.905703865025092
real_blood_transfusion,x_only,2,valid,0.7494042926592742,0.749404292659274
real_blood_transfusion,x_only,3,valid,0.7350695642234655,0.735069564223465
real_blood_transfusion,x_only,4,valid,1.1629155666573625,1.16291556665736
real_blood_transfusion,x_only,5,valid,0.9827439472222492,0.982743947222249
real_blood_transfusion,x_only,6,valid,0.7495524531436973,0.749552453143697
real_blood_transfusion,x_only,7,valid,0.7321226013221572,0.732122601322157
real_blood_transfusion,x_only,8,valid,0.8677018567710502,0.86770185677105
real_blood_transfusion,x_only,9,valid,0.9057038650250926,0.905703865025092
real_blood_transfusion,x_only,10,valid,0.7904247939079416,0.790424793907941
real_blood_transfusion,x_only,11,valid,0.7549332282565508,0.754933228256551
real_blood_transfusion,x_only,12,valid,0.7035599699790693,0.703559969979069
real_blood_transfusion,x_only,13,valid,1.1618983141852248,1.16189831418522
real_blood_transfusion,x_only,14,valid,0.8057149480693344,0.805714948069334
real_blood_transfusion,x_only,15,valid,0.8272434234127681,0.827243423412768
real_blood_transfusion,x_only,16,valid,0.7798559353853807,0.77985593538538
real_blood_transfusion,x_only,17,valid,0.7115492683618146,0.711549268361814
real_blood_transfusion,x_only,18,valid,1.0865384615384617,1.08653846153846
real_blood_transfusion,x_only,19,valid,0.994390362130633,0.994390362130632
real_blood_transfusion,x_only,20,valid,1.6532243097759434,1.65322430977594
real_blood_transfusion,x_only,21,valid,1.455285305940695,1.45528530594069
real_blood_transfusion,x_only,22,valid,1.8300256147217608,1.83002561472176
real_blood_transfusion,x_only,23,valid,1.0678395498371536,1.06783954983715
real_blood_transfusion,x_only,24,invalid,,1.15739536199485
real_blood_transfusion,x_only,25,invalid,,1.15739536199485
real_blood_transfusion,x_only,26,valid,1.5755886829187613,1.57558868291876
real_blood_transfusion,x_only,27,valid,0.8487554424872578,0.848755442487258
real_blood_transfusion,x_only,28,valid,0.7969256663804709,0.796925666380471
real_blood_transfusion,x_only,29,valid,1.4546966088301645,1.45469660883016
real_blood_transfusion,x_only,30,valid,1.5297639016201292,1.52976390162013
real_blood_transfusion,x_only,31,valid,1.1483847790485031,1.1483847790485
real_blood_transfusion,xy_2d,0,valid,0.7434693644425056,0.743469364442506
real_blood_transfusion,xy_2d,1,valid,0.8199058439601438,0.819905843960144
real_blood_transfusion,xy_2d,2,valid,0.6623888981834755,0.662388898183476
real_blood_transfusion,xy_2d,3,valid,0.5289681293682931,0.528968129368293
real_blood_transfusion,xy_2d,4,valid,0.7643685414567002,0.7643685414567
real_blood_transfusion,xy_2d,5,valid,0.826041086607891,0.826041086607891
real_blood_transfusion,xy_2d,6,valid,0.685961663031201,0.685961663031201
real_blood_transfusion,xy_2d,7,valid,0.5304956417338316,0.530495641733832
real_blood_transfusion,xy_2d,8,valid,0.7470569454742518,0.747056945474252
real_blood_transfusion,xy_2d,9,valid,0.7279763573931278,0.727976357393128
real_blood_transfusion,xy_2d,10,valid,0.8880027107714177,0.888002710771417
real_blood_transfusion,xy_2d,11,valid,0.7331656278191405,0.733165627819141
real_blood_transfusion,xy_2d,12,valid,1.5604740681914009,1.5604740681914
real_blood_transfusion,xy_2d,13,valid,0.7311355393571913,0.731135539357191
real_blood_transfusion,xy_2d,14,valid,0.729779157870067,0.729779157870067
real_blood_transfusion,xy_2d,15,valid,0.6089274712270469,0.608927471227047
real_blood_transfusion,xy_2d,16,valid,0.622788051076357,0.622788051076357
real_blood_transfusion,xy_2d,17,valid,0.5520209986861713,0.552020998686171
real_blood_transfusion,xy_2d,18,valid,0.9236279362368822,0.923627936236882
real_blood_transfusion,xy_2d,19,valid,1.730816909542633,1.73081690954263
real_blood_transfusion,xy_2d,20,valid,1.729248922284497,1.7292489222845
real_blood_transfusion,xy_2d,21,valid,1.5479189073627555,1.54791890736276
real_blood_transfusion,xy_2d,22,valid,1.4153846153846152,1.41538461538462
real_blood_transfusion,xy_2d,23,valid,1.050426686753009,1.05042668675301
real_blood_transfusion,xy_2d,24,invalid,,1.09654180847945
real_blood_transfusion,xy_2d,25,invalid,,1.05012997401137
real_blood_transfusion,xy_2d,26,valid,1.0190633539124458,1.01906335391245
real_blood_transfusion,xy_2d,28,valid,0.4973334631582727,0.497333463158273
real_blood_transfusion,xy_2d,29,valid,1.5271431055611298,1.52714310556113
real_blood_transfusion,xy_2d,30,valid,1.1193957413357554,1.11939574133576
real_blood_transfusion,xy_2d,31,valid,0.4986061834122957,0.498606183412296
real_blood_transfusion,y_only,0,valid,0.8947686111612082,0.894768611161208
real_blood_transfusion,y_only,1,valid,0.8620544224142425,0.862054422414242
real_blood_transfusion,y_only,2,valid,1.7475431187709105,1.74754311877091
real_blood_transfusion,y_only,3,valid,1.7117172953231607,1.71171729532316
real_blood_transfusion,y_only,4,valid,0.8990383920630636,0.899038392063063
real_blood_transfusion,y_only,5,valid,0.8616001883893437,0.861600188389343
real_blood_transfusion,y_only,6,valid,0.8863271643827847,0.886327164382785
real_blood_transfusion,y_only,7,valid,0.9252779525507804,0.92527795255078
real_blood_transfusion,y_only,8,valid,0.9329578894179203,0.93295788941792
real_blood_transfusion,y_only,9,valid,1.0240021094090883,1.02400210940909
real_blood_transfusion,y_only,10,valid,1.737614512682207,1.73761451268221
real_blood_transfusion,y_only,11,valid,1.7185120871673516,1.71851208716735
real_blood_transfusion,y_only,12,valid,1.7082363212961151,1.70823632129612
real_blood_transfusion,y_only,13,valid,1.6966865041432433,1.69668650414324
real_blood_transfusion,y_only,14,valid,0.9577046431498524,0.957704643149852
real_blood_transfusion,y_only,15,valid,0.8473522443345892,0.847352244334589
real_blood_transfusion,y_only,16,valid,1.7369097662963808,1.73690976629638
real_blood_transfusion,y_only,17,valid,1.7107380317452052,1.71073803174521
real_blood_transfusion,y_only,18,valid,1.955223880597015,1.95522388059702
real_blood_transfusion,y_only,19,valid,1.9438090914016133,1.94380909140161
real_blood_transfusion,y_only,20,valid,1.7824158002810218,1.78241580028102
real_blood_transfusion,y_only,21,valid,1.7571917858687738,1.75719178586877
real_blood_transfusion,y_only,22,invalid,,1.44436995105121
real_blood_transfusion,y_only,23,valid,1.9438090914016133,1.94380909140161
real_blood_transfusion,y_only,24,valid,1.9438090914016133,1.94380909140161
real_blood_transfusion,y_only,25,valid,1.9438090914016133,1.94380909140161
real_blood_transfusion,y_only,26,valid,1.7140784578728063,1.71407845787281
real_blood_transfusion,y_only,27,valid,1.3179659417056953,1.3179659417057
real_blood_transfusion,y_only,28,valid,1.7054472895178183,1.70544728951782
real_blood_transfusion,y_only,29,valid,1.7571917858687738,1.75719178586877
real_blood_transfusion,y_only,30,valid,1.9438090914016133,1.94380909140161
real_blood_transfusion,y_only,31,valid,1.6774188434629411,1.67741884346294
real_breast_cancer_wdbc,x_only,0,valid,0.7479570051999848,0.747957005199985
real_breast_cancer_wdbc,x_only,1,valid,0.7725880882314758,0.772588088231476
real_breast_cancer_wdbc,x_only,2,valid,0.7290421683980832,0.729042168398083
real_breast_cancer_wdbc,x_only,3,valid,0.7978000047854996,0.7978000047855
real_breast_cancer_wdbc,x_only,4,valid,0.7715247625845614,0.771524762584561
real_breast_cancer_wdbc,x_only,5,valid,0.7724182213927732,0.772418221392773
real_breast_cancer_wdbc,x_only,6,valid,0.7311371190931735,0.731137119093174
real_breast_cancer_wdbc,x_only,7,valid,0.7980149236103957,0.798014923610396
real_breast_cancer_wdbc,x_only,8,valid,0.7631597844054469,0.763159784405447
real_breast_cancer_wdbc,x_only,9,valid,0.838218921652697,0.838218921652697
real_breast_cancer_wdbc,x_only,10,valid,0.7453139911603966,0.745313991160397
real_breast_cancer_wdbc,x_only,11,valid,0.7949357311310192,0.794935731131019
real_breast_cancer_wdbc,x_only,12,valid,1.1451723491089525,1.14517234910895
real_breast_cancer_wdbc,x_only,13,valid,1.1708084371095535,1.17080843710955
real_breast_cancer_wdbc,x_only,14,valid,0.7870603485194002,0.7870603485194
real_breast_cancer_wdbc,x_only,15,valid,0.738167660289463,0.738167660289463
real_breast_cancer_wdbc,x_only,16,valid,0.7337616808594107,0.733761680859411
real_breast_cancer_wdbc,x_only,17,valid,1.1807529999366566,1.18075299993666
real_breast_cancer_wdbc,x_only,18,valid,0.7661446559814988,0.766144655981499
real_breast_cancer_wdbc,x_only,19,valid,1.3010444662658207,1.30104446626582
real_breast_cancer_wdbc,x_only,20,valid,1.2354572987335324,1.23545729873353
real_breast_cancer_wdbc,x_only,21,valid,1.635332300444191,1.63533230044419
real_breast_cancer_wdbc,x_only,22,valid,1.8993866701635227,1.89938667016352
real_breast_cancer_wdbc,x_only,23,valid,1.459862227151244,1.45986222715124
real_breast_cancer_wdbc,x_only,24,valid,1.668666681572053,1.66866668157205
real_breast_cancer_wdbc,x_only,25,valid,1.7179448690454897,1.71794486904549
real_breast_cancer_wdbc,x_only,26,valid,1.7217816937065713,1.72178169370657
real_breast_cancer_wdbc,x_only,27,valid,0.892270487623894,0.892270487623894
real_breast_cancer_wdbc,x_only,28,valid,1.1462252177427263,1.14622521774273
real_breast_cancer_wdbc,x_only,29,valid,1.597278209356665,1.59727820935667
real_breast_cancer_wdbc,x_only,30,valid,1.6166666666666667,1.61666666666667
real_breast_cancer_wdbc,x_only,31,valid,1.1370755362657592,1.13707553626576
real_breast_cancer_wdbc,xy_2d,0,valid,0.6779441877808124,0.677944187780813
real_breast_cancer_wdbc,xy_2d,1,valid,0.7525440048194254,0.752544004819425
real_breast_cancer_wdbc,xy_2d,2,valid,0.7432112722983382,0.743211272298338
real_breast_cancer_wdbc,xy_2d,3,valid,0.5742109524566,0.5742109524566
real_breast_cancer_wdbc,xy_2d,4,valid,0.704658134221712,0.704658134221712
real_breast_cancer_wdbc,xy_2d,5,valid,0.9788177310526625,0.978817731052662
real_breast_cancer_wdbc,xy_2d,6,valid,0.7866952600943364,0.786695260094336
real_breast_cancer_wdbc,xy_2d,7,valid,0.7128522569577984,0.712852256957798
real_breast_cancer_wdbc,xy_2d,8,valid,0.7272020358741087,0.727202035874109
real_breast_cancer_wdbc,xy_2d,9,valid,0.7445050054021009,0.744505005402101
real_breast_cancer_wdbc,xy_2d,10,valid,0.682542425281345,0.682542425281345
real_breast_cancer_wdbc,xy_2d,11,valid,0.7029656875141795,0.70296568751418
real_breast_cancer_wdbc,xy_2d,12,valid,0.6650319499036657,0.665031949903666
real_breast_cancer_wdbc,xy_2d,13,valid,0.665306274524772,0.665306274524772
real_breast_cancer_wdbc,xy_2d,14,valid,0.6636393413981063,0.663639341398106
real_breast_cancer_wdbc,xy_2d,15,valid,0.6796023954749196,0.67960239547492
real_breast_cancer_wdbc,xy_2d,16,valid,0.6045388370881145,0.604538837088115
real_breast_cancer_wdbc,xy_2d,17,valid,0.8505232710848241,0.850523271084824
real_breast_cancer_wdbc,xy_2d,18,valid,0.8021251081618052,0.802125108161805
real_breast_cancer_wdbc,xy_2d,19,valid,0.6280772223853406,0.628077222385341
real_breast_cancer_wdbc,xy_2d,20,valid,0.636324392185025,0.636324392185025
real_breast_cancer_wdbc,xy_2d,21,valid,0.7775866834916556,0.777586683491656
real_breast_cancer_wdbc,xy_2d,23,valid,2.0,2.0
real_breast_cancer_wdbc,xy_2d,24,valid,1.0567705181015532,1.05677051810155
real_breast_cancer_wdbc,xy_2d,25,valid,1.1773461800142075,1.17734618001421
real_breast_cancer_wdbc,xy_2d,26,valid,0.996959257314781,0.996959257314781
real_breast_cancer_wdbc,xy_2d,28,valid,0.8339067092321569,0.833906709232157
real_breast_cancer_wdbc,xy_2d,29,valid,1.039375130090848,1.03937513009085
real_breast_cancer_wdbc,xy_2d,30,invalid,,1.2251887289499
real_breast_cancer_wdbc,xy_2d,31,valid,0.7175809633378754,0.717580963337875
real_breast_cancer_wdbc,y_only,0,valid,0.8903092350727962,0.890309235072796
real_breast_cancer_wdbc,y_only,1,valid,0.913801861968228,0.913801861968228
real_breast_cancer_wdbc,y_only,2,valid,0.9356769119512354,0.935676911951235
real_breast_cancer_wdbc,y_only,3,valid,0.9416892872622158,0.941689287262216
real_breast_cancer_wdbc,y_only,4,valid,0.9001722286132026,0.900172228613203
real_breast_cancer_wdbc,y_only,5,valid,0.9253446128198516,0.925344612819852
real_breast_cancer_wdbc,y_only,6,valid,1.0042049325225286,1.00420493252253
real_breast_cancer_wdbc,y_only,7,valid,0.9119410189535924,0.911941018953592
real_breast_cancer_wdbc,y_only,8,valid,0.9845646058214624,0.984564605821462
real_breast_cancer_wdbc,y_only,9,valid,1.1098726842383302,1.10987268423833
real_breast_cancer_wdbc,y_only,10,valid,1.0094050651041346,1.00940506510413
real_breast_cancer_wdbc,y_only,11,valid,0.933479021653786,0.933479021653786
real_breast_cancer_wdbc,y_only,12,valid,0.9159672419205488,0.915967241920549
real_breast_cancer_wdbc,y_only,13,valid,0.9645296374927284,0.964529637492728
real_breast_cancer_wdbc,y_only,14,valid,0.8919036814551786,0.891903681455179
real_breast_cancer_wdbc,y_only,15,valid,0.9165951348335216,0.916595134833522
real_breast_cancer_wdbc,y_only,16,valid,0.9631106328425728,0.963110632842573
real_breast_cancer_wdbc,y_only,17,valid,0.9594581787138556,0.959458178713856
real_breast_cancer_wdbc,y_only,18,valid,0.883864070434338,0.883864070434338
real_breast_cancer_wdbc,y_only,19,valid,1.6642828516639014,1.6642828516639
real_breast_cancer_wdbc,y_only,20,valid,1.6085940562924592,1.60859405629246
real_breast_cancer_wdbc,y_only,21,valid,1.644244204240679,1.64424420424068
real_breast_cancer_wdbc,y_only,22,valid,1.6384970432596315,1.63849704325963
real_breast_cancer_wdbc,y_only,23,valid,1.8677364629778936,1.86773646297789
real_breast_cancer_wdbc,y_only,24,valid,1.8725966449797853,1.87259664497979
real_breast_cancer_wdbc,y_only,25,valid,1.609484786724749,1.60948478672475
real_breast_cancer_wdbc,y_only,26,valid,1.9444444444444444,1.94444444444444
real_breast_cancer_wdbc,y_only,27,valid,1.228866678774711,1.22886667877471
real_breast_cancer_wdbc,y_only,28,valid,0.93971688403078,0.93971688403078
real_breast_cancer_wdbc,y_only,29,valid,1.6432051274626187,1.64320512746262
real_breast_cancer_wdbc,y_only,30,valid,1.7275811966625163,1.72758119666252
real_breast_cancer_wdbc,y_only,31,valid,0.917843653257321,0.917843653257321
real_car_evaluation,x_only,0,valid,0.9764359149612386,0.976435914961237
real_car_evaluation,x_only,1,valid,0.8132401813574,0.813240181357399
real_car_evaluation,x_only,2,valid,0.754571747914614,0.754571747914613
real_car_evaluation,x_only,3,valid,0.6711397217902898,0.671139721790289
real_car_evaluation,x_only,4,valid,1.0,1.0
real_car_evaluation,x_only,5,valid,0.8132401813574,0.813240181357399
real_car_evaluation,x_only,6,valid,0.78244974761553,0.782449747615529
real_car_evaluation,x_only,7,valid,0.7030391371767026,0.703039137176702
real_car_evaluation,x_only,8,valid,0.9764359149612386,0.976435914961237
real_car_evaluation,x_only,9,valid,0.8132401813574,0.813240181357399
real_car_evaluation,x_only,10,valid,0.7388801732836531,0.738880173283652
real_car_evaluation,x_only,11,valid,0.6422015764035829,0.642201576403582
real_car_evaluation,x_only,12,valid,0.5626712019662424,0.562671201966241
real_car_evaluation,x_only,13,valid,0.5340085732542231,0.534008573254222
real_car_evaluation,x_only,14,valid,0.9764359149612386,0.976435914961237
real_car_evaluation,x_only,15,valid,0.8132401813574,0.813240181357399
real_car_evaluation,x_only,16,valid,0.7625225228755734,0.762522522875572
real_car_evaluation,x_only,17,valid,0.6807684838823335,0.680768483882332
real_car_evaluation,x_only,18,valid,0.9764359149612386,0.976435914961237
real_car_evaluation,x_only,19,valid,0.8132401813574,0.813240181357399
real_car_evaluation,x_only,20,valid,0.8132401813574,0.813240181357399
real_car_evaluation,x_only,21,valid,0.8132401813574,0.813240181357399
real_car_evaluation,x_only,22,valid,0.269676409622022,0.269676409622022
real_car_evaluation,x_only,23,valid,0.7787263896392644,0.778726389639263
real_car_evaluation,x_only,24,valid,0.8132401813574,0.813240181357399
real_car_evaluation,x_only,25,valid,0.8132401813574,0.813240181357399
real_car_evaluation,x_only,26,valid,1.2157811981131823,1.21578119811318
real_car_evaluation,x_only,27,valid,3.386269869756001e-15,3.3862698697559905e-15
real_car_evaluation,x_only,28,valid,0.567480087995792,0.567480087995791
real_car_evaluation,x_only,29,valid,0.8132401813574,0.813240181357399
real_car_evaluation,x_only,30,valid,0.8132401813574,0.813240181357399
real_car_evaluation,x_only,31,valid,0.5207494120360531,0.520749412036052
real_car_evaluation,xy_2d,0,invalid,,
real_car_evaluation,xy_2d,1,invalid,,
real_car_evaluation,xy_2d,2,invalid,,
real_car_evaluation,xy_2d,3,invalid,,
real_car_evaluation,xy_2d,4,invalid,,
real_car_evaluation,xy_2d,5,invalid,,
real_car_evaluation,xy_2d,6,invalid,,
real_car_evaluation,xy_2d,7,invalid,,
real_car_evaluation,xy_2d,8,invalid,,
real_car_evaluation,xy_2d,9,invalid,,
real_car_evaluation,xy_2d,10,invalid,,
real_car_evaluation,xy_2d,11,invalid,,
real_car_evaluation,xy_2d,12,invalid,,
real_car_evaluation,xy_2d,13,invalid,,
real_car_evaluation,xy_2d,14,invalid,,
real_car_evaluation,xy_2d,15,invalid,,
real_car_evaluation,xy_2d,16,invalid,,
real_car_evaluation,xy_2d,17,invalid,,
real_car_evaluation,xy_2d,18,invalid,,
real_car_evaluation,xy_2d,19,invalid,,
real_car_evaluation,xy_2d,20,invalid,,
real_car_evaluation,xy_2d,21,invalid,,
real_car_evaluation,xy_2d,22,invalid,,
real_car_evaluation,xy_2d,23,invalid,,
real_car_evaluation,xy_2d,24,invalid,,
real_car_evaluation,xy_2d,25,invalid,,
real_car_evaluation,xy_2d,26,invalid,,
real_car_evaluation,xy_2d,27,invalid,,
real_car_evaluation,xy_2d,28,invalid,,
real_car_evaluation,xy_2d,29,invalid,,
real_car_evaluation,xy_2d,30,invalid,,
real_car_evaluation,xy_2d,31,invalid,,
real_car_evaluation,y_only,0,invalid,,
real_car_evaluation,y_only,1,invalid,,
real_car_evaluation,y_only,2,invalid,,
real_car_evaluation,y_only,3,invalid,,
real_car_evaluation,y_only,4,invalid,,
real_car_evaluation,y_only,5,invalid,,
real_car_evaluation,y_only,6,invalid,,
real_car_evaluation,y_only,7,invalid,,
real_car_evaluation,y_only,8,invalid,,
real_car_evaluation,y_only,9,invalid,,
real_car_evaluation,y_only,10,invalid,,
real_car_evaluation,y_only,11,invalid,,
real_car_evaluation,y_only,12,invalid,,
real_car_evaluation,y_only,13,invalid,,
real_car_evaluation,y_only,14,invalid,,
real_car_evaluation,y_only,15,invalid,,
real_car_evaluation,y_only,16,invalid,,
real_car_evaluation,y_only,17,invalid,,
real_car_evaluation,y_only,18,invalid,,
real_car_evaluation,y_only,19,invalid,,
real_car_evaluation,y_only,20,invalid,,
real_car_evaluation,y_only,21,invalid,,
real_car_evaluation,y_only,22,invalid,,
real_car_evaluation,y_only,23,invalid,,
real_car_evaluation,y_only,24,invalid,,
real_car_evaluation,y_only,25,invalid,,
real_car_evaluation,y_only,26,invalid,,
real_car_evaluation,y_only,27,invalid,,
real_car_evaluation,y_only,28,invalid,,
real_car_evaluation,y_only,29,invalid,,
real_car_evaluation,y_only,30,invalid,,
real_car_evaluation,y_only,31,invalid,,
real_cardiotocography_3c,x_only,0,valid,0.7830160000409385,0.783016000040938
real_cardiotocography_3c,x_only,1,valid,0.7077424657822287,0.707742465782228
real_cardiotocography_3c,x_only,2,valid,0.6752374657575462,0.675237465757546
real_cardiotocography_3c,x_only,3,valid,0.665616425454794,0.665616425454793
real_cardiotocography_3c,x_only,4,valid,0.7848913937610966,0.784891393761096
real_cardiotocography_3c,x_only,5,valid,0.7024143705279225,0.702414370527922
real_cardiotocography_3c,x_only,6,valid,0.6832465219602533,0.683246521960252
real_cardiotocography_3c,x_only,7,valid,0.660638396606972,0.660638396606971
real_cardiotocography_3c,x_only,8,valid,0.7811637350762453,0.781163735076244
real_cardiotocography_3c,x_only,9,valid,0.7149149048870467,0.714914904887046
real_cardiotocography_3c,x_only,10,valid,0.688834229109832,0.688834229109831
real_cardiotocography_3c,x_only,11,valid,0.6634948870705355,0.663494887070535
real_cardiotocography_3c,x_only,12,valid,0.6643351521105101,0.664335152110509
real_cardiotocography_3c,x_only,13,valid,0.6508399016195762,0.650839901619576
real_cardiotocography_3c,x_only,14,valid,0.7814272411896287,0.781427241189628
real_cardiotocography_3c,x_only,15,valid,0.7766387240973587,0.776638724097358
real_cardiotocography_3c,x_only,16,valid,0.7001752605696361,0.700175260569635
real_cardiotocography_3c,x_only,17,valid,0.6919622512734623,0.691962251273461
real_cardiotocography_3c,x_only,18,valid,0.8724716165074536,0.872471616507452
real_cardiotocography_3c,x_only,19,valid,0.7578913539670882,0.757891353967088
real_cardiotocography_3c,x_only,20,valid,0.7977977819772788,0.797797781977278
real_cardiotocography_3c,x_only,21,valid,0.7924068827706534,0.792406882770653
real_cardiotocography_3c,x_only,22,valid,1.8593958782798377,1.85939587827984
real_cardiotocography_3c,x_only,23,valid,1.6863772870024465,1.68637728700245
real_cardiotocography_3c,x_only,24,valid,1.773559857751266,1.77355985775126
real_cardiotocography_3c,x_only,25,invalid,,1.73224466554774
real_cardiotocography_3c,x_only,26,valid,1.7233011645900476,1.72330116459005
real_cardiotocography_3c,x_only,27,valid,1.1816250123025165,1.18162501230252
real_cardiotocography_3c,x_only,28,valid,0.6863481752756957,0.686348175275695
real_cardiotocography_3c,x_only,29,valid,0.6981048533760816,0.698104853376081
real_cardiotocography_3c,x_only,30,invalid,,1.8
real_cardiotocography_3c,x_only,31,valid,0.6909308879023022,0.690930887902302
real_cardiotocography_3c,xy_2d,0,valid,0.7658091322911983,0.765809132291198
real_cardiotocography_3c,xy_2d,1,valid,0.6654908161945691,0.665490816194569
real_cardiotocography_3c,xy_2d,2,valid,0.5745409686011109,0.574540968601111
real_cardiotocography_3c,xy_2d,3,valid,0.5353783663570658,0.535378366357066
real_cardiotocography_3c,xy_2d,4,valid,0.8058998066608791,0.805899806660879
real_cardiotocography_3c,xy_2d,5,valid,0.6856452465835061,0.685645246583506
real_cardiotocography_3c,xy_2d,6,valid,0.6200113037622534,0.620011303762254
real_cardiotocography_3c,xy_2d,7,valid,0.5734516872358498,0.57345168723585
real_cardiotocography_3c,xy_2d,8,valid,0.7592875624568799,0.75928756245688
real_cardiotocography_3c,xy_2d,9,valid,0.7052659291815526,0.705265929181553
real_cardiotocography_3c,xy_2d,10,valid,0.6271878786003348,0.627187878600335
real_cardiotocography_3c,xy_2d,11,valid,0.5915797811406617,0.591579781140662
real_cardiotocography_3c,xy_2d,12,valid,0.5220313460495365,0.522031346049536
real_cardiotocography_3c,xy_2d,13,valid,0.525965934869687,0.525965934869687
real_cardiotocography_3c,xy_2d,14,valid,0.769525629955502,0.769525629955502
real_cardiotocography_3c,xy_2d,15,valid,0.6961438179501427,0.696143817950143
real_cardiotocography_3c,xy_2d,16,valid,0.6636556690027434,0.663655669002744
real_cardiotocography_3c,xy_2d,17,valid,0.563131717078603,0.563131717078603
real_cardiotocography_3c,xy_2d,18,valid,0.9252357741029004,0.925235774102901
real_cardiotocography_3c,xy_2d,19,valid,0.720627180795526,0.720627180795526
real_cardiotocography_3c,xy_2d,20,valid,0.7977217965787309,0.797721796578731
real_cardiotocography_3c,xy_2d,21,valid,0.6673420363818415,0.667342036381842
real_cardiotocography_3c,xy_2d,22,valid,2.0,2.0
real_cardiotocography_3c,xy_2d,23,valid,1.7256272533933303,1.72562725339333
real_cardiotocography_3c,xy_2d,24,valid,1.5812694388550197,1.58126943885502
real_cardiotocography_3c,xy_2d,25,valid,1.9046876951572416,1.90468769515724
real_cardiotocography_3c,xy_2d,26,valid,1.2777945047256751,1.27779450472568
real_cardiotocography_3c,xy_2d,27,valid,1.1252503038040225,1.12525030380402
real_cardiotocography_3c,xy_2d,28,valid,0.5322108589078475,0.532210858907848
real_cardiotocography_3c,xy_2d,29,valid,0.6321535385865473,0.632153538586547
real_cardiotocography_3c,xy_2d,30,valid,1.842163398092184,1.84216339809218
real_cardiotocography_3c,xy_2d,31,valid,0.4978209844623741,0.497820984462374
real_cardiotocography_3c,y_only,0,valid,0.8517431931550133,0.851743193155014
real_cardiotocography_3c,y_only,1,valid,0.8217457221712778,0.821745722171278
real_cardiotocography_3c,y_only,2,valid,0.8068496526808379,0.806849652680838
real_cardiotocography_3c,y_only,3,valid,0.8462318069036912,0.846231806903692
real_cardiotocography_3c,y_only,4,valid,0.8553474789893963,0.855347478989397
real_cardiotocography_3c,y_only,5,valid,0.8187602904132053,0.818760290413206
real_cardiotocography_3c,y_only,6,valid,0.8052795242669132,0.805279524266914
real_cardiotocography_3c,y_only,7,valid,0.8201084582870269,0.820108458287027
real_cardiotocography_3c,y_only,8,valid,0.8516302524512838,0.851630252451284
real_cardiotocography_3c,y_only,9,valid,0.8202815758008487,0.820281575800849
real_cardiotocography_3c,y_only,10,valid,0.8364331162987382,0.836433116298739
real_cardiotocography_3c,y_only,11,valid,0.8542306885262411,0.854230688526242
real_cardiotocography_3c,y_only,12,valid,0.8228082469914664,0.822808246991467
real_cardiotocography_3c,y_only,13,valid,0.8446122748935249,0.844612274893525
real_cardiotocography_3c,y_only,14,valid,0.859665696292395,0.859665696292396
real_cardiotocography_3c,y_only,15,valid,0.876163693157101,0.876163693157101
real_cardiotocography_3c,y_only,16,valid,0.8424780748307873,0.842478074830788
real_cardiotocography_3c,y_only,17,valid,0.8268504920973104,0.826850492097311
real_cardiotocography_3c,y_only,18,valid,0.8612610960156611,0.861261096015662
real_cardiotocography_3c,y_only,19,valid,0.8994087886022871,0.899408788602288
real_cardiotocography_3c,y_only,20,valid,0.8510620083204804,0.851062008320481
real_cardiotocography_3c,y_only,21,valid,1.581507961766382,1.58150796176638
real_cardiotocography_3c,y_only,22,valid,1.8944915973200187,1.89449159732002
real_cardiotocography_3c,y_only,23,invalid,,1.65191783724216
real_cardiotocography_3c,y_only,24,invalid,,1.89732202751112
real_cardiotocography_3c,y_only,25,invalid,,2.0
real_cardiotocography_3c,y_only,26,valid,1.7733505696668528,1.77335056966685
real_cardiotocography_3c,y_only,27,valid,1.2675382015979024,1.2675382015979
real_cardiotocography_3c,y_only,28,valid,0.8316549914291042,0.831654991429105
real_cardiotocography_3c,y_only,29,valid,1.5821627401173497,1.58216274011735
real_cardiotocography_3c,y_only,30,invalid,,2.0
real_cardiotocography_3c,y_only,31,valid,0.8416855453795725,0.841685545379573
real_churn,x_only,0,valid,0.8206458821986127,0.820645882198614
real_churn,x_only,1,valid,0.7602630466918777,0.760263046691879
real_churn,x_only,2,valid,0.7292311066392837,0.729231106639285
real_churn,x_only,3,valid,0.7191596161810283,0.71915961618103
real_churn,x_only,4,valid,0.8217313609627491,0.82173136096275
real_churn,x_only,5,valid,0.7710519653501617,0.771051965350164
real_churn,x_only,6,valid,0.7290626437582541,0.729062643758256
real_churn,x_only,7,valid,0.7307445520186471,0.730744552018648
real_churn,x_only,8,valid,0.8208443801123101,0.820844380112312
real_churn,x_only,9,valid,0.7572082643198462,0.757208264319847
real_churn,x_only,10,valid,0.7293467245989799,0.729346724598981
real_churn,x_only,11,valid,0.7208121880727183,0.72081218807272
real_churn,x_only,12,valid,0.7437972610290596,0.743797261029061
real_churn,x_only,13,valid,0.7603617145705767,0.760361714570578
real_churn,x_only,14,valid,0.8265405499889455,0.826540549988948
real_churn,x_only,15,valid,0.7873512761521249,0.787351276152127
real_churn,x_only,16,valid,0.7686752316378059,0.768675231637808
real_churn,x_only,17,valid,0.7281827637136797,0.728182763713681
real_churn,x_only,18,valid,0.8646839615837715,0.864683961583773
real_churn,x_only,19,valid,1.0297900857467646,1.02979008574677
real_churn,x_only,20,valid,0.93764777415146,0.937647774151462
real_churn,x_only,21,valid,1.079036963616062,1.07903696361606
real_churn,x_only,22,valid,1.844576518832235,1.84457651883224
real_churn,x_only,23,valid,1.949896225916698,1.9498962259167
real_churn,x_only,24,invalid,,1.99906672963154
real_churn,x_only,25,invalid,,2.0
real_churn,x_only,26,valid,1.9207870980644703,1.92078709806447
real_churn,x_only,27,valid,1.433214427650613,1.43321442765061
real_churn,x_only,28,valid,0.7256910475578275,0.725691047557829
real_churn,x_only,29,valid,1.0682347626796451,1.06823476267965
real_churn,x_only,30,invalid,,2.0
real_churn,x_only,31,valid,0.743761294253594,0.743761294253595
real_churn,xy_2d,0,valid,0.7362821343574508,0.736282134357451
real_churn,xy_2d,1,valid,0.6154991348109989,0.615499134810999
real_churn,xy_2d,2,valid,0.5578634962629322,0.557863496262932
real_churn,xy_2d,3,valid,0.5163243832323896,0.51632438323239
real_churn,xy_2d,4,valid,0.7445328968865862,0.744532896886587
real_churn,xy_2d,5,valid,0.6223210807599562,0.622321080759956
real_churn,xy_2d,6,valid,0.5601780518523997,0.5601780518524
real_churn,xy_2d,7,valid,0.501687045425056,0.501687045425056
real_churn,xy_2d,8,valid,0.7366902264354284,0.736690226435428
real_churn,xy_2d,9,valid,0.6201589796997725,0.620158979699773
real_churn,xy_2d,10,valid,0.5596767353546331,0.559676735354633
real_churn,xy_2d,11,valid,0.5207466513988913,0.520746651398891
real_churn,xy_2d,12,valid,0.4703509557240032,0.470350955724003
real_churn,xy_2d,13,valid,0.4705694848868514,0.470569484886851
real_churn,xy_2d,14,valid,0.7768960549372935,0.776896054937294
real_churn,xy_2d,15,valid,0.6516042599608195,0.651604259960819
real_churn,xy_2d,16,valid,0.594986910086836,0.594986910086836
real_churn,xy_2d,17,valid,0.5415326498937196,0.54153264989372
real_churn,xy_2d,18,valid,0.7900416340316996,0.790041634031699
real_churn,xy_2d,19,valid,0.7284953908747975,0.728495390874797
real_churn,xy_2d,20,valid,0.6816268312647318,0.681626831264731
real_churn,xy_2d,21,valid,0.7032296650069928,0.703229665006992
real_churn,xy_2d,22,valid,1.4163958867852875,1.41639588678529
real_churn,xy_2d,23,valid,1.1872542053742117,1.18725420537421
real_churn,xy_2d,24,valid,1.4807117092280444,1.48071170922804
real_churn,xy_2d,25,invalid,,1.895686501784
real_churn,xy_2d,26,valid,0.8882596098350866,0.888259609835087
real_churn,xy_2d,27,valid,1.0939481268011528,1.09394812680115
real_churn,xy_2d,28,valid,0.4725616277960468,0.472561627796047
real_churn,xy_2d,29,valid,0.6178367633992746,0.617836763399274
real_churn,xy_2d,30,invalid,,1.89611437682519
real_churn,xy_2d,31,valid,0.4655024814650031,0.465502481465003
real_churn,y_only,0,valid,0.8257585959151501,0.82575859591515
real_churn,y_only,1,valid,0.7654331002495469,0.765433100249548
real_churn,y_only,2,valid,0.7385282737286101,0.738528273728611
real_churn,y_only,3,valid,0.7366085187734064,0.736608518773407
real_churn,y_only,4,valid,0.8279460236320296,0.827946023632031
real_churn,y_only,5,valid,0.7692681160488187,0.769268116048819
real_churn,y_only,6,valid,0.7412491334129878,0.741249133412988
real_churn,y_only,7,valid,0.7530787939182143,0.753078793918215
real_churn,y_only,8,valid,0.8280398200607402,0.828039820060741
real_churn,y_only,9,valid,0.7764886620946267,0.776488662094627
real_churn,y_only,10,valid,0.7477314344049123,0.747731434404913
real_churn,y_only,11,valid,0.7512837158302609,0.751283715830261
real_churn,y_only,12,valid,0.7449416228437933,0.744941622843793
real_churn,y_only,13,valid,0.7395685483864831,0.739568548386484
real_churn,y_only,14,valid,0.8591104363354303,0.859110436335431
real_churn,y_only,15,valid,0.7667462452370571,0.766746245237058
real_churn,y_only,16,valid,0.7754148211480291,0.77541482114803
real_churn,y_only,17,valid,0.7428668587410306,0.742866858741031
real_churn,y_only,18,valid,0.8517723697089119,0.851772369708912
real_churn,y_only,19,valid,0.7906117869830589,0.79061178698306
real_churn,y_only,20,valid,1.103080032485121,1.10308003248512
real_churn,y_only,21,valid,1.087270071165645,1.08727007116565
real_churn,y_only,22,valid,1.831943468456025,1.83194346845602
real_churn,y_only,23,valid,1.836102700874629,1.83610270087463
real_churn,y_only,24,invalid,,1.79899313993706
real_churn,y_only,25,invalid,,1.0
real_churn,y_only,26,valid,1.913211432413653,1.91321143241365
real_churn,y_only,27,valid,1.3778887242499824,1.37788872424998
real_churn,y_only,28,valid,0.7569533019341919,0.756953301934192
real_churn,y_only,29,valid,1.0854708154666528,1.08547081546665
real_churn,y_only,30,invalid,,1.0
real_churn,y_only,31,valid,0.7447574716082705,0.744757471608271
real_climate_model_crashes,x_only,0,valid,0.7494468288609257,0.749446828860926
real_climate_model_crashes,x_only,1,valid,0.6979352409470679,0.697935240947068
real_climate_model_crashes,x_only,2,valid,0.7119800440592914,0.711980044059291
real_climate_model_crashes,x_only,3,valid,0.7300912370367603,0.73009123703676
real_climate_model_crashes,x_only,4,valid,0.7517626742537429,0.751762674253743
real_climate_model_crashes,x_only,5,valid,0.7017575277258,0.7017575277258
real_climate_model_crashes,x_only,6,valid,0.717908100673696,0.717908100673696
real_climate_model_crashes,x_only,7,valid,0.7198164192907048,0.719816419290705
real_climate_model_crashes,x_only,8,valid,0.7527321344195329,0.752732134419533
real_climate_model_crashes,x_only,9,valid,0.6936191563062094,0.693619156306209
real_climate_model_crashes,x_only,10,valid,0.7098563997845436,0.709856399784544
real_climate_model_crashes,x_only,11,valid,0.7017377442939814,0.701737744293981
real_climate_model_crashes,x_only,12,valid,0.7041932814260343,0.704193281426034
real_climate_model_crashes,x_only,13,valid,0.7943707202882716,0.794370720288272
real_climate_model_crashes,x_only,14,valid,0.8154070795527636,0.815407079552763
real_climate_model_crashes,x_only,15,valid,0.703022957265535,0.703022957265535
real_climate_model_crashes,x_only,16,valid,0.7507816369804957,0.750781636980496
real_climate_model_crashes,x_only,17,valid,0.7388667523170221,0.738866752317022
real_climate_model_crashes,x_only,18,valid,0.7739979606181466,0.773997960618147
real_climate_model_crashes,x_only,19,valid,0.7355439081907171,0.735543908190717
real_climate_model_crashes,x_only,20,valid,0.7250277865567138,0.725027786556714
real_climate_model_crashes,x_only,21,valid,0.7072563564173053,0.707256356417305
real_climate_model_crashes,x_only,22,valid,1.5505737002144078,1.55057370021441
real_climate_model_crashes,x_only,23,invalid,,1.99885918087368
real_climate_model_crashes,x_only,24,invalid,,1.0
real_climate_model_crashes,x_only,25,invalid,,1.0
real_climate_model_crashes,x_only,26,valid,1.459345440165379,1.45934544016538
real_climate_model_crashes,x_only,27,valid,1.5106185437628228,1.51061854376282
real_climate_model_crashes,x_only,28,valid,0.7206087876422048,0.720608787642205
real_climate_model_crashes,x_only,29,valid,0.7072563564173052,0.707256356417305
real_climate_model_crashes,x_only,30,invalid,,1.0
real_climate_model_crashes,x_only,31,valid,0.9039013975175554,0.903901397517555
real_climate_model_crashes,xy_2d,0,valid,0.7584988091322094,0.758498809132209
real_climate_model_crashes,xy_2d,1,valid,0.677172395248869,0.677172395248869
real_climate_model_crashes,xy_2d,2,valid,0.5938129153383221,0.593812915338322
real_climate_model_crashes,xy_2d,3,valid,0.5548103279152166,0.554810327915216
real_climate_model_crashes,xy_2d,4,valid,0.7590549125117814,0.759054912511781
real_climate_model_crashes,xy_2d,5,valid,0.7134780480497446,0.713478048049744
real_climate_model_crashes,xy_2d,6,valid,0.623061549530209,0.623061549530209
real_climate_model_crashes,xy_2d,7,valid,0.6332714553011135,0.633271455301113
real_climate_model_crashes,xy_2d,8,valid,0.7612970611370172,0.761297061137017
real_climate_model_crashes,xy_2d,9,valid,0.6698165794873252,0.669816579487325
real_climate_model_crashes,xy_2d,10,valid,0.6050294621534209,0.605029462153421
real_climate_model_crashes,xy_2d,11,valid,0.5687107713242768,0.568710771324277
real_climate_model_crashes,xy_2d,12,valid,0.5492136858989901,0.54921368589899
real_climate_model_crashes,xy_2d,13,valid,0.5947144736820574,0.594714473682057
real_climate_model_crashes,xy_2d,14,valid,0.7901072340784662,0.790107234078466
real_climate_model_crashes,xy_2d,15,valid,0.6837715841790681,0.683771584179068
real_climate_model_crashes,xy_2d,16,valid,0.6348464144895618,0.634846414489562
real_climate_model_crashes,xy_2d,17,valid,0.5723280326572342,0.572328032657234
real_climate_model_crashes,xy_2d,18,valid,0.8754303015486017,0.875430301548602
real_climate_model_crashes,xy_2d,19,valid,0.8262745413487578,0.826274541348758
real_climate_model_crashes,xy_2d,20,valid,0.6439469129835991,0.643946912983599
real_climate_model_crashes,xy_2d,21,valid,0.6700980807360853,0.670098080736085
real_climate_model_crashes,xy_2d,22,valid,1.3110670512597336,1.31106705125973
real_climate_model_crashes,xy_2d,23,valid,1.3697858709537247,1.36978587095372
real_climate_model_crashes,xy_2d,24,invalid,,1.98741339627739
real_climate_model_crashes,xy_2d,25,invalid,,1.0
real_climate_model_crashes,xy_2d,26,valid,1.339434654587757,1.33943465458776
real_climate_model_crashes,xy_2d,28,valid,0.5839562086625084,0.583956208662508
real_climate_model_crashes,xy_2d,29,valid,0.6640776149045724,0.664077614904572
real_climate_model_crashes,xy_2d,30,invalid,,1.0
real_climate_model_crashes,xy_2d,31,valid,0.6185618303716838,0.618561830371684
real_climate_model_crashes,y_only,0,valid,0.8793870730586031,0.879387073058603
real_climate_model_crashes,y_only,1,valid,0.8884097399454305,0.88840973994543
real_climate_model_crashes,y_only,2,valid,0.8661941346749855,0.866194134674985
real_climate_model_crashes,y_only,3,valid,0.8942378701400662,0.894237870140066
real_climate_model_crashes,y_only,4,valid,0.8798646853295907,0.879864685329591
real_climate_model_crashes,y_only,5,valid,0.8701856507907468,0.870185650790747
real_climate_model_crashes,y_only,6,valid,0.8949365412288715,0.894936541228871
real_climate_model_crashes,y_only,7,valid,0.9503487962636562,0.950348796263656
real_climate_model_crashes,y_only,8,valid,0.8714598090222162,0.871459809022216
real_climate_model_crashes,y_only,9,valid,0.87542271922246,0.87542271922246
real_climate_model_crashes,y_only,10,valid,0.9007130421642497,0.90071304216425
real_climate_model_crashes,y_only,11,valid,0.9501420782991504,0.95014207829915
real_climate_model_crashes,y_only,12,valid,1.0087204922312896,1.00872049223129
real_climate_model_crashes,y_only,13,valid,1.1115058155312774,1.11150581553128
real_climate_model_crashes,y_only,14,valid,0.8915398031413779,0.891539803141378
real_climate_model_crashes,y_only,15,valid,0.8763390881367388,0.876339088136739
real_climate_model_crashes,y_only,16,valid,0.8966143641694616,0.896614364169461
real_climate_model_crashes,y_only,17,valid,0.95994630967528,0.95994630967528
real_climate_model_crashes,y_only,18,valid,0.945280381833398,0.945280381833398
real_climate_model_crashes,y_only,19,valid,0.9243962322229218,0.924396232222922
real_climate_model_crashes,y_only,20,valid,0.8880882058558738,0.888088205855874
real_climate_model_crashes,y_only,21,valid,0.8880882058558738,0.888088205855874
real_climate_model_crashes,y_only,22,invalid,,1.67290430496982
real_climate_model_crashes,y_only,23,invalid,,1.89220109639474
real_climate_model_crashes,y_only,24,invalid,,1.99425381096241
real_climate_model_crashes,y_only,25,invalid,,1.0
real_climate_model_crashes,y_only,26,valid,1.653916750863856,1.65391675086386
real_climate_model_crashes,y_only,27,valid,1.1260200011083537,1.12602000110835
real_climate_model_crashes,y_only,28,valid,1.109033550958248,1.10903355095825
real_climate_model_crashes,y_only,29,valid,0.8880882058558738,0.888088205855874
real_climate_model_crashes,y_only,30,invalid,,1.0
real_climate_model_crashes,y_only,31,valid,1.0978879632297034,1.0978879632297
real_cmc,x_only,0,valid,0.7048788127300117,0.704878812730013
real_cmc,x_only,1,valid,0.6334665577366256,0.633466557736627
real_cmc,x_only,2,valid,0.6193378578684439,0.619337857868445
real_cmc,x_only,3,valid,0.6380174820870819,0.638017482087083
real_cmc,x_only,4,valid,0.7123819530551438,0.712381953055145
real_cmc,x_only,5,valid,0.6334665577366256,0.633466557736627
real_cmc,x_only,6,valid,0.6404392049933052,0.640439204993306
real_cmc,x_only,7,valid,0.6245798264080051,0.624579826408006
real_cmc,x_only,8,valid,0.7048788127300117,0.704878812730013
real_cmc,x_only,9,valid,0.6334665577366256,0.633466557736627
real_cmc,x_only,10,valid,0.6193378578684439,0.619337857868445
real_cmc,x_only,11,valid,0.6380174820870819,0.638017482087083
real_cmc,x_only,12,valid,0.6492761490449344,0.649276149044935
real_cmc,x_only,13,valid,0.7173294323478844,0.717329432347886
real_cmc,x_only,14,valid,0.7638975832224142,0.763897583222417
real_cmc,x_only,15,valid,0.6452333919833331,0.645233391983335
real_cmc,x_only,16,valid,0.6117791901214479,0.611779190121449
real_cmc,x_only,17,valid,0.6426828761973933,0.642682876197395
real_cmc,x_only,18,valid,0.7638975832224142,0.763897583222417
real_cmc,x_only,19,valid,0.6139926336311832,0.613992633631184
real_cmc,x_only,20,valid,0.6139926336311832,0.613992633631184
real_cmc,x_only,21,valid,0.6139926336311832,0.613992633631184
real_cmc,x_only,22,valid,1.4830737598558386,1.48307375985584
real_cmc,x_only,23,valid,1.4830737598558386,1.48307375985584
real_cmc,x_only,24,invalid,,1.0
real_cmc,x_only,25,invalid,,1.0
real_cmc,x_only,26,valid,1.4821983458627677,1.48219834586277
real_cmc,x_only,27,valid,0.7931570669547059,0.793157066954707
real_cmc,x_only,28,valid,0.6609707699512579,0.660970769951259
real_cmc,x_only,29,valid,0.6139926336311832,0.613992633631184
real_cmc,x_only,30,invalid,,1.0
real_cmc,x_only,31,valid,0.7594388206342664,0.759438820634267
real_cmc,xy_2d,0,valid,0.5806163394479755,0.580616339447976
real_cmc,xy_2d,1,valid,0.4805940133173467,0.480594013317347
real_cmc,xy_2d,2,valid,0.4184924991819491,0.418492499181949
real_cmc,xy_2d,3,valid,0.3962376393084071,0.396237639308407
real_cmc,xy_2d,4,valid,0.5865420671145198,0.58654206711452
real_cmc,xy_2d,5,valid,0.4830007781989935,0.483000778198993
real_cmc,xy_2d,6,valid,0.4151953236586886,0.415195323658689
real_cmc,xy_2d,7,valid,0.3929475184165566,0.392947518416557
real_cmc,xy_2d,8,valid,0.5939747712243676,0.593974771224368
real_cmc,xy_2d,9,valid,0.5030271135888101,0.50302711358881
real_cmc,xy_2d,10,valid,0.4315367853426511,0.431536785342651
real_cmc,xy_2d,11,valid,0.4001325007727445,0.400132500772745
real_cmc,xy_2d,12,valid,0.3624422705049409,0.362442270504941
real_cmc,xy_2d,13,valid,0.3319204430232102,0.33192044302321
real_cmc,xy_2d,14,valid,0.5934176656922923,0.593417665692293
real_cmc,xy_2d,15,valid,0.54639648605951,0.54639648605951
real_cmc,xy_2d,16,valid,0.4954001198679579,0.495400119867958
real_cmc,xy_2d,17,valid,0.4209510258083732,0.420951025808373
real_cmc,xy_2d,18,valid,0.7928346238127426,0.792834623812742
real_cmc,xy_2d,19,valid,0.6400324118648562,0.640032411864857
real_cmc,xy_2d,20,valid,0.5235363340208992,0.523536334020899
real_cmc,xy_2d,21,valid,1.5151117478225329,1.51511174782253
real_cmc,xy_2d,22,valid,1.2,1.2
real_cmc,xy_2d,23,valid,0.9429625030746772,0.942962503074677
real_cmc,xy_2d,24,invalid,,1.86230282898393
real_cmc,xy_2d,25,invalid,,1.86230282898393
real_cmc,xy_2d,26,valid,0.5629320204550669,0.562932020455067
real_cmc,xy_2d,27,valid,0.623325875024079,0.623325875024079
real_cmc,xy_2d,28,valid,0.3843410276173836,0.384341027617384
real_cmc,xy_2d,29,valid,1.4279410369052017,1.4279410369052
real_cmc,xy_2d,30,invalid,,1.86230282898393
real_cmc,xy_2d,31,valid,0.3381903123664856,0.338190312366486
real_cmc,y_only,0,valid,0.7379472414061918,0.737947241406194
real_cmc,y_only,1,valid,0.6573102641774262,0.657310264177427
real_cmc,y_only,2,valid,0.6479356088410115,0.647935608841013
real_cmc,y_only,3,valid,0.6363774230702057,0.636377423070207
real_cmc,y_only,4,valid,0.7379472414061918,0.737947241406194
real_cmc,y_only,5,valid,0.6708154784973486,0.67081547849735
real_cmc,y_only,6,valid,0.6794947986761797,0.679494798676181
real_cmc,y_only,7,valid,0.6432092680777229,0.643209268077724
real_cmc,y_only,8,valid,0.7379472414061918,0.737947241406194
real_cmc,y_only,9,valid,0.6573102641774262,0.657310264177427
real_cmc,y_only,10,valid,0.6479356088410115,0.647935608841013
real_cmc,y_only,11,valid,0.6363774230702057,0.636377423070207
real_cmc,y_only,12,valid,0.5939834799255503,0.593983479925551
real_cmc,y_only,13,valid,0.5870652596454268,0.587065259645428
real_cmc,y_only,14,valid,0.7379472414061918,0.737947241406194
real_cmc,y_only,15,valid,0.6967368194048004,0.696736819404802
real_cmc,y_only,16,valid,0.624633423641601,0.624633423641602
real_cmc,y_only,17,valid,0.6085924271156501,0.608592427115651
real_cmc,y_only,18,valid,0.8198701346499141,0.819870134649916
real_cmc,y_only,19,valid,1.813449509946873,1.81344950994688
real_cmc,y_only,20,valid,1.811199839850381,1.81119983985038
real_cmc,y_only,21,valid,1.6885561451864142,1.68855614518642
real_cmc,y_only,22,valid,0.9529884648179846,0.952988464817986
real_cmc,y_only,23,valid,0.9529884648179846,0.952988464817986
real_cmc,y_only,24,valid,0.9529884648179846,0.952988464817986
real_cmc,y_only,25,invalid,,2.0
real_cmc,y_only,26,valid,0.5905326585863531,0.590532658586354
real_cmc,y_only,27,valid,0.5760373384575543,0.576037338457555
real_cmc,y_only,28,valid,0.6315784842774256,0.631578484277427
real_cmc,y_only,29,valid,1.6879576647437688,1.68795766474377
real_cmc,y_only,30,invalid,,2.0
real_cmc,y_only,31,valid,0.6038325302650567,0.603832530265058
real_credit_approval,x_only,0,valid,0.7478543876834508,0.747854387683451
real_credit_approval,x_only,1,valid,0.6582270506291126,0.658227050629113
real_credit_approval,x_only,2,valid,0.7570113753867063,0.757011375386706
real_credit_approval,x_only,3,valid,0.5874865730259913,0.587486573025991
real_credit_approval,x_only,4,valid,0.7639518617964959,0.763951861796496
real_credit_approval,x_only,5,valid,0.6402976663181792,0.640297666318179
real_credit_approval,x_only,6,valid,0.6002748620738119,0.600274862073812
real_credit_approval,x_only,7,valid,0.5889369520016139,0.588936952001614
real_credit_approval,x_only,8,valid,0.7661079453966425,0.766107945396643
real_credit_approval,x_only,9,valid,0.6584565052632504,0.658456505263251
real_credit_approval,x_only,10,valid,0.8042940209611669,0.804294020961167
real_credit_approval,x_only,11,valid,0.7933208529578,0.7933208529578
real_credit_approval,x_only,12,valid,1.5144520407086053,1.51445204070861
real_credit_approval,x_only,13,valid,1.5085077831581493,1.50850778315815
real_credit_approval,x_only,14,valid,0.8235453284307812,0.823545328430782
real_credit_approval,x_only,15,valid,0.6758132723522527,0.675813272352253
real_credit_approval,x_only,16,valid,0.6048440362435714,0.604844036243572
real_credit_approval,x_only,17,valid,0.5948571623946735,0.594857162394674
real_credit_approval,x_only,18,valid,2.0,2.0
real_credit_approval,x_only,19,valid,1.698941455847423,1.69894145584742
real_credit_approval,x_only,20,valid,1.692019131350103,1.6920191313501
real_credit_approval,x_only,21,valid,1.6838167650626377,1.68381676506264
real_credit_approval,x_only,22,valid,1.484384993917819,1.48438499391782
real_credit_approval,x_only,23,valid,1.1588751727839006,1.1588751727839
real_credit_approval,x_only,24,valid,1.2040782600296402,1.20407826002964
real_credit_approval,x_only,25,invalid,,1.18155274988335
real_credit_approval,x_only,26,valid,1.6256969655651063,1.62569696556511
real_credit_approval,x_only,27,valid,0.949325704032676,0.949325704032676
real_credit_approval,x_only,28,valid,1.513646602148079,1.51364660214808
real_credit_approval,x_only,29,valid,1.5364148417366166,1.53641484173662
real_credit_approval,x_only,30,invalid,,1.03488365683907
real_credit_approval,x_only,31,valid,1.4889235509842316,1.48892355098423
real_credit_approval,xy_2d,0,valid,0.7210875442659198,0.72108754426592
real_credit_approval,xy_2d,1,valid,0.6295525423611296,0.62955254236113
real_credit_approval,xy_2d,2,valid,0.9535326441915624,0.953532644191563
real_credit_approval,xy_2d,3,valid,1.086661721664724,1.08666172166472
real_credit_approval,xy_2d,4,valid,0.71807445084339,0.71807445084339
real_credit_approval,xy_2d,5,valid,0.7316866987036156,0.731686698703616
real_credit_approval,xy_2d,6,valid,0.9870339249725372,0.987033924972537
real_credit_approval,xy_2d,7,valid,0.9328161394951932,0.932816139495193
real_credit_approval,xy_2d,8,valid,0.7165957699843379,0.716595769984338
real_credit_approval,xy_2d,9,valid,0.8160936637656164,0.816093663765617
real_credit_approval,xy_2d,10,valid,0.7679532695646232,0.767953269564623
real_credit_approval,xy_2d,11,valid,0.7870396906273789,0.787039690627379
real_credit_approval,xy_2d,12,valid,0.757523022173799,0.757523022173799
real_credit_approval,xy_2d,13,valid,1.3769769546899804,1.37697695468998
real_credit_approval,xy_2d,14,valid,0.7176996507928035,0.717699650792804
real_credit_approval,xy_2d,15,valid,1.289467011697031,1.28946701169703
real_credit_approval,xy_2d,16,valid,1.1774607658841771,1.17746076588418
real_credit_approval,xy_2d,17,valid,1.1597120831207222,1.15971208312072
real_credit_approval,xy_2d,18,valid,1.5538155868466816,1.55381558684668
real_credit_approval,xy_2d,19,valid,1.3516331575311358,1.35163315753114
real_credit_approval,xy_2d,20,valid,1.7007477840705274,1.70074778407053
real_credit_approval,xy_2d,21,valid,1.70069465867596,1.70069465867596
real_credit_approval,xy_2d,22,valid,1.172343819054003,1.172343819054
real_credit_approval,xy_2d,23,valid,0.9624343144962214,0.962434314496221
real_credit_approval,xy_2d,24,invalid,,1.06571286710021
real_credit_approval,xy_2d,25,valid,1.3036071980440225,1.30360719804402
real_credit_approval,xy_2d,26,valid,1.1176470588235294,1.11764705882353
real_credit_approval,xy_2d,28,valid,1.107968108613418,1.10796810861342
real_credit_approval,xy_2d,29,valid,1.642990962183823,1.64299096218382
real_credit_approval,xy_2d,30,invalid,,1.6005343873297
real_credit_approval,xy_2d,31,valid,1.3594729552771294,1.35947295527713
real_credit_approval,y_only,0,valid,1.594549902536997,1.594549902537
real_credit_approval,y_only,1,valid,1.4887794086198871,1.48877940861989
real_credit_approval,y_only,2,valid,1.8379777068467744,1.83797770684677
real_credit_approval,y_only,3,valid,1.8038831132838231,1.80388311328382
real_credit_approval,y_only,4,valid,1.3788924268814589,1.37889242688146
real_credit_approval,y_only,5,valid,1.4241212411833908,1.42412124118339
real_credit_approval,y_only,6,valid,1.3979903275166898,1.39799032751669
real_credit_approval,y_only,7,valid,1.4418932272136245,1.44189322721362
real_credit_approval,y_only,8,valid,1.1058207351547449,1.10582073515475
real_credit_approval,y_only,9,valid,1.214307629770492,1.21430762977049
real_credit_approval,y_only,10,valid,1.834233211160006,1.83423321116001
real_credit_approval,y_only,11,valid,1.806629208499106,1.80662920849911
real_credit_approval,y_only,12,valid,1.7774471578845512,1.77744715788455
real_credit_approval,y_only,13,valid,1.768932680517123,1.76893268051712
real_credit_approval,y_only,14,valid,1.594549902536997,1.594549902537
real_credit_approval,y_only,15,valid,1.4888198727328823,1.48881987273288
real_credit_approval,y_only,16,valid,1.4803266928434995,1.4803266928435
real_credit_approval,y_only,17,valid,1.433122927772461,1.43312292777246
real_credit_approval,y_only,18,valid,1.594549902536997,1.594549902537
real_credit_approval,y_only,19,valid,1.944505032287689,1.94450503228769
real_credit_approval,y_only,20,valid,1.8937392765044287,1.89373927650443
real_credit_approval,y_only,21,valid,1.893579872405215,1.89357987240522
real_credit_approval,y_only,22,valid,1.472479980484354,1.47247998048435
real_credit_approval,y_only,23,invalid,,1.30354508215746
real_credit_approval,y_only,24,invalid,,1.37889242688146
real_credit_approval,y_only,25,invalid,,1.37889242688146
real_credit_approval,y_only,26,valid,1.8544920457661245,1.85449204576612
real_credit_approval,y_only,27,valid,1.272093023255814,1.27209302325581
real_credit_approval,y_only,28,valid,1.7829861904863833,1.78298619048638
real_credit_approval,y_only,29,valid,1.893560091672433,1.89356009167243
real_credit_approval,y_only,30,invalid,,1.47492867919326
real_credit_approval,y_only,31,valid,1.7649661138656714,1.76496611386567
real_diabetes_pima,x_only,0,valid,0.8571768117064127,0.857176811706413
real_diabetes_pima,x_only,1,valid,0.8217810733513214,0.821781073351322
real_diabetes_pima,x_only,2,valid,0.800754576261293,0.800754576261293
real_diabetes_pima,x_only,3,valid,0.9679075745174944,0.967907574517495
real_diabetes_pima,x_only,4,valid,0.8452550162833165,0.845255016283317
real_diabetes_pima,x_only,5,valid,0.8347598010812571,0.834759801081257
real_diabetes_pima,x_only,6,valid,0.8022297145039348,0.802229714503935
real_diabetes_pima,x_only,7,valid,0.8102967705349855,0.810296770534986
real_diabetes_pima,x_only,8,valid,0.8871119625886831,0.887111962588683
real_diabetes_pima,x_only,9,valid,0.860520962967271,0.860520962967272
real_diabetes_pima,x_only,10,valid,0.8223462287985221,0.822346228798522
real_diabetes_pima,x_only,11,valid,0.969549675516488,0.969549675516488
real_diabetes_pima,x_only,12,valid,0.955211838751525,0.955211838751525
real_diabetes_pima,x_only,13,valid,0.9477032005146772,0.947703200514678
real_diabetes_pima,x_only,14,valid,0.8472909685278932,0.847290968527893
real_diabetes_pima,x_only,15,valid,0.8579300689700836,0.857930068970084
real_diabetes_pima,x_only,16,valid,0.8095380498688831,0.809538049868883
real_diabetes_pima,x_only,17,valid,0.7977409104488143,0.797740910448815
real_diabetes_pima,x_only,18,valid,0.957356821285281,0.957356821285281
real_diabetes_pima,x_only,19,valid,1.158600170902777,1.15860017090278
real_diabetes_pima,x_only,20,valid,1.3801280535870837,1.38012805358708
real_diabetes_pima,x_only,21,valid,1.253579848029995,1.25357984803
real_diabetes_pima,x_only,22,valid,1.8538778194306145,1.85387781943062
real_diabetes_pima,x_only,23,valid,1.3324550955664816,1.33245509556648
real_diabetes_pima,x_only,24,invalid,,1.28021832875428
real_diabetes_pima,x_only,25,invalid,,1.3965356520808
real_diabetes_pima,x_only,26,valid,1.832226464499558,1.83222646449956
real_diabetes_pima,x_only,27,valid,1.0722248729420083,1.07222487294201
real_diabetes_pima,x_only,28,valid,1.0101134780502203,1.01011347805022
real_diabetes_pima,x_only,29,valid,1.2534719320639724,1.25347193206397
real_diabetes_pima,x_only,30,invalid,,1.3695652173913
real_diabetes_pima,x_only,31,valid,0.9491151417578224,0.949115141757823
real_diabetes_pima,xy_2d,0,valid,0.7886898161766589,0.788689816176659
real_diabetes_pima,xy_2d,1,valid,0.6529608747221771,0.652960874722177
real_diabetes_pima,xy_2d,2,valid,0.6429158456244165,0.642915845624416
real_diabetes_pima,xy_2d,3,valid,0.5797292040809325,0.579729204080933
real_diabetes_pima,xy_2d,4,valid,0.8177475105708767,0.817747510570877
real_diabetes_pima,xy_2d,5,valid,0.6765036301275678,0.676503630127568
real_diabetes_pima,xy_2d,6,valid,0.6078056504161712,0.607805650416171
real_diabetes_pima,xy_2d,7,valid,0.6202721278203837,0.620272127820384
real_diabetes_pima,xy_2d,8,valid,0.7850065868000343,0.785006586800034
real_diabetes_pima,xy_2d,9,valid,1.0206286486550438,1.02062864865504
real_diabetes_pima,xy_2d,10,valid,0.775300518771248,0.775300518771248
real_diabetes_pima,xy_2d,11,valid,0.7306205067665679,0.730620506766568
real_diabetes_pima,xy_2d,12,valid,0.9634694541143598,0.96346945411436
real_diabetes_pima,xy_2d,13,valid,1.4632929911174923,1.46329299111749
real_diabetes_pima,xy_2d,14,valid,0.8019902356022593,0.801990235602259
real_diabetes_pima,xy_2d,15,valid,0.66356484654252,0.66356484654252
real_diabetes_pima,xy_2d,16,valid,0.6487324142184283,0.648732414218428
real_diabetes_pima,xy_2d,17,valid,0.5969658527102718,0.596965852710272
real_diabetes_pima,xy_2d,18,valid,0.8077308427511845,0.807730842751184
real_diabetes_pima,xy_2d,19,valid,0.8401148913891191,0.840114891389119
real_diabetes_pima,xy_2d,20,valid,0.7940716170027801,0.79407161700278
real_diabetes_pima,xy_2d,21,valid,0.7665453667974692,0.766545366797469
real_diabetes_pima,xy_2d,22,valid,2.0,2.0
real_diabetes_pima,xy_2d,23,valid,1.3416494723463146,1.34164947234631
real_diabetes_pima,xy_2d,24,valid,1.7793218549943823,1.77932185499438
real_diabetes_pima,xy_2d,25,invalid,,1.75519367289043
real_diabetes_pima,xy_2d,26,valid,1.1814207344392935,1.18142073443929
real_diabetes_pima,xy_2d,28,valid,0.5586497312888855,0.558649731288885
real_diabetes_pima,xy_2d,29,valid,0.6707831557901442,0.670783155790144
real_diabetes_pima,xy_2d,30,invalid,,1.56991220743421
real_diabetes_pima,xy_2d,31,valid,0.9831577049766334,0.983157704976633
real_diabetes_pima,y_only,0,valid,0.8160044179990326,0.816004417999033
real_diabetes_pima,y_only,1,valid,0.8184730679971178,0.818473067997118
real_diabetes_pima,y_only,2,valid,0.8091805459480593,0.809180545948059
real_diabetes_pima,y_only,3,valid,0.7981338573264547,0.798133857326455
real_diabetes_pima,y_only,4,valid,0.8283921379679591,0.828392137967959
real_diabetes_pima,y_only,5,valid,0.8108793162810227,0.810879316281023
real_diabetes_pima,y_only,6,valid,0.8352757808701542,0.835275780870154
real_diabetes_pima,y_only,7,valid,0.811253288113538,0.811253288113538
real_diabetes_pima,y_only,8,valid,0.8160044179990326,0.816004417999033
real_diabetes_pima,y_only,9,valid,0.8451212031879825,0.845121203187983
real_diabetes_pima,y_only,10,valid,0.7993620154456437,0.799362015445644
real_diabetes_pima,y_only,11,valid,0.809086447724702,0.809086447724702
real_diabetes_pima,y_only,12,valid,0.8350936923203434,0.835093692320344
real_diabetes_pima,y_only,13,valid,0.8125773223153435,0.812577322315344
real_diabetes_pima,y_only,14,valid,0.8249416306668516,0.824941630666852
real_diabetes_pima,y_only,15,valid,0.8397790667056284,0.839779066705629
real_diabetes_pima,y_only,16,valid,0.8299573965086314,0.829957396508632
real_diabetes_pima,y_only,17,valid,0.8991555725315864,0.899155572531587
real_diabetes_pima,y_only,18,valid,0.8178710959824854,0.817871095982486
real_diabetes_pima,y_only,19,valid,0.8719086139239961,0.871908613923996
real_diabetes_pima,y_only,20,valid,0.9928032577300644,0.992803257730065
real_diabetes_pima,y_only,21,valid,0.9233704948995942,0.923370494899594
real_diabetes_pima,y_only,22,valid,1.6876462392775493,1.68764623927755
real_diabetes_pima,y_only,23,invalid,,1.99832337029439
real_diabetes_pima,y_only,24,invalid,,1.0
real_diabetes_pima,y_only,25,invalid,,1.0
real_diabetes_pima,y_only,26,valid,1.5793276519199049,1.5793276519199
real_diabetes_pima,y_only,27,valid,0.8830371549792033,0.883037154979203
real_diabetes_pima,y_only,28,valid,0.8983289791010937,0.898328979101094
real_diabetes_pima,y_only,29,valid,0.9233704948995942,0.923370494899594
real_diabetes_pima,y_only,30,invalid,,1.0
real_diabetes_pima,y_only,31,valid,0.9488028605596426,0.948802860559643
real_german_credit,x_only,0,valid,0.8306859087993183,0.830685908799318
real_german_credit,x_only,1,valid,0.7779889231713398,0.77798892317134
real_german_credit,x_only,2,valid,0.8110177027091506,0.811017702709151
real_german_credit,x_only,3,valid,0.8355172056366158,0.835517205636616
real_german_credit,x_only,4,valid,0.8462822144009842,0.846282214400984
real_german_credit,x_only,5,valid,0.7817659712321371,0.781765971232137
real_german_credit,x_only,6,valid,0.8489134981489563,0.848913498148956
real_german_credit,x_only,7,valid,0.8203177045720432,0.820317704572043
real_german_credit,x_only,8,valid,0.8285321283028089,0.828532128302809
real_german_credit,x_only,9,valid,0.7914137648800457,0.791413764880046
real_german_credit,x_only,10,valid,0.8107826357405272,0.810782635740528
real_german_credit,x_only,11,valid,0.8360192640522753,0.836019264052276
real_german_credit,x_only,12,valid,0.8219040773131311,0.821904077313131
real_german_credit,x_only,13,valid,1.1347164778464391,1.13471647784644
real_german_credit,x_only,14,valid,0.8315570168372153,0.831557016837215
real_german_credit,x_only,15,valid,0.7701912112370988,0.770191211237099
real_german_credit,x_only,16,valid,0.7857713751714509,0.785771375171451
real_german_credit,x_only,17,valid,0.8332492923146857,0.833249292314686
real_german_credit,x_only,18,valid,0.8923403061296451,0.892340306129645
real_german_credit,x_only,19,valid,1.3057071912656997,1.3057071912657
real_german_credit,x_only,20,valid,1.1871555762183337,1.18715557621833
real_german_credit,x_only,21,valid,1.1846431338855712,1.18464313388557
real_german_credit,x_only,22,valid,1.8261845309747824,1.82618453097478
real_german_credit,x_only,23,valid,1.4040495039486065,1.40404950394861
real_german_credit,x_only,24,invalid,,1.39381433847815
real_german_credit,x_only,25,invalid,,1.52176813826954
real_german_credit,x_only,26,valid,1.973550119456268,1.97355011945627
real_german_credit,x_only,27,valid,0.9952425242144518,0.995242524214452
real_german_credit,x_only,28,valid,0.8125293880954878,0.812529388095488
real_german_credit,x_only,29,valid,1.1569362707035684,1.15693627070357
real_german_credit,x_only,30,invalid,,1.89937106918239
real_german_credit,x_only,31,valid,1.1234164172733918,1.12341641727339
real_german_credit,xy_2d,0,valid,0.7313032590586981,0.731303259058698
real_german_credit,xy_2d,1,valid,0.5447171536446352,0.544717153644635
real_german_credit,xy_2d,2,valid,0.5432623406189974,0.543262340618997
real_german_credit,xy_2d,3,valid,0.484802021321653,0.484802021321653
real_german_credit,xy_2d,4,valid,0.7403020696858389,0.740302069685839
real_german_credit,xy_2d,5,valid,0.5568872364393875,0.556887236439387
real_german_credit,xy_2d,6,valid,0.5213404307888772,0.521340430788877
real_german_credit,xy_2d,7,valid,0.4865804497308085,0.486580449730808
real_german_credit,xy_2d,8,valid,0.7289518315703379,0.728951831570338
real_german_credit,xy_2d,9,valid,0.5804196478335819,0.580419647833582
real_german_credit,xy_2d,10,valid,0.5196822094015907,0.51968220940159
real_german_credit,xy_2d,11,valid,0.5161278848475495,0.516127884847549
real_german_credit,xy_2d,12,valid,0.5205276618442698,0.52052766184427
real_german_credit,xy_2d,13,valid,0.4569966578526527,0.456996657852653
real_german_credit,xy_2d,14,valid,0.7426021778135936,0.742602177813594
real_german_credit,xy_2d,15,valid,0.5666884690905761,0.566688469090576
real_german_credit,xy_2d,16,valid,0.5076128524166462,0.507612852416646
real_german_credit,xy_2d,17,valid,0.574286491931491,0.574286491931491
real_german_credit,xy_2d,18,valid,0.746593686547304,0.746593686547304
real_german_credit,xy_2d,19,valid,0.5897457603381205,0.58974576033812
real_german_credit,xy_2d,20,valid,0.7847216383756423,0.784721638375642
real_german_credit,xy_2d,21,valid,1.5226757206294734,1.52267572062947
real_german_credit,xy_2d,22,valid,1.8181818181818183,1.81818181818182
real_german_credit,xy_2d,23,valid,1.2787022094452352,1.27870220944524
real_german_credit,xy_2d,24,invalid,,1.40527676708569
real_german_credit,xy_2d,25,invalid,,1.70658179691265
real_german_credit,xy_2d,26,valid,0.9687534436010212,0.968753443601021
real_german_credit,xy_2d,28,valid,0.5330902887138893,0.533090288713889
real_german_credit,xy_2d,29,valid,1.5164610354601291,1.51646103546013
real_german_credit,xy_2d,30,invalid,,1.61751680937604
real_german_credit,xy_2d,31,valid,0.5491369866653473,0.549136986665347
real_german_credit,y_only,0,valid,0.832604994517707,0.832604994517707
real_german_credit,y_only,1,valid,0.8125615124950502,0.81256151249505
real_german_credit,y_only,2,valid,0.7747992806507141,0.774799280650714
real_german_credit,y_only,3,valid,0.7807027492687657,0.780702749268766
real_german_credit,y_only,4,valid,0.8298315673148393,0.829831567314839
real_german_credit,y_only,5,valid,0.8047258334954921,0.804725833495492
real_german_credit,y_only,6,valid,0.8724973784656538,0.872497378465654
real_german_credit,y_only,7,valid,0.7669260973152523,0.766926097315252
real_german_credit,y_only,8,valid,0.8265400253657154,0.826540025365715
real_german_credit,y_only,9,valid,0.7987777833871167,0.798777783387117
real_german_credit,y_only,10,valid,0.7660264137805396,0.76602641378054
real_german_credit,y_only,11,valid,0.7905566306527781,0.790556630652778
real_german_credit,y_only,12,valid,0.829140788718768,0.829140788718768
real_german_credit,y_only,13,valid,0.8643682007632557,0.864368200763256
real_german_credit,y_only,14,valid,0.8293478730190594,0.829347873019059
real_german_credit,y_only,15,valid,0.8603000617659997,0.860300061766
real_german_credit,y_only,16,valid,0.8358659719686979,0.835865971968698
real_german_credit,y_only,17,valid,0.7779525920301904,0.77795259203019
real_german_credit,y_only,18,valid,0.8292760931031468,0.829276093103147
real_german_credit,y_only,19,valid,1.0911137107706637,1.09111371077066
real_german_credit,y_only,20,valid,1.074992152901532,1.07499215290153
real_german_credit,y_only,21,valid,1.0026004083787776,1.00260040837878
real_german_credit,y_only,22,invalid,,1.43666402096507
real_german_credit,y_only,23,invalid,,1.69238523739778
real_german_credit,y_only,24,invalid,,1.99572314751952
real_german_credit,y_only,25,invalid,,1.0
real_german_credit,y_only,26,valid,1.6917429554828172,1.69174295548282
real_german_credit,y_only,27,valid,1.0217384852260536,1.02173848522605
real_german_credit,y_only,28,valid,0.8183737193591619,0.818373719359162
real_german_credit,y_only,29,valid,1.0026004083787776,1.00260040837878
real_german_credit,y_only,30,invalid,,1.0
real_german_credit,y_only,31,valid,0.9636742443656604,0.96367424436566
real_haberman,x_only,0,valid,0.8184030334466809,0.818403033446681
real_haberman,x_only,1,valid,0.7389296785587758,0.738929678558776
real_haberman,x_only,2,valid,0.7282755425160019,0.728275542516002
real_haberman,x_only,3,valid,0.8302102722858812,0.830210272285881
real_haberman,x_only,4,valid,0.8184030334466809,0.818403033446681
real_haberman,x_only,5,valid,0.7389296785587758,0.738929678558776
real_haberman,x_only,6,valid,0.7521280345020277,0.752128034502028
real_haberman,x_only,7,valid,0.772574348472035,0.772574348472035
real_haberman,x_only,8,valid,0.833617474405566,0.833617474405566
real_haberman,x_only,9,valid,0.7389296785587758,0.738929678558776
real_haberman,x_only,10,valid,0.7291063629693548,0.729106362969355
real_haberman,x_only,11,valid,0.8412605000913227,0.841260500091323
real_haberman,x_only,12,valid,0.8216894568546674,0.821689456854668
real_haberman,x_only,13,valid,0.8040422872731663,0.804042287273166
real_haberman,x_only,14,valid,0.8893721798583659,0.889372179858366
real_haberman,x_only,15,valid,0.7319788877020236,0.731978887702024
real_haberman,x_only,16,valid,0.737049795988509,0.737049795988509
real_haberman,x_only,17,valid,0.7373359166989818,0.737335916698982
real_haberman,x_only,18,valid,0.8104881224051486,0.810488122405149
real_haberman,x_only,19,valid,0.8299229193211272,0.829922919321127
real_haberman,x_only,20,valid,0.8299229193211273,0.829922919321127
real_haberman,x_only,21,valid,0.8299229193211273,0.829922919321127
real_haberman,x_only,22,valid,1.7338900583634984,1.7338900583635
real_haberman,x_only,23,valid,1.5762831082439837,1.57628310824398
real_haberman,x_only,24,invalid,,2.0
real_haberman,x_only,25,invalid,,2.0
real_haberman,x_only,26,valid,1.3721597810852455,1.37215978108525
real_haberman,x_only,27,valid,0.929005999833296,0.929005999833296
real_haberman,x_only,28,valid,0.8240586948705397,0.82405869487054
real_haberman,x_only,29,valid,0.8299229193211273,0.829922919321127
real_haberman,x_only,30,invalid,,2.0
real_haberman,x_only,31,valid,0.7974744545681117,0.797474454568112
real_haberman,xy_2d,0,valid,0.7892281348131188,0.789228134813119
real_haberman,xy_2d,1,valid,0.6811220106806937,0.681122010680694
real_haberman,xy_2d,2,valid,0.8235296372939078,0.823529637293908
real_haberman,xy_2d,3,valid,0.7240387637008712,0.724038763700871
real_haberman,xy_2d,4,valid,0.7848148868804001,0.7848148868804
real_haberman,xy_2d,5,valid,0.6854609273319503,0.68546092733195
real_haberman,xy_2d,6,valid,0.7506187005857792,0.750618700585779
real_haberman,xy_2d,7,valid,1.3234652232076265,1.32346522320763
real_haberman,xy_2d,8,valid,0.9635765856698792,0.963576585669879
real_haberman,xy_2d,9,valid,1.0230360753874417,1.02303607538744
real_haberman,xy_2d,10,valid,1.2054239754586935,1.20542397545869
real_haberman,xy_2d,11,valid,1.235443742988451,1.23544374298845
real_haberman,xy_2d,12,valid,1.7362995059532844,1.73629950595328
real_haberman,xy_2d,13,valid,1.7198501432346047,1.7198501432346
real_haberman,xy_2d,14,valid,0.8658338480022914,0.865833848002291
real_haberman,xy_2d,15,valid,0.6107583536067477,0.610758353606748
real_haberman,xy_2d,16,valid,0.7088418574699228,0.708841857469923
real_haberman,xy_2d,17,valid,0.637156647817673,0.637156647817673
real_haberman,xy_2d,18,valid,0.9709618355977744,0.970961835597774
real_haberman,xy_2d,19,valid,1.828061762339721,1.82806176233972
real_haberman,xy_2d,20,valid,1.6221735564527937,1.62217355645279
real_haberman,xy_2d,21,valid,1.620132140056329,1.62013214005633
real_haberman,xy_2d,22,valid,1.1479196929050768,1.14791969290508
real_haberman,xy_2d,23,valid,1.184134552665118,1.18413455266512
real_haberman,xy_2d,24,valid,1.1425766282478176,1.14257662824782
real_haberman,xy_2d,25,invalid,,1.74561313146361
real_haberman,xy_2d,26,valid,1.0885416666666667,1.08854166666667
real_haberman,xy_2d,28,valid,1.4372829304687946,1.43728293046879
real_haberman,xy_2d,29,valid,1.588993228488539,1.58899322848854
real_haberman,xy_2d,30,invalid,,1.74561313146361
real_haberman,xy_2d,31,valid,1.272885777927013,1.27288577792701
real_haberman,y_only,0,valid,1.001974630776045,1.00197463077605
real_haberman,y_only,1,valid,0.9504629381803716,0.950462938180372
real_haberman,y_only,2,valid,1.7131156438479271,1.71311564384793
real_haberman,y_only,3,valid,1.704901762007797,1.7049017620078
real_haberman,y_only,4,valid,0.956489010221991,0.956489010221991
real_haberman,y_only,5,valid,0.9432664297929898,0.94326642979299
real_haberman,y_only,6,valid,1.4336977304311125,1.43369773043111
real_haberman,y_only,7,valid,1.2440629505029326,1.24406295050293
real_haberman,y_only,8,valid,1.015367525724996,1.015367525725
real_haberman,y_only,9,valid,1.0607985238280209,1.06079852382802
real_haberman,y_only,10,valid,1.7402552539474554,1.74025525394746
real_haberman,y_only,11,valid,1.695431717389013,1.69543171738901
real_haberman,y_only,12,valid,1.7738497516312772,1.77384975163128
real_haberman,y_only,13,valid,1.765952164468147,1.76595216446815
real_haberman,y_only,14,valid,1.0622220876188773,1.06222208761888
real_haberman,y_only,15,valid,0.950670227968442,0.950670227968442
real_haberman,y_only,16,valid,1.7138896459849824,1.71388964598498
real_haberman,y_only,17,valid,1.7094134924765834,1.70941349247658
real_haberman,y_only,18,valid,0.99669968746645,0.99669968746645
real_haberman,y_only,19,valid,1.813298005574548,1.81329800557455
real_haberman,y_only,20,valid,1.88972959222149,1.88972959222149
real_haberman,y_only,21,valid,1.7891025611365108,1.78910256113651
real_haberman,y_only,22,valid,1.7963267689624989,1.7963267689625
real_haberman,y_only,23,valid,1.54446657703377,1.54446657703377
real_haberman,y_only,24,invalid,,1.63699720940329
real_haberman,y_only,25,invalid,,1.75
real_haberman,y_only,26,valid,1.6932423178504297,1.69324231785043
real_haberman,y_only,27,valid,0.9665133023646304,0.966513302364631
real_haberman,y_only,28,valid,1.6979566465468974,1.6979566465469
real_haberman,y_only,29,valid,1.7891025611365108,1.78910256113651
real_haberman,y_only,30,invalid,,1.75
real_haberman,y_only,31,valid,1.7673653026279013,1.7673653026279
real_hill_valley,x_only,0,valid,0.3760347409173566,0.376034740917356
real_hill_valley,x_only,1,valid,0.1841838946685883,0.184183894668588
real_hill_valley,x_only,2,valid,0.2059332876486128,0.205933287648613
real_hill_valley,x_only,3,valid,0.2828197168534481,0.282819716853448
real_hill_valley,x_only,4,valid,0.3383315963933143,0.338331596393314
real_hill_valley,x_only,5,valid,0.2521126377403143,0.252112637740314
real_hill_valley,x_only,6,valid,0.1539685284718724,0.153968528471872
real_hill_valley,x_only,7,valid,0.1151635124157939,0.115163512415794
real_hill_valley,x_only,8,valid,0.6638945637169817,0.663894563716982
real_hill_valley,x_only,9,valid,0.4985107072374947,0.498510707237494
real_hill_valley,x_only,10,valid,0.1960658549268107,0.196065854926811
real_hill_valley,x_only,11,valid,0.4026831167241664,0.402683116724166
real_hill_valley,x_only,12,valid,0.178815956606865,0.178815956606865
real_hill_valley,x_only,13,valid,0.2141655558997385,0.214165555899738
real_hill_valley,x_only,14,valid,0.2160996398921109,0.216099639892111
real_hill_valley,x_only,15,valid,0.2067082341070333,0.206708234107033
real_hill_valley,x_only,16,valid,0.2016460032895129,0.201646003289513
real_hill_valley,x_only,17,valid,0.2073063262655574,0.207306326265557
real_hill_valley,x_only,18,valid,0.3913559021269281,0.391355902126928
real_hill_valley,x_only,19,valid,0.4596801336423554,0.459680133642355
real_hill_valley,x_only,20,valid,0.4972650877885742,0.497265087788574
real_hill_valley,x_only,21,valid,0.3401724234437708,0.340172423443771
real_hill_valley,x_only,22,valid,1.207630743524979,1.20763074352498
real_hill_valley,x_only,23,valid,0.8331899903162556,0.833189990316256
real_hill_valley,x_only,24,valid,1.0485047400069796,1.04850474000698
real_hill_valley,x_only,25,valid,0.9708928611775544,0.970892861177554
real_hill_valley,x_only,26,valid,1.4389864928653622,1.43898649286536
real_hill_valley,x_only,27,valid,1.0847058823529412,1.08470588235294
real_hill_valley,x_only,28,valid,0.132258431143694,0.132258431143694
real_hill_valley,x_only,29,valid,0.3387538194949668,0.338753819494967
real_hill_valley,x_only,30,valid,0.5863521044880728,0.586352104488073
real_hill_valley,x_only,31,valid,0.1325448381128983,0.132544838112898
real_hill_valley,xy_2d,0,valid,0.4499492803982244,0.449949280398225
real_hill_valley,xy_2d,1,valid,0.2248728497022893,0.224872849702289
real_hill_valley,xy_2d,2,valid,0.4216108800056193,0.421610880005619
real_hill_valley,xy_2d,3,valid,0.354534269440546,0.354534269440546
real_hill_valley,xy_2d,4,valid,0.4499492803982244,0.449949280398225
real_hill_valley,xy_2d,5,valid,0.2854096635829966,0.285409663582997
real_hill_valley,xy_2d,6,valid,0.2321201286156802,0.23212012861568
real_hill_valley,xy_2d,7,valid,0.2311300124692791,0.231130012469279
real_hill_valley,xy_2d,8,valid,0.8206410520233659,0.820641052023366
real_hill_valley,xy_2d,9,valid,0.5360177505205108,0.536017750520511
real_hill_valley,xy_2d,10,valid,0.3667787470987863,0.366778747098786
real_hill_valley,xy_2d,11,valid,0.3647051026243117,0.364705102624312
real_hill_valley,xy_2d,12,valid,0.4098158894255834,0.409815889425584
real_hill_valley,xy_2d,13,valid,0.3797564503084797,0.37975645030848
real_hill_valley,xy_2d,14,valid,0.5769691249746877,0.576969124974688
real_hill_valley,xy_2d,15,valid,0.1653805107741709,0.165380510774171
real_hill_valley,xy_2d,16,valid,0.2205893939259315,0.220589393925932
real_hill_valley,xy_2d,17,valid,0.1940328302292505,0.19403283022925
real_hill_valley,xy_2d,18,valid,0.7528993760165453,0.752899376016546
real_hill_valley,xy_2d,19,valid,0.4981743153811179,0.498174315381118
real_hill_valley,xy_2d,20,valid,0.4972889384247629,0.497288938424763
real_hill_valley,xy_2d,21,valid,0.3110859379355083,0.311085937935508
real_hill_valley,xy_2d,22,valid,1.2819688987577087,1.28196889875771
real_hill_valley,xy_2d,23,valid,0.6104555510716603,0.61045555107166
real_hill_valley,xy_2d,24,valid,1.1805620585527663,1.18056205855277
real_hill_valley,xy_2d,25,valid,1.4479510070407178,1.44795100704072
real_hill_valley,xy_2d,26,valid,1.3848797250859106,1.38487972508591
real_hill_valley,xy_2d,28,valid,0.1932247845787218,0.193224784578722
real_hill_valley,xy_2d,29,valid,0.4527683420601316,0.452768342060132
real_hill_valley,xy_2d,30,valid,1.0011536973524806,1.00115369735248
real_hill_valley,xy_2d,31,valid,0.3371025000764357,0.337102500076436
real_hill_valley,y_only,0,valid,1.05947892927405,1.05947892927405
real_hill_valley,y_only,1,valid,1.0415104929876466,1.04151049298765
real_hill_valley,y_only,2,valid,0.9955625423963173,0.995562542396317
real_hill_valley,y_only,3,valid,0.9224837125136752,0.922483712513675
real_hill_valley,y_only,4,valid,1.0052110989277534,1.00521109892775
real_hill_valley,y_only,5,valid,1.098744882076833,1.09874488207683
real_hill_valley,y_only,6,valid,0.9499822463884414,0.949982246388442
real_hill_valley,y_only,7,valid,0.8629502665992137,0.862950266599214
real_hill_valley,y_only,8,valid,0.4944246420237009,0.494424642023701
real_hill_valley,y_only,9,valid,0.5178944802461041,0.517894480246104
real_hill_valley,y_only,10,valid,1.0373995921555466,1.03739959215555
real_hill_valley,y_only,11,valid,0.7583496991516455,0.758349699151646
real_hill_valley,y_only,12,valid,1.0011041187222425,1.00110411872224
real_hill_valley,y_only,13,valid,1.041550142634004,1.041550142634
real_hill_valley,y_only,14,valid,1.05947892927405,1.05947892927405
real_hill_valley,y_only,15,valid,1.0415104929876466,1.04151049298765
real_hill_valley,y_only,16,valid,0.93211534892764,0.93211534892764
real_hill_valley,y_only,17,valid,1.351637164211242,1.35163716421124
real_hill_valley,y_only,18,valid,1.4810471435104944,1.48104714351049
real_hill_valley,y_only,19,valid,1.345042785702873,1.34504278570287
real_hill_valley,y_only,20,valid,1.345042785702873,1.34504278570287
real_hill_valley,y_only,21,valid,1.345042785702873,1.34504278570287
real_hill_valley,y_only,22,valid,1.3989964659093528,1.39899646590935
real_hill_valley,y_only,23,valid,1.230660049017156,1.23066004901716
real_hill_valley,y_only,24,valid,1.2205631976715965,1.2205631976716
real_hill_valley,y_only,25,invalid,,1.51032207637609
real_hill_valley,y_only,26,valid,1.995798319327731,1.99579831932773
real_hill_valley,y_only,28,valid,1.2234348123514032,1.2234348123514
real_hill_valley,y_only,29,valid,1.345042785702873,1.34504278570287
real_hill_valley,y_only,30,invalid,,1.4772793705096
real_hill_valley,y_only,31,valid,1.1521533240407205,1.15215332404072
real_ilpd_liver,x_only,0,valid,0.7703178769007817,0.770317876900782
real_ilpd_liver,x_only,1,valid,0.6429699324375429,0.642969932437543
real_ilpd_liver,x_only,2,valid,0.7372456847017901,0.73724568470179
real_ilpd_liver,x_only,3,valid,0.6840225627904413,0.684022562790441
real_ilpd_liver,x_only,4,valid,0.7696349098196366,0.769634909819636
real_ilpd_liver,x_only,5,valid,0.6555917504072286,0.655591750407228
real_ilpd_liver,x_only,6,valid,0.7371197864182034,0.737119786418203
real_ilpd_liver,x_only,7,valid,0.6944606104995938,0.694460610499594
real_ilpd_liver,x_only,8,valid,0.8003901507311686,0.800390150731168
real_ilpd_liver,x_only,9,valid,0.6539735941432943,0.653973594143294
real_ilpd_liver,x_only,10,valid,0.8157680894341697,0.815768089434169
real_ilpd_liver,x_only,11,valid,0.7555130975582087,0.755513097558209
real_ilpd_liver,x_only,12,valid,0.8474293090438965,0.847429309043896
real_ilpd_liver,x_only,13,valid,1.1761189240768042,1.1761189240768
real_ilpd_liver,x_only,14,valid,0.7986340121524662,0.798634012152466
real_ilpd_liver,x_only,15,valid,0.7365125500909762,0.736512550090976
real_ilpd_liver,x_only,16,valid,0.6582667338512158,0.658266733851216
real_ilpd_liver,x_only,17,valid,0.580410878935209,0.580410878935209
real_ilpd_liver,x_only,18,valid,1.64,1.64
real_ilpd_liver,x_only,19,valid,1.3432378041582471,1.34323780415825
real_ilpd_liver,x_only,20,valid,1.3077727893011764,1.30777278930118
real_ilpd_liver,x_only,21,valid,1.6676980551888994,1.6676980551889
real_ilpd_liver,x_only,22,valid,1.5536071856423272,1.55360718564233
real_ilpd_liver,x_only,23,valid,1.7212503544256,1.7212503544256
real_ilpd_liver,x_only,24,invalid,,1.24310170367316
real_ilpd_liver,x_only,25,invalid,,1.34589303631881
real_ilpd_liver,x_only,26,valid,1.5234097929288528,1.52340979292885
real_ilpd_liver,x_only,27,valid,0.8822412318013735,0.882241231801373
real_ilpd_liver,x_only,28,valid,0.7583804069555239,0.758380406955524
real_ilpd_liver,x_only,29,valid,1.5319990753861332,1.53199907538613
real_ilpd_liver,x_only,30,valid,1.6648574985328015,1.6648574985328
real_ilpd_liver,x_only,31,valid,1.4204599678412746,1.42045996784127
real_ilpd_liver,xy_2d,0,valid,0.669600920683275,0.669600920683275
real_ilpd_liver,xy_2d,1,valid,0.5737957302045839,0.573795730204584
real_ilpd_liver,xy_2d,2,valid,0.589982486964627,0.589982486964627
real_ilpd_liver,xy_2d,3,valid,0.5538493269573421,0.553849326957342
real_ilpd_liver,xy_2d,4,valid,0.7418937169085886,0.741893716908589
real_ilpd_liver,xy_2d,5,valid,0.5461273754552235,0.546127375455223
real_ilpd_liver,xy_2d,6,valid,0.4428327642771188,0.442832764277119
real_ilpd_liver,xy_2d,7,valid,0.6812036811022852,0.681203681102285
real_ilpd_liver,xy_2d,8,valid,0.7375531011520342,0.737553101152034
real_ilpd_liver,xy_2d,9,valid,0.7468255507625294,0.746825550762529
real_ilpd_liver,xy_2d,10,valid,0.773030954257676,0.773030954257676
real_ilpd_liver,xy_2d,11,valid,0.9746088853860672,0.974608885386067
real_ilpd_liver,xy_2d,12,valid,0.6840727743215604,0.68407277432156
real_ilpd_liver,xy_2d,13,valid,0.6340014168484844,0.634001416848484
real_ilpd_liver,xy_2d,14,valid,0.7408239335228193,0.740823933522819
real_ilpd_liver,xy_2d,15,valid,0.6107517323323156,0.610751732332316
real_ilpd_liver,xy_2d,16,valid,0.4479149867824697,0.44791498678247
real_ilpd_liver,xy_2d,17,valid,0.4443966261636356,0.444396626163636
real_ilpd_liver,xy_2d,18,valid,0.946913052855756,0.946913052855756
real_ilpd_liver,xy_2d,19,valid,0.8245467519587263,0.824546751958726
real_ilpd_liver,xy_2d,20,valid,1.636270742284477,1.63627074228448
real_ilpd_liver,xy_2d,21,valid,1.451618750796912,1.45161875079691
real_ilpd_liver,xy_2d,22,valid,1.75,1.75
real_ilpd_liver,xy_2d,23,valid,0.9823699404626438,0.982369940462644
real_ilpd_liver,xy_2d,24,valid,1.064498928430576,1.06449892843058
real_ilpd_liver,xy_2d,25,invalid,,1.02703120490685
real_ilpd_liver,xy_2d,26,valid,0.897301859481177,0.897301859481177
real_ilpd_liver,xy_2d,27,valid,1.0066765196040182,1.00667651960402
real_ilpd_liver,xy_2d,28,valid,1.346929405136236,1.34692940513624
real_ilpd_liver,xy_2d,29,valid,1.4503519204515547,1.45035192045155
real_ilpd_liver,xy_2d,30,invalid,,1.22094262254312
real_ilpd_liver,xy_2d,31,valid,1.491364878739498,1.4913648787395
real_ilpd_liver,y_only,0,valid,0.8350232028202241,0.835023202820224
real_ilpd_liver,y_only,1,valid,0.986569174660056,0.986569174660056
real_ilpd_liver,y_only,2,valid,0.881685775473046,0.881685775473046
real_ilpd_liver,y_only,3,valid,0.9291904845864636,0.929190484586464
real_ilpd_liver,y_only,4,valid,0.8439726321088158,0.843972632108816
real_ilpd_liver,y_only,5,valid,0.7543380077189875,0.754338007718988
real_ilpd_liver,y_only,6,valid,0.7918328756564458,0.791832875656446
real_ilpd_liver,y_only,7,valid,0.8259373041193316,0.825937304119332
real_ilpd_liver,y_only,8,valid,1.232965419509855,1.23296541950985
real_ilpd_liver,y_only,9,valid,1.0175125518355763,1.01751255183558
real_ilpd_liver,y_only,10,valid,0.8820337382319674,0.882033738231968
real_ilpd_liver,y_only,11,valid,0.8686962519009187,0.868696251900919
real_ilpd_liver,y_only,12,valid,1.389183768418265,1.38918376841827
real_ilpd_liver,y_only,13,valid,1.3420051600161471,1.34200516001615
real_ilpd_liver,y_only,14,valid,0.9298840382716318,0.929884038271632
real_ilpd_liver,y_only,15,valid,1.013259744983413,1.01325974498341
real_ilpd_liver,y_only,16,valid,0.8787197929813637,0.878719792981364
real_ilpd_liver,y_only,17,valid,0.8590881529296852,0.859088152929685
real_ilpd_liver,y_only,18,valid,1.2437969502592208,1.24379695025922
real_ilpd_liver,y_only,19,valid,1.714264184913079,1.71426418491308
real_ilpd_liver,y_only,20,valid,1.500814645468283,1.50081464546828
real_ilpd_liver,y_only,21,valid,1.7000857673558172,1.70008576735582
real_ilpd_liver,y_only,22,invalid,,1.2239059228401
real_ilpd_liver,y_only,23,valid,1.665353244761572,1.66535324476157
real_ilpd_liver,y_only,24,invalid,,1.23470228175206
real_ilpd_liver,y_only,25,valid,1.759953048190595,1.7599530481906
real_ilpd_liver,y_only,26,valid,1.3536616650598616,1.35366166505986
real_ilpd_liver,y_only,27,valid,0.9600547497437756,0.960054749743776
real_ilpd_liver,y_only,28,valid,1.427355126509278,1.42735512650928
real_ilpd_liver,y_only,29,valid,1.6885965688932705,1.68859656889327
real_ilpd_liver,y_only,30,invalid,,1.8
real_ilpd_liver,y_only,31,valid,1.3252702101199438,1.32527021011994
real_ionosphere,x_only,0,valid,0.6775303720109921,0.677530372010992
real_ionosphere,x_only,1,valid,0.747187786568615,0.747187786568615
real_ionosphere,x_only,2,valid,0.6404759914315004,0.6404759914315
real_ionosphere,x_only,3,valid,0.7717247978642773,0.771724797864277
real_ionosphere,x_only,4,valid,0.6775303720109921,0.677530372010992
real_ionosphere,x_only,5,valid,0.6819309721300147,0.681930972130015
real_ionosphere,x_only,6,valid,0.6692534647058326,0.669253464705833
real_ionosphere,x_only,7,valid,0.6922290581866145,0.692229058186615
real_ionosphere,x_only,8,valid,0.6865058916582503,0.68650589165825
real_ionosphere,x_only,9,valid,0.7365358742342264,0.736535874234227
real_ionosphere,x_only,10,valid,0.6426700929784316,0.642670092978432
real_ionosphere,x_only,11,valid,0.7559916318575004,0.7559916318575
real_ionosphere,x_only,12,valid,0.7541126470687791,0.754112647068779
real_ionosphere,x_only,13,valid,0.8464503909088155,0.846450390908815
real_ionosphere,x_only,14,valid,0.68288138716987,0.68288138716987
real_ionosphere,x_only,15,valid,0.7316858620315242,0.731685862031524
real_ionosphere,x_only,16,valid,0.660365900141877,0.660365900141877
real_ionosphere,x_only,17,valid,0.7306471176516733,0.730647117651673
real_ionosphere,x_only,18,valid,0.6829147753281692,0.682914775328169
real_ionosphere,x_only,19,valid,0.6878985396067749,0.687898539606775
real_ionosphere,x_only,20,valid,0.6419841058384536,0.641984105838454
real_ionosphere,x_only,21,valid,1.5406543207649332,1.54065432076493
real_ionosphere,x_only,22,valid,1.901682161935498,1.9016821619355
real_ionosphere,x_only,23,valid,1.4475495746432483,1.44754957464325
real_ionosphere,x_only,24,invalid,,2.0
real_ionosphere,x_only,25,invalid,,2.0
real_ionosphere,x_only,26,valid,1.357071273558164,1.35707127355816
real_ionosphere,x_only,27,valid,1.6561404466571603,1.65614044665716
real_ionosphere,x_only,28,valid,0.7506714742874693,0.750671474287469
real_ionosphere,x_only,29,valid,1.5324578296268694,1.53245782962687
real_ionosphere,x_only,30,invalid,,2.0
real_ionosphere,x_only,31,valid,1.350607538910926,1.35060753891093
real_ionosphere,xy_2d,0,valid,0.6742976792376609,0.674297679237661
real_ionosphere,xy_2d,1,valid,0.6916927279060537,0.691692727906054
real_ionosphere,xy_2d,2,valid,0.7337335935848752,0.733733593584875
real_ionosphere,xy_2d,3,valid,0.6737846237824243,0.673784623782424
real_ionosphere,xy_2d,4,valid,0.6761087934062675,0.676108793406268
real_ionosphere,xy_2d,5,valid,0.7265666325765587,0.726566632576559
real_ionosphere,xy_2d,6,valid,0.642341302009163,0.642341302009163
real_ionosphere,xy_2d,7,valid,0.7182326630830986,0.718232663083099
real_ionosphere,xy_2d,8,valid,0.7008115823629221,0.700811582362922
real_ionosphere,xy_2d,9,valid,0.6828943916597194,0.682894391659719
real_ionosphere,xy_2d,10,valid,0.7325640032929142,0.732564003292914
real_ionosphere,xy_2d,11,valid,0.8158574690343873,0.815857469034387
real_ionosphere,xy_2d,12,valid,0.7092471870262851,0.709247187026285
real_ionosphere,xy_2d,13,valid,0.6393291140623578,0.639329114062358
real_ionosphere,xy_2d,14,valid,0.6949213593056011,0.694921359305601
real_ionosphere,xy_2d,15,valid,0.8016626607281174,0.801662660728117
real_ionosphere,xy_2d,16,valid,0.7152657210546701,0.71526572105467
real_ionosphere,xy_2d,17,valid,0.6302537813416038,0.630253781341604
real_ionosphere,xy_2d,18,valid,0.6839092357777231,0.683909235777723
real_ionosphere,xy_2d,19,valid,0.8630523010299671,0.863052301029967
real_ionosphere,xy_2d,20,valid,0.7813066381514213,0.781306638151421
real_ionosphere,xy_2d,21,valid,0.7020941959312789,0.702094195931279
real_ionosphere,xy_2d,22,invalid,,1.48
real_ionosphere,xy_2d,23,valid,1.7438552716152893,1.74385527161529
real_ionosphere,xy_2d,24,valid,1.27247175568877,1.27247175568877
real_ionosphere,xy_2d,25,valid,1.4356820495267169,1.43568204952672
real_ionosphere,xy_2d,26,valid,1.053724953943624,1.05372495394362
real_ionosphere,xy_2d,28,valid,0.589653274384789,0.589653274384789
real_ionosphere,xy_2d,29,valid,0.6639211703868522,0.663921170386852
real_ionosphere,xy_2d,30,valid,1.9051793383983555,1.90517933839836
real_ionosphere,xy_2d,31,valid,0.912559675014652,0.912559675014652
real_ionosphere,y_only,0,valid,1.0066461416251429,1.00664614162514
real_ionosphere,y_only,1,valid,0.8948357957064701,0.89483579570647
real_ionosphere,y_only,2,valid,0.9300232056202244,0.930023205620224
real_ionosphere,y_only,3,valid,1.083065808965688,1.08306580896569
real_ionosphere,y_only,4,valid,1.0066461416251429,1.00664614162514
real_ionosphere,y_only,5,valid,0.8794333208265892,0.879433320826589
real_ionosphere,y_only,6,valid,1.0898553303486689,1.08985533034867
real_ionosphere,y_only,7,valid,1.1173800060278145,1.11738000602781
real_ionosphere,y_only,8,valid,1.0004788862278364,1.00047888622784
real_ionosphere,y_only,9,valid,0.9899667899384272,0.989966789938427
real_ionosphere,y_only,10,valid,0.9272349215994342,0.927234921599434
real_ionosphere,y_only,11,valid,1.1320122618238109,1.13201226182381
real_ionosphere,y_only,12,valid,1.1324568647310067,1.13245686473101
real_ionosphere,y_only,13,valid,1.130318011131525,1.13031801113152
real_ionosphere,y_only,14,valid,0.9890124168771016,0.989012416877102
real_ionosphere,y_only,15,valid,0.908573699379501,0.908573699379501
real_ionosphere,y_only,16,valid,1.1034428571614852,1.10344285716149
real_ionosphere,y_only,17,valid,1.092462928883715,1.09246292888372
real_ionosphere,y_only,18,valid,0.9810325630814004,0.9810325630814
real_ionosphere,y_only,19,valid,0.9494475269533068,0.949447526953307
real_ionosphere,y_only,20,valid,1.6626783898274715,1.66267838982747
real_ionosphere,y_only,21,valid,1.6254342577014314,1.62543425770143
real_ionosphere,y_only,22,valid,1.732210254986888,1.73221025498689
real_ionosphere,y_only,23,valid,1.5917331063091584,1.59173310630916
real_ionosphere,y_only,24,invalid,,1.85170773582267
real_ionosphere,y_only,25,invalid,,1.95
real_ionosphere,y_only,26,valid,1.377616287683343,1.37761628768334
real_ionosphere,y_only,28,valid,1.1525410325076175,1.15254103250762
real_ionosphere,y_only,29,valid,1.7752394191163248,1.77523941911632
real_ionosphere,y_only,30,invalid,,1.95
real_ionosphere,y_only,31,valid,1.4286300459896788,1.42863004598968
real_kc1_software,x_only,0,valid,0.494420907240033,0.494420907240033
real_kc1_software,x_only,1,valid,0.3690846591792527,0.369084659179252
real_kc1_software,x_only,2,valid,0.3046366472951815,0.304636647295182
real_kc1_software,x_only,3,valid,0.2395893513804842,0.239589351380484
real_kc1_software,x_only,4,valid,0.4559928312658726,0.455992831265873
real_kc1_software,x_only,5,valid,0.3679331164750123,0.367933116475012
real_kc1_software,x_only,6,valid,0.316253491657299,0.316253491657299
real_kc1_software,x_only,7,valid,0.3347418420311768,0.334741842031177
real_kc1_software,x_only,8,valid,0.4010064302495567,0.401006430249556
real_kc1_software,x_only,9,valid,0.4013465497319812,0.401346549731981
real_kc1_software,x_only,10,valid,0.3143502429407598,0.31435024294076
real_kc1_software,x_only,11,valid,0.2886069773741584,0.288606977374158
real_kc1_software,x_only,12,valid,1.056790177081121,1.05679017708112
real_kc1_software,x_only,13,valid,1.051905300017911,1.05190530001791
real_kc1_software,x_only,14,valid,0.4000643287804331,0.400064328780433
real_kc1_software,x_only,15,valid,0.365366639667513,0.365366639667513
real_kc1_software,x_only,16,valid,0.3527356573507418,0.352735657350742
real_kc1_software,x_only,17,valid,0.2334043631199015,0.233404363119902
real_kc1_software,x_only,18,valid,0.6457528108392466,0.645752810839246
real_kc1_software,x_only,19,valid,1.434276438201552,1.43427643820155
real_kc1_software,x_only,20,valid,1.4337575343979556,1.43375753439795
real_kc1_software,x_only,21,valid,1.1556077454773277,1.15560774547733
real_kc1_software,x_only,22,valid,1.2543983869364672,1.25439838693647
real_kc1_software,x_only,23,valid,1.3688768546746493,1.36887685467465
real_kc1_software,x_only,24,valid,1.1083425641029685,1.10834256410297
real_kc1_software,x_only,25,valid,1.1005150827996373,1.10051508279964
real_kc1_software,x_only,26,valid,1.212280734816294,1.21228073481629
real_kc1_software,x_only,27,valid,1.0823529411764703,1.08235294117647
real_kc1_software,x_only,28,valid,1.015808321288286,1.01580832128829
real_kc1_software,x_only,29,valid,1.3556061349418596,1.35560613494186
real_kc1_software,x_only,30,valid,1.1354644474252846,1.13546444742528
real_kc1_software,x_only,31,valid,1.0085254977897984,1.0085254977898
real_kc1_software,xy_2d,0,valid,0.4597034580813224,0.459703458081322
real_kc1_software,xy_2d,1,valid,0.3384491015078614,0.338449101507861
real_kc1_software,xy_2d,2,valid,0.2668848705401103,0.26688487054011
real_kc1_software,xy_2d,3,valid,0.2829342053941752,0.282934205394175
real_kc1_software,xy_2d,4,valid,0.4456885255372417,0.445688525537242
real_kc1_software,xy_2d,5,valid,0.342300937913315,0.342300937913315
real_kc1_software,xy_2d,6,valid,0.294978580111828,0.294978580111828
real_kc1_software,xy_2d,7,valid,0.2671213136266928,0.267121313626693
real_kc1_software,xy_2d,8,valid,0.368340690034846,0.368340690034846
real_kc1_software,xy_2d,9,valid,0.3976600287287526,0.397660028728753
real_kc1_software,xy_2d,10,valid,0.4030525384534104,0.40305253845341
real_kc1_software,xy_2d,11,valid,0.4647489931478218,0.464748993147822
real_kc1_software,xy_2d,12,valid,0.4691617013001562,0.469161701300156
real_kc1_software,xy_2d,13,valid,1.2084847677173254,1.20848476771733
real_kc1_software,xy_2d,14,valid,0.5989296927186787,0.598929692718678
real_kc1_software,xy_2d,15,valid,0.3228852786469405,0.322885278646941
real_kc1_software,xy_2d,16,valid,0.2759236688417807,0.275923668841781
real_kc1_software,xy_2d,17,valid,1.2519212864743072,1.25192128647431
real_kc1_software,xy_2d,18,valid,0.7745678086278204,0.774567808627821
real_kc1_software,xy_2d,19,valid,0.567875419555862,0.567875419555862
real_kc1_software,xy_2d,20,valid,1.4716175007506236,1.47161750075062
real_kc1_software,xy_2d,21,valid,1.4698472078107945,1.46984720781079
real_kc1_software,xy_2d,22,valid,0.6943215800835797,0.69432158008358
real_kc1_software,xy_2d,23,valid,0.8148264991026741,0.814826499102674
real_kc1_software,xy_2d,24,valid,0.8419922190237217,0.841992219023721
real_kc1_software,xy_2d,25,valid,0.8998543225599813,0.899854322559981
real_kc1_software,xy_2d,26,valid,1.1398071625344353,1.13980716253444
real_kc1_software,xy_2d,27,valid,0.6131821783547076,0.613182178354708
real_kc1_software,xy_2d,28,valid,1.2251747389876997,1.2251747389877
real_kc1_software,xy_2d,29,valid,1.270392468631811,1.27039246863181
real_kc1_software,xy_2d,30,valid,0.9302035018420948,0.930203501842095
real_kc1_software,xy_2d,31,valid,1.1483364619742495,1.14833646197425
real_kc1_software,y_only,0,valid,0.975374477834786,0.975374477834786
real_kc1_software,y_only,1,valid,1.7815110173155633,1.78151101731556
real_kc1_software,y_only,2,valid,1.7237178592569855,1.72371785925699
real_kc1_software,y_only,3,valid,1.6189661012686636,1.61896610126866
real_kc1_software,y_only,4,valid,0.8088151174337399,0.80881511743374
real_kc1_software,y_only,5,valid,0.886996734607769,0.886996734607769
real_kc1_software,y_only,6,valid,0.817161357575897,0.817161357575897
real_kc1_software,y_only,7,valid,0.6965875633328253,0.696587563332825
real_kc1_software,y_only,8,valid,0.981161385410112,0.981161385410113
real_kc1_software,y_only,9,valid,1.7735871385838171,1.77358713858382
real_kc1_software,y_only,10,valid,1.7354233904549166,1.73542339045492
real_kc1_software,y_only,11,valid,1.5946012241331071,1.59460122413311
real_kc1_software,y_only,12,valid,1.558391515998436,1.55839151599844
real_kc1_software,y_only,13,valid,1.563270102239855,1.56327010223985
real_kc1_software,y_only,14,valid,0.816540591536742,0.816540591536742
real_kc1_software,y_only,15,valid,0.8582257585981222,0.858225758598122
real_kc1_software,y_only,16,valid,0.7411570184407732,0.741157018440773
real_kc1_software,y_only,17,valid,1.649884401523466,1.64988440152347
real_kc1_software,y_only,18,valid,1.923090545891456,1.92309054589145
real_kc1_software,y_only,19,valid,1.860055251755488,1.86005525175549
real_kc1_software,y_only,20,valid,1.8598058246735885,1.85980582467359
real_kc1_software,y_only,21,valid,1.748537265933785,1.74853726593379
real_kc1_software,y_only,22,valid,1.7209602700354765,1.72096027003548
real_kc1_software,y_only,23,valid,1.305166503794785,1.30516650379478
real_kc1_software,y_only,24,valid,1.6264827305812943,1.62648273058129
real_kc1_software,y_only,25,invalid,,1.62168309721831
real_kc1_software,y_only,26,valid,1.8222222222222224,1.82222222222222
real_kc1_software,y_only,27,valid,1.05261607204325,1.05261607204325
real_kc1_software,y_only,28,valid,1.609411288614456,1.60941128861446
real_kc1_software,y_only,29,valid,1.74853431235493,1.74853431235493
real_kc1_software,y_only,30,invalid,,1.62168309721831
real_kc1_software,y_only,31,valid,1.5995644893867365,1.59956448938674
real_kc2_software,x_only,0,valid,1.458662664213541,1.45866266421354
real_kc2_software,x_only,1,valid,1.1146238894369644,1.11462388943696
real_kc2_software,x_only,2,valid,1.5387717562513807,1.53877175625138
real_kc2_software,x_only,3,valid,1.4136553969247194,1.41365539692472
real_kc2_software,x_only,4,valid,0.7605571725781287,0.760557172578129
real_kc2_software,x_only,5,valid,0.6756673531514588,0.675667353151459
real_kc2_software,x_only,6,valid,0.7507758777021281,0.750775877702128
real_kc2_software,x_only,7,valid,0.7565939221901335,0.756593922190134
real_kc2_software,x_only,8,valid,0.7605571725781287,0.760557172578129
real_kc2_software,x_only,9,valid,0.537870814515972,0.537870814515972
real_kc2_software,x_only,10,valid,1.4534976549470506,1.45349765494705
real_kc2_software,x_only,11,valid,1.3727803623631885,1.37278036236319
real_kc2_software,x_only,12,valid,1.2955865573827448,1.29558655738274
real_kc2_software,x_only,13,valid,1.2743985178857735,1.27439851788577
real_kc2_software,x_only,14,valid,1.458662664213541,1.45866266421354
real_kc2_software,x_only,15,valid,1.1837536051195865,1.18375360511959
real_kc2_software,x_only,16,valid,1.6333655554202426,1.63336555542024
real_kc2_software,x_only,17,valid,1.3602763167878231,1.36027631678782
real_kc2_software,x_only,18,valid,2.0,2.0
real_kc2_software,x_only,19,valid,1.9083569223206207,1.90835692232062
real_kc2_software,x_only,20,valid,1.851197816002743,1.85119781600274
real_kc2_software,x_only,21,valid,1.632230177667873,1.63223017766787
real_kc2_software,x_only,22,valid,1.2011673420477318,1.20116734204773
real_kc2_software,x_only,23,valid,1.0184943907908948,1.01849439079089
real_kc2_software,x_only,24,valid,0.9998411329643244,0.999841132964324
real_kc2_software,x_only,25,valid,1.3507700887185616,1.35077008871856
real_kc2_software,x_only,26,valid,1.0903737521512848,1.09037375215128
real_kc2_software,x_only,27,valid,0.5308845391634233,0.530884539163423
real_kc2_software,x_only,28,valid,1.3470925840841224,1.34709258408412
real_kc2_software,x_only,29,valid,1.6321949502325317,1.63219495023253
real_kc2_software,x_only,30,valid,1.0169676483749197,1.01696764837492
real_kc2_software,x_only,31,valid,1.275127563954646,1.27512756395465
real_kc2_software,xy_2d,0,valid,1.3989213272411734,1.39892132724117
real_kc2_software,xy_2d,1,valid,1.6308392436263524,1.63083924362635
real_kc2_software,xy_2d,2,valid,1.4321650658931502,1.43216506589315
real_kc2_software,xy_2d,3,valid,1.3564061032505297,1.35640610325053
real_kc2_software,xy_2d,4,valid,0.5656044442652132,0.565604444265213
real_kc2_software,xy_2d,5,valid,0.419581227545545,0.419581227545545
real_kc2_software,xy_2d,6,valid,0.5393974276772788,0.539397427677279
real_kc2_software,xy_2d,7,valid,0.7935253552380175,0.793525355238017
real_kc2_software,xy_2d,8,valid,0.6094125528584071,0.609412552858407
real_kc2_software,xy_2d,9,valid,1.5126531703052917,1.51265317030529
real_kc2_software,xy_2d,10,valid,1.368866582577925,1.36886658257792
real_kc2_software,xy_2d,11,valid,1.3509248266333431,1.35092482663334
real_kc2_software,xy_2d,12,valid,1.2778649395934054,1.27786493959341
real_kc2_software,xy_2d,13,valid,1.2229006700067475,1.22290067000675
real_kc2_software,xy_2d,14,valid,1.3989213272411734,1.39892132724117
real_kc2_software,xy_2d,15,valid,1.0083584426326595,1.00835844263266
real_kc2_software,xy_2d,16,valid,1.457818921392516,1.45781892139252
real_kc2_software,xy_2d,17,valid,1.3793125912513542,1.37931259125135
real_kc2_software,xy_2d,18,valid,1.9342535581957967,1.9342535581958
real_kc2_software,xy_2d,19,valid,1.848635686789823,1.84863568678982
real_kc2_software,xy_2d,20,valid,1.5986478118130885,1.59864781181309
real_kc2_software,xy_2d,21,valid,1.59745675268748,1.59745675268748
real_kc2_software,xy_2d,22,valid,1.6,1.6
real_kc2_software,xy_2d,23,valid,1.458053011091976,1.45805301109198
real_kc2_software,xy_2d,24,invalid,,0.835684594004771
real_kc2_software,xy_2d,25,valid,1.0332072111081925,1.03320721110819
real_kc2_software,xy_2d,26,valid,0.8260098515963487,0.826009851596349
real_kc2_software,xy_2d,27,valid,0.7809725862925977,0.780972586292598
real_kc2_software,xy_2d,28,valid,1.2730393885382894,1.27303938853829
real_kc2_software,xy_2d,29,valid,1.4519934470073703,1.45199344700737
real_kc2_software,xy_2d,30,invalid,,1.07381888621482
real_kc2_software,xy_2d,31,valid,1.209221790490138,1.20922179049014
real_kc2_software,y_only,0,valid,0.8180769782068156,0.818076978206816
real_kc2_software,y_only,1,valid,1.7055820150590824,1.70558201505908
real_kc2_software,y_only,2,valid,1.5580795656882347,1.55807956568823
real_kc2_software,y_only,3,valid,1.505529633355887,1.50552963335589
real_kc2_software,y_only,4,valid,0.8180769782068156,0.818076978206816
real_kc2_software,y_only,5,valid,0.7056683492704591,0.705668349270459
real_kc2_software,y_only,6,valid,1.0573549968684786,1.05735499686848
real_kc2_software,y_only,7,valid,0.9975815020517717,0.997581502051772
real_kc2_software,y_only,8,valid,0.7774175567106122,0.777417556710612
real_kc2_software,y_only,9,valid,1.7134045581563009,1.7134045581563
real_kc2_software,y_only,10,valid,1.576635472035166,1.57663547203517
real_kc2_software,y_only,11,valid,1.5130369802646029,1.5130369802646
real_kc2_software,y_only,12,valid,1.4999852837335457,1.49998528373355
real_kc2_software,y_only,13,valid,1.4836443389963978,1.4836443389964
real_kc2_software,y_only,14,valid,0.7416631630831851,0.741663163083185
real_kc2_software,y_only,15,valid,1.6316194354005655,1.63161943540057
real_kc2_software,y_only,16,valid,1.6459014022908858,1.64590140229089
real_kc2_software,y_only,17,valid,1.49207321331131,1.49207321331131
real_kc2_software,y_only,18,valid,2.0,2.0
real_kc2_software,y_only,19,valid,1.955603184344158,1.95560318434416
real_kc2_software,y_only,20,valid,1.590148481114801,1.5901484811148
real_kc2_software,y_only,21,valid,1.589986609710245,1.58998660971025
real_kc2_software,y_only,22,valid,1.3871507960730751,1.38715079607308
real_kc2_software,y_only,23,invalid,,1.38267956328646
real_kc2_software,y_only,24,invalid,,1.59533555907521
real_kc2_software,y_only,25,invalid,,1.63343641420075
real_kc2_software,y_only,26,valid,1.27979738618602,1.27979738618602
real_kc2_software,y_only,27,valid,1.3178357873508255,1.31783578735083
real_kc2_software,y_only,28,valid,1.5121492425282148,1.51214924252821
real_kc2_software,y_only,29,valid,1.6251463770244683,1.62514637702447
real_kc2_software,y_only,30,invalid,,1.92912632449037
real_kc2_software,y_only,31,valid,1.3701078003418878,1.37010780034189
real_madelon,x_only,0,valid,0.7996502593596563,0.799650259359657
real_madelon,x_only,1,valid,0.7349073948712592,0.73490739487126
real_madelon,x_only,2,valid,0.7108354225543859,0.710835422554387
real_madelon,x_only,3,valid,0.703013064785338,0.703013064785339
real_madelon,x_only,4,valid,0.8070637605375329,0.807063760537534
real_madelon,x_only,5,valid,0.7361995827679686,0.736199582767969
real_madelon,x_only,6,valid,0.7221142312328502,0.722114231232851
real_madelon,x_only,7,valid,0.7725565063680611,0.772556506368062
real_madelon,x_only,8,valid,0.7990474760386482,0.799047476038649
real_madelon,x_only,9,valid,0.7382073400004717,0.738207340000473
real_madelon,x_only,10,valid,0.7076135799154447,0.707613579915446
real_madelon,x_only,11,valid,0.707807744229949,0.70780774422995
real_madelon,x_only,12,valid,0.7531755276790055,0.753175527679006
real_madelon,x_only,13,valid,0.7515159146368892,0.75151591463689
real_madelon,x_only,14,valid,0.8415282719404082,0.841528271940409
real_madelon,x_only,15,valid,0.746298475985532,0.746298475985533
real_madelon,x_only,16,valid,0.7351558827183834,0.735155882718384
real_madelon,x_only,17,valid,0.7180390169291374,0.718039016929138
real_madelon,x_only,18,valid,0.8038567627653334,0.803856762765334
real_madelon,x_only,19,valid,0.8735607602457642,0.873560760245765
real_madelon,x_only,20,valid,0.8851471869515993,0.8851471869516
real_madelon,x_only,21,valid,0.8397374918178054,0.839737491817806
real_madelon,x_only,22,valid,1.7954597450318106,1.79545974503181
real_madelon,x_only,23,valid,1.6935883825754208,1.69358838257542
real_madelon,x_only,24,invalid,,1.55721804818142
real_madelon,x_only,25,invalid,,1.78813559322034
real_madelon,x_only,26,valid,1.929916494790613,1.92991649479061
real_madelon,x_only,27,valid,1.3783366297044273,1.37833662970443
real_madelon,x_only,28,valid,0.7640800179184373,0.764080017918438
real_madelon,x_only,29,valid,0.7988614902298818,0.798861490229883
real_madelon,x_only,30,invalid,,1.78813559322034
real_madelon,x_only,31,valid,0.7524687250258784,0.752468725025879
real_madelon,xy_2d,0,valid,0.7726920745547722,0.772692074554772
real_madelon,xy_2d,1,valid,0.6454988437278736,0.645498843727873
real_madelon,xy_2d,2,valid,0.5873340218271476,0.587334021827147
real_madelon,xy_2d,3,valid,0.5373649682121057,0.537364968212105
real_madelon,xy_2d,4,valid,0.7725733800566511,0.77257338005665
real_madelon,xy_2d,5,valid,0.6801976248973788,0.680197624897378
real_madelon,xy_2d,6,valid,0.5869968592170853,0.586996859217085
real_madelon,xy_2d,7,valid,0.5633875579119317,0.563387557911931
real_madelon,xy_2d,8,valid,0.7685162695593202,0.76851626955932
real_madelon,xy_2d,9,valid,0.6659662693306532,0.665966269330653
real_madelon,xy_2d,10,valid,0.5990071179381866,0.599007117938186
real_madelon,xy_2d,11,valid,0.5461008345395947,0.546100834539594
real_madelon,xy_2d,12,valid,0.5126917776740069,0.512691777674006
real_madelon,xy_2d,13,valid,0.4803888924597013,0.480388892459701
real_madelon,xy_2d,14,valid,0.8320688649336859,0.832068864933686
real_madelon,xy_2d,15,valid,0.6864955567443397,0.686495556744339
real_madelon,xy_2d,16,valid,0.6316156388908858,0.631615638890885
real_madelon,xy_2d,17,valid,0.5510404865838586,0.551040486583858
real_madelon,xy_2d,18,valid,0.8195869591592937,0.819586959159293
real_madelon,xy_2d,19,valid,0.7810155778533603,0.78101557785336
real_madelon,xy_2d,20,valid,0.7485340215501823,0.748534021550182
real_madelon,xy_2d,21,valid,0.6985509995799385,0.698550999579938
real_madelon,xy_2d,22,valid,1.625,1.625
real_madelon,xy_2d,23,valid,1.609841442068078,1.60984144206808
real_madelon,xy_2d,24,valid,1.4552985948694546,1.45529859486945
real_madelon,xy_2d,25,invalid,,1.84610755524545
real_madelon,xy_2d,26,valid,1.08398320370899,1.08398320370899
real_madelon,xy_2d,27,valid,1.105642349141378,1.10564234914138
real_madelon,xy_2d,28,valid,0.5387608642617134,0.538760864261713
real_madelon,xy_2d,29,valid,0.5890118909920415,0.589011890992041
real_madelon,xy_2d,30,invalid,,1.95862306461287
real_madelon,xy_2d,31,valid,0.4710558786086312,0.471055878608631
real_madelon,y_only,0,valid,0.8318697779371753,0.831869777937175
real_madelon,y_only,1,valid,0.8022225010348012,0.8022225010348
real_madelon,y_only,2,valid,0.7881412040371532,0.788141204037153
real_madelon,y_only,3,valid,0.7782091351335253,0.778209135133525
real_madelon,y_only,4,valid,0.8395908190148083,0.839590819014808
real_madelon,y_only,5,valid,0.8354785339670296,0.835478533967029
real_madelon,y_only,6,valid,0.7869001243093108,0.78690012430931
real_madelon,y_only,7,valid,0.8343524806687191,0.834352480668718
real_madelon,y_only,8,valid,0.8328463061059178,0.832846306105917
real_madelon,y_only,9,valid,0.8057589937738152,0.805758993773814
real_madelon,y_only,10,valid,0.7937998516650192,0.793799851665019
real_madelon,y_only,11,valid,0.7799001924578518,0.779900192457851
real_madelon,y_only,12,valid,0.795181891320069,0.795181891320068
real_madelon,y_only,13,valid,0.8220990588913668,0.822099058891366
real_madelon,y_only,14,valid,0.8347482760710463,0.834748276071046
real_madelon,y_only,15,valid,0.8370992960884525,0.837099296088452
real_madelon,y_only,16,valid,0.812539189351747,0.812539189351746
real_madelon,y_only,17,valid,0.8525451967571933,0.852545196757193
real_madelon,y_only,18,valid,0.9226076073073938,0.922607607307393
real_madelon,y_only,19,valid,0.8768813784389697,0.876881378438969
real_madelon,y_only,20,valid,1.0338520100243054,1.0338520100243
real_madelon,y_only,21,valid,1.1994492480919434,1.19944924809194
real_madelon,y_only,22,valid,1.8423728031834,1.8423728031834
real_madelon,y_only,23,invalid,,1.78037051944168
real_madelon,y_only,24,invalid,,1.79769376391054
real_madelon,y_only,25,invalid,,1.92405472937795
real_madelon,y_only,26,valid,1.9312611103909527,1.93126111039095
real_madelon,y_only,27,valid,1.4694644261724767,1.46946442617248
real_madelon,y_only,28,valid,0.8338041153747362,0.833804115374736
real_madelon,y_only,29,valid,1.1129705180366134,1.11297051803661
real_madelon,y_only,30,invalid,,1.89041095890411
real_madelon,y_only,31,valid,0.8138283079609655,0.813828307960965
real_ozone_level_8hr,x_only,0,valid,0.7294105599088893,0.729410559908889
real_ozone_level_8hr,x_only,1,valid,0.6316762231786314,0.631676223178631
real_ozone_level_8hr,x_only,2,valid,0.607646771018669,0.607646771018669
real_ozone_level_8hr,x_only,3,valid,0.6278682406244269,0.627868240624427
real_ozone_level_8hr,x_only,4,valid,0.7323106190747034,0.732310619074703
real_ozone_level_8hr,x_only,5,valid,0.628517125134473,0.628517125134473
real_ozone_level_8hr,x_only,6,valid,0.6107913475243298,0.610791347524329
real_ozone_level_8hr,x_only,7,valid,0.6025023523890188,0.602502352389019
real_ozone_level_8hr,x_only,8,valid,0.7325552910243173,0.732555291024317
real_ozone_level_8hr,x_only,9,valid,0.6353042854186975,0.635304285418697
real_ozone_level_8hr,x_only,10,valid,0.6165219897366604,0.61652198973666
real_ozone_level_8hr,x_only,11,valid,0.6191473120341736,0.619147312034173
real_ozone_level_8hr,x_only,12,valid,0.605269682697761,0.605269682697761
real_ozone_level_8hr,x_only,13,valid,0.5925870837215809,0.592587083721581
real_ozone_level_8hr,x_only,14,valid,0.7965101512393956,0.796510151239395
real_ozone_level_8hr,x_only,15,valid,0.6999955885948946,0.699995588594895
real_ozone_level_8hr,x_only,16,valid,0.6215244586325567,0.621524458632556
real_ozone_level_8hr,x_only,17,valid,0.6327689163723588,0.632768916372358
real_ozone_level_8hr,x_only,18,valid,0.7292046733940757,0.729204673394076
real_ozone_level_8hr,x_only,19,valid,0.7663480960870428,0.766348096087043
real_ozone_level_8hr,x_only,20,valid,0.7103600843408021,0.710360084340802
real_ozone_level_8hr,x_only,21,valid,1.2708958263633372,1.27089582636334
real_ozone_level_8hr,x_only,22,valid,1.728571576348152,1.72857157634815
real_ozone_level_8hr,x_only,23,valid,1.8585823001072936,1.85858230010729
real_ozone_level_8hr,x_only,24,invalid,,1.50274766736537
real_ozone_level_8hr,x_only,25,invalid,,1.61392978019934
real_ozone_level_8hr,x_only,26,valid,1.808940488014152,1.80894048801415
real_ozone_level_8hr,x_only,27,valid,1.2095428230827427,1.20954282308274
real_ozone_level_8hr,x_only,28,valid,0.6201068971114402,0.62010689711144
real_ozone_level_8hr,x_only,29,valid,1.2400433343725998,1.2400433343726
real_ozone_level_8hr,x_only,30,valid,1.7555555555555555,1.75555555555556
real_ozone_level_8hr,x_only,31,valid,0.6161427657600106,0.61614276576001
real_ozone_level_8hr,xy_2d,0,valid,0.6675040815308614,0.667504081530862
real_ozone_level_8hr,xy_2d,1,valid,0.5721943483611388,0.572194348361139
real_ozone_level_8hr,xy_2d,2,valid,0.5141786172958819,0.514178617295882
real_ozone_level_8hr,xy_2d,3,valid,0.4818850213747658,0.481885021374766
real_ozone_level_8hr,xy_2d,4,valid,0.6727497215742373,0.672749721574238
real_ozone_level_8hr,xy_2d,5,valid,0.6082454227595773,0.608245422759577
real_ozone_level_8hr,xy_2d,6,valid,0.5472493524651348,0.547249352465135
real_ozone_level_8hr,xy_2d,7,valid,0.4866578979275955,0.486657897927596
real_ozone_level_8hr,xy_2d,8,valid,0.6895597492977001,0.6895597492977
real_ozone_level_8hr,xy_2d,9,valid,0.6035633993402653,0.603563399340265
real_ozone_level_8hr,xy_2d,10,valid,0.5329908876744682,0.532990887674468
real_ozone_level_8hr,xy_2d,11,valid,0.5398083646388279,0.539808364638828
real_ozone_level_8hr,xy_2d,12,valid,0.4963510752778752,0.496351075277875
real_ozone_level_8hr,xy_2d,13,valid,0.5126929143778843,0.512692914377884
real_ozone_level_8hr,xy_2d,14,valid,0.6629944422911308,0.662994442291131
real_ozone_level_8hr,xy_2d,15,valid,0.6464922420105917,0.646492242010592
real_ozone_level_8hr,xy_2d,16,valid,0.5546757401719279,0.554675740171928
real_ozone_level_8hr,xy_2d,17,valid,0.5156250922771969,0.515625092277197
real_ozone_level_8hr,xy_2d,18,valid,0.7323671309331483,0.732367130933148
real_ozone_level_8hr,xy_2d,19,valid,0.6322045312346509,0.632204531234651
real_ozone_level_8hr,xy_2d,20,valid,0.6831992385246253,0.683199238524626
real_ozone_level_8hr,xy_2d,21,valid,0.6292450626412246,0.629245062641225
real_ozone_level_8hr,xy_2d,22,valid,1.9248098258143145,1.92480982581431
real_ozone_level_8hr,xy_2d,23,valid,1.8966078246530893,1.89660782465309
real_ozone_level_8hr,xy_2d,24,valid,1.4808571648957014,1.4808571648957
real_ozone_level_8hr,xy_2d,25,valid,1.614002057398351,1.61400205739835
real_ozone_level_8hr,xy_2d,26,valid,1.247863247863248,1.24786324786325
real_ozone_level_8hr,xy_2d,27,valid,0.9524379618875808,0.95243796188758
real_ozone_level_8hr,xy_2d,28,valid,0.4801984972872534,0.480198497287254
real_ozone_level_8hr,xy_2d,29,valid,0.608503056331642,0.608503056331642
real_ozone_level_8hr,xy_2d,30,valid,1.5133665460303205,1.51336654603032
real_ozone_level_8hr,xy_2d,31,valid,0.4827756374607834,0.482775637460784
real_ozone_level_8hr,y_only,0,valid,0.9078088353934098,0.907808835393409
real_ozone_level_8hr,y_only,1,valid,0.8364510174470896,0.836451017447089
real_ozone_level_8hr,y_only,2,valid,0.8261286818909306,0.82612868189093
real_ozone_level_8hr,y_only,3,valid,0.818631257704612,0.818631257704611
real_ozone_level_8hr,y_only,4,valid,0.908035394346453,0.908035394346452
real_ozone_level_8hr,y_only,5,valid,0.8473631027210153,0.847363102721015
real_ozone_level_8hr,y_only,6,valid,0.8526712429314722,0.852671242931472
real_ozone_level_8hr,y_only,7,valid,0.8300622856462623,0.830062285646262
real_ozone_level_8hr,y_only,8,valid,0.9344366186434172,0.934436618643417
real_ozone_level_8hr,y_only,9,valid,0.8321766270043425,0.832176627004342
real_ozone_level_8hr,y_only,10,valid,0.8472225301611452,0.847222530161145
real_ozone_level_8hr,y_only,11,valid,0.819653507168382,0.819653507168381
real_ozone_level_8hr,y_only,12,valid,0.8292069467186055,0.829206946718605
real_ozone_level_8hr,y_only,13,valid,0.8455680816222533,0.845568081622253
real_ozone_level_8hr,y_only,14,valid,0.9488483441638428,0.948848344163842
real_ozone_level_8hr,y_only,15,valid,0.8457954190688615,0.845795419068861
real_ozone_level_8hr,y_only,16,valid,0.8589360146338909,0.85893601463389
real_ozone_level_8hr,y_only,17,valid,0.8743814881219124,0.874381488121912
real_ozone_level_8hr,y_only,18,valid,0.9779838860895822,0.977983886089582
real_ozone_level_8hr,y_only,19,valid,0.8795868899357783,0.879586889935777
real_ozone_level_8hr,y_only,20,valid,1.0078797932071253,1.00787979320712
real_ozone_level_8hr,y_only,21,valid,0.9533969040025472,0.953396904002547
real_ozone_level_8hr,y_only,22,valid,1.935960260458416,1.93596026045841
real_ozone_level_8hr,y_only,23,valid,1.898434088394328,1.89843408839433
real_ozone_level_8hr,y_only,24,valid,1.6838495035704262,1.68384950357042
real_ozone_level_8hr,y_only,25,valid,1.623518688219454,1.62351868821945
real_ozone_level_8hr,y_only,26,valid,1.754575704393028,1.75457570439303
real_ozone_level_8hr,y_only,27,valid,1.4636096787869888,1.46360967878699
real_ozone_level_8hr,y_only,28,valid,0.8444756585867259,0.844475658586725
real_ozone_level_8hr,y_only,29,valid,1.5691550252085675,1.56915502520857
real_ozone_level_8hr,y_only,30,invalid,,1.62857142857143
real_ozone_level_8hr,y_only,31,valid,0.961272762129792,0.961272762129792
real_pc1_software,x_only,0,valid,0.5847059791365472,0.584705979136547
real_pc1_software,x_only,1,valid,1.1378746911609046,1.1378746911609
real_pc1_software,x_only,2,valid,1.0413870959172151,1.04138709591721
real_pc1_software,x_only,3,valid,0.9493298824215406,0.949329882421541
real_pc1_software,x_only,4,valid,0.6163835116153122,0.616383511615312
real_pc1_software,x_only,5,valid,0.4761509333595285,0.476150933359529
real_pc1_software,x_only,6,valid,0.3958565429085874,0.395856542908587
real_pc1_software,x_only,7,valid,0.3575580658636679,0.357558065863668
real_pc1_software,x_only,8,valid,0.4794951530124176,0.479495153012418
real_pc1_software,x_only,9,valid,0.7447849348313555,0.744784934831355
real_pc1_software,x_only,10,valid,1.0231793173224155,1.02317931732242
real_pc1_software,x_only,11,valid,0.9458724979133364,0.945872497913336
real_pc1_software,x_only,12,valid,0.9132249517684036,0.913224951768403
real_pc1_software,x_only,13,valid,0.8751891797014927,0.875189179701493
real_pc1_software,x_only,14,valid,0.46948637978275,0.46948637978275
real_pc1_software,x_only,15,valid,1.1113279553660056,1.11132795536601
real_pc1_software,x_only,16,valid,1.0912063665383331,1.09120636653833
real_pc1_software,x_only,17,valid,0.9661093459833,0.9661093459833
real_pc1_software,x_only,18,valid,1.5146048813378985,1.5146048813379
real_pc1_software,x_only,19,valid,1.3237133268123902,1.32371332681239
real_pc1_software,x_only,20,valid,1.6570220397872144,1.65702203978721
real_pc1_software,x_only,21,valid,1.6563072148450946,1.65630721484509
real_pc1_software,x_only,22,valid,1.3103646580418342,1.31036465804183
real_pc1_software,x_only,23,valid,1.2576528644910605,1.25765286449106
real_pc1_software,x_only,24,valid,1.3788391914478575,1.37883919144786
real_pc1_software,x_only,25,valid,1.3196021174190866,1.31960211741909
real_pc1_software,x_only,26,valid,1.7636363636363637,1.76363636363636
real_pc1_software,x_only,27,valid,0.5151919110821715,0.515191911082172
real_pc1_software,x_only,28,valid,1.2993786590836036,1.2993786590836
real_pc1_software,x_only,29,valid,1.656293736162716,1.65629373616272
real_pc1_software,x_only,30,valid,1.2847065368051442,1.28470653680514
real_pc1_software,x_only,31,valid,1.2383814556208586,1.23838145562086
real_pc1_software,xy_2d,0,valid,1.6666666666666663,1.66666666666667
real_pc1_software,xy_2d,1,valid,1.2078116761029638,1.20781167610296
real_pc1_software,xy_2d,2,valid,1.1083386638838577,1.10833866388386
real_pc1_software,xy_2d,3,valid,0.9921291360803302,0.99212913608033
real_pc1_software,xy_2d,4,valid,0.6844300116024409,0.684430011602441
real_pc1_software,xy_2d,5,valid,0.5453539037763477,0.545353903776348
real_pc1_software,xy_2d,6,valid,1.0458033843088117,1.04580338430881
real_pc1_software,xy_2d,7,valid,0.9752675534489292,0.975267553448929
real_pc1_software,xy_2d,8,valid,0.59957569939549,0.59957569939549
real_pc1_software,xy_2d,9,valid,0.5405885504443558,0.540588550444356
real_pc1_software,xy_2d,10,valid,0.5509931187585727,0.550993118758573
real_pc1_software,xy_2d,11,valid,0.9961716146895194,0.99617161468952
real_pc1_software,xy_2d,12,valid,1.3294247303363935,1.32942473033639
real_pc1_software,xy_2d,13,valid,1.3293810288198875,1.32938102881989
real_pc1_software,xy_2d,14,valid,0.71609029332404,0.71609029332404
real_pc1_software,xy_2d,15,valid,1.333121190433177,1.33312119043318
real_pc1_software,xy_2d,16,valid,1.0507852971376377,1.05078529713764
real_pc1_software,xy_2d,17,valid,1.0434884449023087,1.04348844490231
real_pc1_software,xy_2d,18,valid,1.6666666666666663,1.66666666666667
real_pc1_software,xy_2d,19,valid,1.390909020134611,1.39090902013461
real_pc1_software,xy_2d,20,valid,1.7242069610630426,1.72420696106304
real_pc1_software,xy_2d,21,valid,1.722026570305184,1.72202657030518
real_pc1_software,xy_2d,22,valid,1.1048026360627057,1.10480263606271
real_pc1_software,xy_2d,23,valid,0.7742326485055612,0.774232648505561
real_pc1_software,xy_2d,24,valid,0.7582099958844832,0.758209995884483
real_pc1_software,xy_2d,25,valid,1.0219067695205757,1.02190676952058
real_pc1_software,xy_2d,26,valid,0.6370600012835989,0.637060001283599
real_pc1_software,xy_2d,28,valid,1.3767535088409977,1.376753508841
real_pc1_software,xy_2d,29,valid,1.7220154354157142,1.72201543541571
real_pc1_software,xy_2d,30,valid,1.0364012927348254,1.03640129273482
real_pc1_software,xy_2d,31,valid,1.30002686444737,1.30002686444737
real_pc1_software,y_only,0,valid,1.814682479703046,1.81468247970305
real_pc1_software,y_only,1,valid,1.602237627108151,1.60223762710815
real_pc1_software,y_only,2,valid,1.5696460583281198,1.56964605832812
real_pc1_software,y_only,3,valid,1.5643299355967568,1.56432993559676
real_pc1_software,y_only,4,valid,0.7014876211229458,0.701487621122946
real_pc1_software,y_only,5,valid,0.6119145754731804,0.61191457547318
real_pc1_software,y_only,6,valid,0.5475383351500327,0.547538335150033
real_pc1_software,y_only,7,valid,0.6441818376429338,0.644181837642934
real_pc1_software,y_only,8,valid,1.814682479703046,1.81468247970305
real_pc1_software,y_only,9,valid,1.509033766707291,1.50903376670729
real_pc1_software,y_only,10,valid,1.4629474360061716,1.46294743600617
real_pc1_software,y_only,11,valid,1.4165989004659203,1.41659890046592
real_pc1_software,y_only,12,valid,1.4169411894122264,1.41694118941223
real_pc1_software,y_only,13,valid,1.4114528521025522,1.41145285210255
real_pc1_software,y_only,14,valid,0.7004260567653708,0.700426056765371
real_pc1_software,y_only,15,valid,1.6025159566273222,1.60251595662732
real_pc1_software,y_only,16,valid,1.5186332790813066,1.51863327908131
real_pc1_software,y_only,17,valid,1.5109191641424835,1.51091916414248
real_pc1_software,y_only,18,valid,1.814682479703046,1.81468247970305
real_pc1_software,y_only,19,valid,1.7295586753637506,1.72955867536375
real_pc1_software,y_only,20,valid,1.6796918674737351,1.67969186747373
real_pc1_software,y_only,21,valid,1.6792246672453752,1.67922466724538
real_pc1_software,y_only,22,valid,1.569759151262446,1.56975915126245
real_pc1_software,y_only,23,valid,1.4672723149936355,1.46727231499364
real_pc1_software,y_only,24,valid,1.3984753835394164,1.39847538353942
real_pc1_software,y_only,25,valid,1.2815851386044437,1.28158513860444
real_pc1_software,y_only,26,valid,1.877777777777777,1.87777777777778
real_pc1_software,y_only,27,valid,1.1405732441130845,1.14057324411308
real_pc1_software,y_only,28,valid,1.4812490894409098,1.48124908944091
real_pc1_software,y_only,29,valid,1.6791570562833442,1.67915705628334
real_pc1_software,y_only,30,invalid,,1.15023206288015
real_pc1_software,y_only,31,valid,1.380540358824755,1.38054035882476
real_pc3_software,x_only,0,valid,0.8533713779938609,0.853371377993861
real_pc3_software,x_only,1,valid,1.396101740368494,1.39610174036849
real_pc3_software,x_only,2,valid,1.662732739107197,1.6627327391072
real_pc3_software,x_only,3,valid,1.4937915115889873,1.49379151158899
real_pc3_software,x_only,4,valid,0.6612279672497475,0.661227967249747
real_pc3_software,x_only,5,valid,0.5224035133780092,0.522403513378009
real_pc3_software,x_only,6,valid,0.4172641263101508,0.417264126310151
real_pc3_software,x_only,7,valid,0.4226926664750408,0.422692666475041
real_pc3_software,x_only,8,valid,0.7200378453451007,0.720037845345101
real_pc3_software,x_only,9,valid,0.7160804705417196,0.71608047054172
real_pc3_software,x_only,10,valid,1.6098531189823857,1.60985311898239
real_pc3_software,x_only,11,valid,1.4878006965697004,1.4878006965697
real_pc3_software,x_only,12,valid,1.4319289218052518,1.43192892180525
real_pc3_software,x_only,13,valid,1.3665717114593987,1.3665717114594
real_pc3_software,x_only,14,valid,1.9324750030032884,1.93247500300329
real_pc3_software,x_only,15,valid,1.6061543844261212,1.60615438442612
real_pc3_software,x_only,16,valid,1.5924077002167965,1.5924077002168
real_pc3_software,x_only,17,valid,1.5920357243007404,1.59203572430074
real_pc3_software,x_only,18,valid,1.9324750030032884,1.93247500300329
real_pc3_software,x_only,19,valid,1.8010912080076236,1.80109120800762
real_pc3_software,x_only,20,valid,1.8007998482081915,1.80079984820819
real_pc3_software,x_only,21,valid,1.6126933032369104,1.61269330323691
real_pc3_software,x_only,22,valid,1.5169562484215362,1.51695624842154
real_pc3_software,x_only,23,valid,1.559090157161934,1.55909015716193
real_pc3_software,x_only,24,valid,1.5530357796513783,1.55303577965138
real_pc3_software,x_only,25,valid,1.512187797242072,1.51218779724207
real_pc3_software,x_only,26,valid,1.85,1.85
real_pc3_software,x_only,27,valid,0.5762224839253784,0.576222483925378
real_pc3_software,x_only,28,valid,1.4390492114913989,1.4390492114914
real_pc3_software,x_only,29,valid,1.6125649229300771,1.61256492293008
real_pc3_software,x_only,30,valid,0.8559902556584735,0.855990255658474
real_pc3_software,x_only,31,valid,1.325748586790814,1.32574858679081
real_pc3_software,xy_2d,0,valid,1.6093357187893802,1.60933571878938
real_pc3_software,xy_2d,1,valid,1.6012631416214052,1.6012631416214
real_pc3_software,xy_2d,2,valid,1.465527724732997,1.465527724733
real_pc3_software,xy_2d,3,valid,1.4020318277884676,1.40203182778847
real_pc3_software,xy_2d,4,valid,0.6199901775961331,0.619990177596133
real_pc3_software,xy_2d,5,valid,0.5951216696257517,0.595121669625752
real_pc3_software,xy_2d,6,valid,0.4860741309257009,0.486074130925701
real_pc3_software,xy_2d,7,valid,0.4200534532465009,0.420053453246501
real_pc3_software,xy_2d,8,valid,0.6896055843238846,0.689605584323884
real_pc3_software,xy_2d,9,valid,1.6020302991162223,1.60203029911622
real_pc3_software,xy_2d,10,valid,1.4632567372907754,1.46325673729078
real_pc3_software,xy_2d,11,valid,1.435392857461672,1.43539285746167
real_pc3_software,xy_2d,12,valid,1.3728038728505478,1.37280387285055
real_pc3_software,xy_2d,13,valid,1.3675927947584312,1.36759279475843
real_pc3_software,xy_2d,14,valid,1.90328777419273,1.90328777419273
real_pc3_software,xy_2d,15,valid,1.688242703765971,1.68824270376597
real_pc3_software,xy_2d,16,valid,1.4375339277606172,1.43753392776062
real_pc3_software,xy_2d,17,valid,1.435664908017294,1.43566490801729
real_pc3_software,xy_2d,18,valid,1.90328777419273,1.90328777419273
real_pc3_software,xy_2d,19,valid,1.794761748191073,1.79476174819107
real_pc3_software,xy_2d,20,valid,1.7945465452228024,1.7945465452228
real_pc3_software,xy_2d,21,valid,1.652563267846351,1.65256326784635
real_pc3_software,xy_2d,22,valid,1.2000476134017677,1.20004761340177
real_pc3_software,xy_2d,23,valid,1.0497447623267786,1.04974476232678
real_pc3_software,xy_2d,24,valid,0.8552018287274364,0.855201828727436
real_pc3_software,xy_2d,25,valid,1.0268404256778496,1.02684042567785
real_pc3_software,xy_2d,26,valid,0.7556735779713376,0.755673577971337
real_pc3_software,xy_2d,27,valid,1.0666666666666669,1.06666666666667
real_pc3_software,xy_2d,28,valid,1.3519858500919388,1.35198585009194
real_pc3_software,xy_2d,29,valid,1.651927059614971,1.65192705961497
real_pc3_software,xy_2d,30,invalid,,0.917632228466144
real_pc3_software,xy_2d,31,valid,1.350848679578718,1.35084867957872
real_pc3_software,y_only,0,valid,2.0,2.0
real_pc3_software,y_only,1,valid,1.714957184253051,1.71495718425305
real_pc3_software,y_only,2,valid,1.62679226311831,1.62679226311831
real_pc3_software,y_only,3,valid,1.5315896131356088,1.53158961313561
real_pc3_software,y_only,4,valid,0.818145925894312,0.818145925894311
real_pc3_software,y_only,5,valid,0.714577618239844,0.714577618239843
real_pc3_software,y_only,6,valid,0.6260609343996344,0.626060934399634
real_pc3_software,y_only,7,valid,0.6121992851715039,0.612199285171503
real_pc3_software,y_only,8,valid,2.0,2.0
real_pc3_software,y_only,9,valid,1.7754189211579914,1.77541892115799
real_pc3_software,y_only,10,valid,1.6314486149630536,1.63144861496305
real_pc3_software,y_only,11,valid,1.5292567158997057,1.5292567158997
real_pc3_software,y_only,12,valid,1.5062471854433677,1.50624718544337
real_pc3_software,y_only,13,valid,1.4957923361500691,1.49579233615007
real_pc3_software,y_only,14,valid,0.7865837290974856,0.786583729097484
real_pc3_software,y_only,15,valid,1.7084815459929628,1.70848154599296
real_pc3_software,y_only,16,valid,1.6200770784178324,1.62007707841783
real_pc3_software,y_only,17,valid,1.535445376111118,1.53544537611112
real_pc3_software,y_only,18,valid,2.0,2.0
real_pc3_software,y_only,19,valid,1.9459768781077849,1.94597687810778
real_pc3_software,y_only,20,valid,1.8074008908578527,1.80740089085785
real_pc3_software,y_only,21,valid,1.6454799650419198,1.64547996504192
real_pc3_software,y_only,22,valid,1.5859018884351888,1.58590188843519
real_pc3_software,y_only,23,valid,1.4183225918664797,1.41832259186648
real_pc3_software,y_only,24,invalid,,1.45119952936883
real_pc3_software,y_only,25,invalid,,1.74879267141978
real_pc3_software,y_only,26,valid,1.7972030152040448,1.79720301520404
real_pc3_software,y_only,27,valid,1.0456812385312746,1.04568123853127
real_pc3_software,y_only,28,valid,1.5007945989545557,1.50079459895456
real_pc3_software,y_only,29,valid,1.6453401263964869,1.64534012639649
real_pc3_software,y_only,30,invalid,,1.74879267141978
real_pc3_software,y_only,31,valid,1.475169667892003,1.475169667892
real_pc4_software,x_only,0,valid,0.4806797904651037,0.480679790465104
real_pc4_software,x_only,1,valid,0.5217983649323962,0.521798364932396
real_pc4_software,x_only,2,valid,0.5113981786146745,0.511398178614675
real_pc4_software,x_only,3,valid,1.188756571848618,1.18875657184862
real_pc4_software,x_only,4,valid,0.4252061582769451,0.425206158276945
real_pc4_software,x_only,5,valid,0.3354023067497305,0.335402306749731
real_pc4_software,x_only,6,valid,0.4704479337777361,0.470447933777736
real_pc4_software,x_only,7,valid,0.5684567459912873,0.568456745991287
real_pc4_software,x_only,8,valid,0.4238487523170789,0.423848752317079
real_pc4_software,x_only,9,valid,0.4093476960349953,0.409347696034995
real_pc4_software,x_only,10,valid,0.5109255506812675,0.510925550681268
real_pc4_software,x_only,11,valid,1.1893242554933434,1.18932425549334
real_pc4_software,x_only,12,valid,1.1606572663129855,1.16065726631299
real_pc4_software,x_only,13,valid,1.1401246984704667,1.14012469847047
real_pc4_software,x_only,14,valid,0.4313878234533292,0.43138782345333
real_pc4_software,x_only,15,valid,0.4471550160020627,0.447155016002063
real_pc4_software,x_only,16,valid,0.3562514077403325,0.356251407740333
real_pc4_software,x_only,17,valid,0.5457452089445528,0.545745208944553
real_pc4_software,x_only,18,valid,0.6639058160610324,0.663905816061032
real_pc4_software,x_only,19,valid,1.4878993365265956,1.4878993365266
real_pc4_software,x_only,20,valid,1.3339188527542856,1.33391885275429
real_pc4_software,x_only,21,valid,1.3333730378282074,1.33337303782821
real_pc4_software,x_only,22,valid,1.36278990200802,1.36278990200802
real_pc4_software,x_only,23,valid,1.3177861829530058,1.31778618295301
real_pc4_software,x_only,24,valid,1.2993938479740337,1.29939384797403
real_pc4_software,x_only,25,invalid,,0.788779025214448
real_pc4_software,x_only,26,valid,1.92,1.92
real_pc4_software,x_only,27,valid,0.5180034070732573,0.518003407073257
real_pc4_software,x_only,28,valid,1.1410737675959235,1.14107376759592
real_pc4_software,x_only,29,valid,1.4333472790829416,1.43334727908294
real_pc4_software,x_only,30,invalid,,0.788779025214448
real_pc4_software,x_only,31,valid,1.127661328747512,1.12766132874751
real_pc4_software,xy_2d,0,valid,0.5625919026338211,0.562591902633821
real_pc4_software,xy_2d,1,valid,0.4845961424366174,0.484596142436617
real_pc4_software,xy_2d,2,valid,0.7737737803144049,0.773773780314405
real_pc4_software,xy_2d,3,valid,1.3543041623449357,1.35430416234494
real_pc4_software,xy_2d,4,valid,0.5811775851053891,0.581177585105389
real_pc4_software,xy_2d,5,valid,0.4009838850465593,0.400983885046559
real_pc4_software,xy_2d,6,valid,0.7681020813860152,0.768102081386015
real_pc4_software,xy_2d,7,valid,0.5120557672611361,0.512055767261136
real_pc4_software,xy_2d,8,valid,0.6138532953954013,0.613853295395401
real_pc4_software,xy_2d,9,valid,0.5867737382474665,0.586773738247467
real_pc4_software,xy_2d,10,valid,0.7175227636944832,0.717522763694483
real_pc4_software,xy_2d,11,valid,1.3515418925422806,1.35154189254228
real_pc4_software,xy_2d,12,valid,1.3108256804930725,1.31082568049307
real_pc4_software,xy_2d,13,valid,1.2987053314405352,1.29870533144054
real_pc4_software,xy_2d,14,valid,0.6000625272099577,0.600062527209958
real_pc4_software,xy_2d,15,valid,0.8561884783207789,0.856188478320779
real_pc4_software,xy_2d,16,valid,0.6494826209689031,0.649482620968903
real_pc4_software,xy_2d,17,valid,1.3583522340211087,1.35835223402111
real_pc4_software,xy_2d,18,valid,1.1203716126774912,1.12037161267749
real_pc4_software,xy_2d,19,valid,1.8181031098949605,1.81810310989496
real_pc4_software,xy_2d,20,valid,1.5148258998544837,1.51482589985448
real_pc4_software,xy_2d,21,valid,1.5147198275783391,1.51471982757834
real_pc4_software,xy_2d,22,valid,1.4,1.4
real_pc4_software,xy_2d,23,valid,0.8363105387017833,0.836310538701784
real_pc4_software,xy_2d,24,valid,0.8332617617845444,0.833261761784544
real_pc4_software,xy_2d,25,valid,1.0150918903000994,1.0150918903001
real_pc4_software,xy_2d,26,valid,0.6162581894759818,0.616258189475982
real_pc4_software,xy_2d,27,valid,0.963666089684318,0.963666089684319
real_pc4_software,xy_2d,28,valid,1.3581688205136682,1.35816882051367
real_pc4_software,xy_2d,29,valid,1.5056860928606752,1.50568609286068
real_pc4_software,xy_2d,30,valid,0.9130464746818606,0.913046474681861
real_pc4_software,xy_2d,31,valid,1.2929822888361333,1.29298228883613
real_pc4_software,y_only,0,valid,1.778776038778692,1.77877603877869
real_pc4_software,y_only,1,valid,1.7548303153092366,1.75483031530924
real_pc4_software,y_only,2,valid,1.6697702786692747,1.66977027866927
real_pc4_software,y_only,3,valid,1.5777289269591783,1.57772892695918
real_pc4_software,y_only,4,valid,0.7184887598894639,0.718488759889464
real_pc4_software,y_only,5,valid,0.8973842467073434,0.897384246707343
real_pc4_software,y_only,6,valid,0.9253675183040106,0.92536751830401
real_pc4_software,y_only,7,valid,0.9821840494454512,0.982184049445451
real_pc4_software,y_only,8,valid,1.778776038778692,1.77877603877869
real_pc4_software,y_only,9,valid,1.6422551655513755,1.64225516555137
real_pc4_software,y_only,10,valid,1.5433710222094277,1.54337102220943
real_pc4_software,y_only,11,valid,1.5609449837739335,1.56094498377393
real_pc4_software,y_only,12,valid,1.5487706564441377,1.54877065644414
real_pc4_software,y_only,13,valid,1.5484651691308606,1.54846516913086
real_pc4_software,y_only,14,valid,1.215684967511239,1.21568496751124
real_pc4_software,y_only,15,valid,1.737310599978972,1.73731059997897
real_pc4_software,y_only,16,valid,1.5985396338587052,1.59853963385871
real_pc4_software,y_only,17,valid,1.598487296280633,1.59848729628063
real_pc4_software,y_only,18,valid,1.215684967511239,1.21568496751124
real_pc4_software,y_only,19,valid,1.737310599978972,1.73731059997897
real_pc4_software,y_only,20,valid,1.7372732400439594,1.73727324004396
real_pc4_software,y_only,21,valid,1.7129789406717364,1.71297894067174
real_pc4_software,y_only,22,valid,1.452884918939287,1.45288491893929
real_pc4_software,y_only,23,valid,1.5547779781369298,1.55477797813693
real_pc4_software,y_only,24,valid,1.605005340050755,1.60500534005075
real_pc4_software,y_only,25,valid,1.4000345608235678,1.40003456082357
real_pc4_software,y_only,26,valid,1.8666666666666667,1.86666666666667
real_pc4_software,y_only,27,valid,1.0382625298786945,1.03826252987869
real_pc4_software,y_only,28,valid,1.544346449894218,1.54434644989422
real_pc4_software,y_only,29,valid,1.6884158783355574,1.68841587833556
real_pc4_software,y_only,30,valid,1.4000345608235678,1.40003456082357
real_pc4_software,y_only,31,valid,1.4799719618739546,1.47997196187395
real_pollen,x_only,0,valid,0.7856117213006945,0.785611721300693
real_pollen,x_only,1,valid,0.7088602827883195,0.708860282788318
real_pollen,x_only,2,valid,0.6715816089540104,0.671581608954009
real_pollen,x_only,3,valid,0.6521929350592663,0.652192935059266
real_pollen,x_only,4,valid,0.7879594974521832,0.787959497452182
real_pollen,x_only,5,valid,0.7096538722299275,0.709653872229927
real_pollen,x_only,6,valid,0.6757139858681057,0.675713985868105
real_pollen,x_only,7,valid,0.6721058018252742,0.672105801825274
real_pollen,x_only,8,valid,0.7905207796751123,0.790520779675111
real_pollen,x_only,9,valid,0.7160011312556348,0.716001131255634
real_pollen,x_only,10,valid,0.6718908722925631,0.671890872292562
real_pollen,x_only,11,valid,0.6610286613201359,0.661028661320135
real_pollen,x_only,12,valid,0.6761385157079017,0.676138515707901
real_pollen,x_only,13,valid,0.669421632276584,0.669421632276583
real_pollen,x_only,14,valid,0.7887382412898638,0.788738241289863
real_pollen,x_only,15,valid,0.7288201234996116,0.72882012349961
real_pollen,x_only,16,valid,0.6786085749197615,0.67860857491976
real_pollen,x_only,17,valid,0.673779563281372,0.673779563281371
real_pollen,x_only,18,valid,0.8749867244355299,0.874986724435529
real_pollen,x_only,19,valid,0.843869190326601,0.8438691903266
real_pollen,x_only,20,valid,1.1405608218432175,1.14056082184322
real_pollen,x_only,21,valid,1.6643058224443437,1.66430582244434
real_pollen,x_only,22,valid,1.9225541972775704,1.92255419727757
real_pollen,x_only,23,invalid,,1.53653439069333
real_pollen,x_only,24,invalid,,1.57037037037037
real_pollen,x_only,25,valid,1.8962900525755368,1.89629005257554
real_pollen,x_only,26,valid,1.9014482401569384,1.90144824015694
real_pollen,x_only,27,valid,1.137000806690113,1.13700080669011
real_pollen,x_only,28,valid,0.6719074334437658,0.671907433443765
real_pollen,x_only,29,valid,1.5425712503291693,1.54257125032917
real_pollen,x_only,30,valid,1.9166586842620177,1.91665868426202
real_pollen,x_only,31,valid,0.6814357238271715,0.681435723827171
real_pollen,xy_2d,0,valid,0.7194360818575349,0.719436081857535
real_pollen,xy_2d,1,valid,0.6406688921738296,0.64066889217383
real_pollen,xy_2d,2,valid,0.5465691281204412,0.546569128120442
real_pollen,xy_2d,3,valid,0.5073246036334558,0.507324603633456
real_pollen,xy_2d,4,valid,0.7230473394204067,0.723047339420407
real_pollen,xy_2d,5,valid,0.6287885243860086,0.628788524386009
real_pollen,xy_2d,6,valid,0.5656128601959379,0.565612860195938
real_pollen,xy_2d,7,valid,0.5302769600875109,0.530276960087511
real_pollen,xy_2d,8,valid,0.723840065778536,0.723840065778536
real_pollen,xy_2d,9,valid,0.6374285652767523,0.637428565276753
real_pollen,xy_2d,10,valid,0.5613331284644058,0.561333128464406
real_pollen,xy_2d,11,valid,0.5111566917708898,0.51115669177089
real_pollen,xy_2d,12,valid,0.4944369845788337,0.494436984578834
real_pollen,xy_2d,13,valid,0.435230352306673,0.435230352306673
real_pollen,xy_2d,14,valid,0.8264918196239877,0.826491819623989
real_pollen,xy_2d,15,valid,0.6737389004305778,0.673738900430578
real_pollen,xy_2d,16,valid,0.5929410739253876,0.592941073925388
real_pollen,xy_2d,17,valid,0.5530754604419832,0.553075460441984
real_pollen,xy_2d,18,valid,0.777403775286532,0.777403775286532
real_pollen,xy_2d,19,valid,0.7290455617059767,0.729045561705977
real_pollen,xy_2d,20,valid,0.6704248070614243,0.670424807061424
real_pollen,xy_2d,21,valid,0.6723459333696996,0.6723459333697
real_pollen,xy_2d,22,valid,1.2698066085015485,1.26980660850155
real_pollen,xy_2d,23,valid,1.3269082878686125,1.32690828786861
real_pollen,xy_2d,24,invalid,,1.56445558919668
real_pollen,xy_2d,25,invalid,,1.91840748058328
real_pollen,xy_2d,26,valid,0.9788777551178028,0.978877755117803
real_pollen,xy_2d,27,valid,1.0912711583139727,1.09127115831397
real_pollen,xy_2d,28,valid,0.4891217278461686,0.489121727846169
real_pollen,xy_2d,29,valid,0.6476978740882978,0.647697874088298
real_pollen,xy_2d,30,invalid,,1.86150148341351
real_pollen,xy_2d,31,valid,0.432493559246336,0.432493559246336
real_pollen,y_only,0,valid,0.8597820492809383,0.859782049280938
real_pollen,y_only,1,valid,0.813749092818457,0.813749092818457
real_pollen,y_only,2,valid,0.8093709033512503,0.80937090335125
real_pollen,y_only,3,valid,0.801717869479007,0.801717869479007
real_pollen,y_only,4,valid,0.8601686457097124,0.860168645709712
real_pollen,y_only,5,valid,0.8093346579327723,0.809334657932772
real_pollen,y_only,6,valid,0.800277690772983,0.800277690772983
real_pollen,y_only,7,valid,0.8018605843595074,0.801860584359507
real_pollen,y_only,8,valid,0.8642397897841836,0.864239789784183
real_pollen,y_only,9,valid,0.8096802982606267,0.809680298260627
real_pollen,y_only,10,valid,0.8051004197655137,0.805100419765514
real_pollen,y_only,11,valid,0.810889027993779,0.810889027993779
real_pollen,y_only,12,valid,0.8134299688474764,0.813429968847476
real_pollen,y_only,13,valid,0.840205822634916,0.840205822634916
real_pollen,y_only,14,valid,0.8804421215582925,0.880442121558292
real_pollen,y_only,15,valid,0.8185261870526618,0.818526187052661
real_pollen,y_only,16,valid,0.8350417461299767,0.835041746129976
real_pollen,y_only,17,valid,0.8161417357185793,0.816141735718579
real_pollen,y_only,18,valid,0.8804421215582925,0.880442121558292
real_pollen,y_only,19,valid,0.8754081566026248,0.875408156602625
real_pollen,y_only,20,valid,0.863940950164318,0.863940950164318
real_pollen,y_only,21,valid,0.8137308538174475,0.813730853817447
real_pollen,y_only,22,invalid,,1.8260136277958
real_pollen,y_only,23,invalid,,1.86539078129984
real_pollen,y_only,24,invalid,,1.0
real_pollen,y_only,25,invalid,,1.0
real_pollen,y_only,26,valid,1.8507937560850865,1.85079375608509
real_pollen,y_only,27,valid,1.441391925745511,1.44139192574551
real_pollen,y_only,28,valid,0.8189337428120068,0.818933742812006
real_pollen,y_only,29,valid,0.8137308538174475,0.813730853817447
real_pollen,y_only,30,invalid,,1.0
real_pollen,y_only,31,valid,0.8431147083484156,0.843114708348416
real_qsar_biodeg,x_only,0,valid,0.8279042748888029,0.827904274888803
real_qsar_biodeg,x_only,1,valid,0.7273383021309127,0.727338302130912
real_qsar_biodeg,x_only,2,valid,0.7557904572417885,0.755790457241788
real_qsar_biodeg,x_only,3,valid,0.7569169774664554,0.756916977466455
real_qsar_biodeg,x_only,4,valid,0.8307879335803404,0.83078793358034
real_qsar_biodeg,x_only,5,valid,0.7384201960409995,0.738420196040999
real_qsar_biodeg,x_only,6,valid,0.7473998402036629,0.747399840203662
real_qsar_biodeg,x_only,7,valid,0.7742056361723146,0.774205636172314
real_qsar_biodeg,x_only,8,valid,0.9243729076747011,0.9243729076747
real_qsar_biodeg,x_only,9,valid,0.8674410924730193,0.867441092473019
real_qsar_biodeg,x_only,10,valid,0.7812655334182946,0.781265533418294
real_qsar_biodeg,x_only,11,valid,0.7653477478985079,0.765347747898507
real_qsar_biodeg,x_only,12,valid,0.80164957812959,0.80164957812959
real_qsar_biodeg,x_only,13,valid,1.2742575961313496,1.27425759613135
real_qsar_biodeg,x_only,14,valid,0.8219542783162361,0.821954278316236
real_qsar_biodeg,x_only,15,valid,0.7284270927028706,0.72842709270287
real_qsar_biodeg,x_only,16,valid,0.7826604187498178,0.782660418749817
real_qsar_biodeg,x_only,17,valid,0.7519474814729494,0.751947481472949
real_qsar_biodeg,x_only,18,valid,0.8396916408369215,0.839691640836921
real_qsar_biodeg,x_only,19,valid,1.4532329944140905,1.45323299441409
real_qsar_biodeg,x_only,20,valid,1.3668184128911922,1.36681841289119
real_qsar_biodeg,x_only,21,valid,1.7001243627809304,1.70012436278093
real_qsar_biodeg,x_only,22,valid,1.672377368279721,1.67237736827972
real_qsar_biodeg,x_only,23,valid,1.7632284906002875,1.76322849060029
real_qsar_biodeg,x_only,24,valid,1.8295573294188456,1.82955732941885
real_qsar_biodeg,x_only,25,valid,1.773110322384047,1.77311032238405
real_qsar_biodeg,x_only,26,valid,1.8931155872972616,1.89311558729726
real_qsar_biodeg,x_only,27,valid,1.0009408662766683,1.00094086627667
real_qsar_biodeg,x_only,28,valid,0.81333657240766,0.81333657240766
real_qsar_biodeg,x_only,29,valid,1.6987247368731195,1.69872473687312
real_qsar_biodeg,x_only,30,invalid,,1.425
real_qsar_biodeg,x_only,31,valid,0.8372133323503551,0.837213332350355
real_qsar_biodeg,xy_2d,0,valid,0.7346738160640153,0.734673816064015
real_qsar_biodeg,xy_2d,1,valid,0.6726285385933704,0.67262853859337
real_qsar_biodeg,xy_2d,2,valid,0.7795564366114912,0.779556436611491
real_qsar_biodeg,xy_2d,3,valid,0.8398249373198315,0.839824937319832
real_qsar_biodeg,xy_2d,4,valid,0.7185080020017033,0.718508002001703
real_qsar_biodeg,xy_2d,5,valid,0.7095091838370391,0.709509183837039
real_qsar_biodeg,xy_2d,6,valid,0.5951055307991919,0.595105530799192
real_qsar_biodeg,xy_2d,7,valid,0.6571943624841363,0.657194362484136
real_qsar_biodeg,xy_2d,8,valid,0.929639071631475,0.929639071631475
real_qsar_biodeg,xy_2d,9,valid,1.0358372762108194,1.03583727621082
real_qsar_biodeg,xy_2d,10,valid,0.8155149131064294,0.815514913106429
real_qsar_biodeg,xy_2d,11,valid,1.0026448009501423,1.00264480095014
real_qsar_biodeg,xy_2d,12,valid,0.956170244128812,0.956170244128812
real_qsar_biodeg,xy_2d,13,valid,0.9154286507521708,0.915428650752171
real_qsar_biodeg,xy_2d,14,valid,0.7565169900707603,0.75651699007076
real_qsar_biodeg,xy_2d,15,valid,0.6306095797352688,0.630609579735269
real_qsar_biodeg,xy_2d,16,valid,0.8323364487222846,0.832336448722285
real_qsar_biodeg,xy_2d,17,valid,0.8071995232722275,0.807199523272228
real_qsar_biodeg,xy_2d,18,valid,0.7242959298269108,0.724295929826911
real_qsar_biodeg,xy_2d,19,valid,0.718615801706563,0.718615801706563
real_qsar_biodeg,xy_2d,20,valid,0.7097261203651183,0.709726120365118
real_qsar_biodeg,xy_2d,21,valid,0.9103343220644596,0.91033432206446
real_qsar_biodeg,xy_2d,22,valid,1.8897860180114463,1.88978601801145
real_qsar_biodeg,xy_2d,23,valid,1.4955876972097228,1.49558769720972
real_qsar_biodeg,xy_2d,24,valid,1.1852732599907287,1.18527325999073
real_qsar_biodeg,xy_2d,25,invalid,,1.21320874267798
real_qsar_biodeg,xy_2d,26,valid,1.5,1.5
real_qsar_biodeg,xy_2d,28,valid,0.7757144718343558,0.775714471834356
real_qsar_biodeg,xy_2d,29,valid,0.8304900963208195,0.830490096320819
real_qsar_biodeg,xy_2d,30,valid,1.4866105273811343,1.48661052738113
real_qsar_biodeg,xy_2d,31,valid,0.8184765249527268,0.818476524952727
real_qsar_biodeg,y_only,0,valid,0.8831874614492432,0.883187461449243
real_qsar_biodeg,y_only,1,valid,0.8803869775648634,0.880386977564864
real_qsar_biodeg,y_only,2,valid,0.9164777564586128,0.916477756458613
real_qsar_biodeg,y_only,3,valid,0.825245654432955,0.825245654432955
real_qsar_biodeg,y_only,4,valid,0.8822858120500623,0.882285812050063
real_qsar_biodeg,y_only,5,valid,0.9527318595841558,0.952731859584156
real_qsar_biodeg,y_only,6,valid,0.9002316063198943,0.900231606319894
real_qsar_biodeg,y_only,7,valid,0.874272212886738,0.874272212886738
real_qsar_biodeg,y_only,8,valid,1.0199104133691996,1.0199104133692
real_qsar_biodeg,y_only,9,valid,1.0365661733065226,1.03656617330652
real_qsar_biodeg,y_only,10,valid,0.9191748931765767,0.919174893176577
real_qsar_biodeg,y_only,11,valid,0.8485138350915511,0.848513835091551
real_qsar_biodeg,y_only,12,valid,0.8721284725631737,0.872128472563174
real_qsar_biodeg,y_only,13,valid,0.8822664506894595,0.882266450689459
real_qsar_biodeg,y_only,14,valid,0.9264173268016144,0.926417326801614
real_qsar_biodeg,y_only,15,valid,0.8471275637540712,0.847127563754071
real_qsar_biodeg,y_only,16,valid,0.8531898449678912,0.853189844967891
real_qsar_biodeg,y_only,17,valid,0.8911022174979846,0.891102217497985
real_qsar_biodeg,y_only,18,valid,0.9433233361380478,0.943323336138048
real_qsar_biodeg,y_only,19,valid,0.9493807711936124,0.949380771193612
real_qsar_biodeg,y_only,20,valid,0.9418653476550628,0.941865347655063
real_qsar_biodeg,y_only,21,valid,1.7957577326624183,1.79575773266242
real_qsar_biodeg,y_only,22,valid,1.5750340666965594,1.57503406669656
real_qsar_biodeg,y_only,23,valid,1.680121048869091,1.68012104886909
real_qsar_biodeg,y_only,24,valid,1.794514404611372,1.79451440461137
real_qsar_biodeg,y_only,25,invalid,,1.20696201442167
real_qsar_biodeg,y_only,26,valid,1.7765676596062725,1.77656765960627
real_qsar_biodeg,y_only,27,valid,1.2875,1.2875
real_qsar_biodeg,y_only,28,valid,0.8603988744136453,0.860398874413645
real_qsar_biodeg,y_only,29,valid,1.795750341268031,1.79575034126803
real_qsar_biodeg,y_only,30,invalid,,1.20696201442167
real_qsar_biodeg,y_only,31,valid,1.2948150160236531,1.29481501602365
real_seeds,x_only,0,valid,0.6753812385270754,0.675381238527075
real_seeds,x_only,1,valid,0.546828776075945,0.546828776075945
real_seeds,x_only,2,valid,0.6276239984471557,0.627623998447156
real_seeds,x_only,3,valid,0.550457181105515,0.550457181105515
real_seeds,x_only,4,valid,0.686082430622593,0.686082430622593
real_seeds,x_only,5,valid,0.546828776075945,0.546828776075945
real_seeds,x_only,6,valid,0.7389177860205154,0.738917786020515
real_seeds,x_only,7,valid,0.6501707456131163,0.650170745613116
real_seeds,x_only,8,valid,0.6764628484028751,0.676462848402875
real_seeds,x_only,9,valid,0.562795421365838,0.562795421365838
real_seeds,x_only,10,valid,0.6403023947614069,0.640302394761407
real_seeds,x_only,11,valid,0.5338693572375156,0.533869357237516
real_seeds,x_only,12,valid,0.6344954593656231,0.634495459365623
real_seeds,x_only,13,valid,0.8332642541998968,0.833264254199897
real_seeds,x_only,14,valid,0.7505671159821475,0.750567115982148
real_seeds,x_only,15,valid,0.5975061666936206,0.597506166693621
real_seeds,x_only,16,valid,0.6288044442355109,0.628804444235511
real_seeds,x_only,17,valid,0.5848520723324728,0.584852072332473
real_seeds,x_only,18,valid,0.7004986899957738,0.700498689995774
real_seeds,x_only,19,valid,0.5372541535890718,0.537254153589072
real_seeds,x_only,20,valid,0.5974970891680992,0.597497089168099
real_seeds,x_only,21,valid,0.5379855233547443,0.537985523354744
real_seeds,x_only,22,valid,1.867916191115128,1.86791619111513
real_seeds,x_only,23,valid,1.2170607787411485,1.21706077874115
real_seeds,x_only,24,valid,1.548362129809406,1.54836212980941
real_seeds,x_only,25,invalid,,1.0
real_seeds,x_only,26,valid,0.9191657769100486,0.919165776910049
real_seeds,x_only,28,valid,0.7821774994656209,0.782177499465621
real_seeds,x_only,29,valid,0.628316598400174,0.628316598400174
real_seeds,x_only,30,invalid,,1.0
real_seeds,x_only,31,valid,0.7586553352132184,0.758655335213218
real_seeds,xy_2d,0,valid,0.6817346045356365,0.681734604535637
real_seeds,xy_2d,1,valid,0.5255108250742145,0.525510825074215
real_seeds,xy_2d,2,valid,0.5361590129782686,0.536159012978269
real_seeds,xy_2d,3,valid,0.5003011450673939,0.500301145067394
real_seeds,xy_2d,4,valid,0.668499014088025,0.668499014088025
real_seeds,xy_2d,5,valid,0.5484861405668648,0.548486140566865
real_seeds,xy_2d,6,valid,0.5552671085919731,0.555267108591973
real_seeds,xy_2d,7,valid,0.6355454703253036,0.635545470325304
real_seeds,xy_2d,8,valid,0.6679668015551554,0.667966801555155
real_seeds,xy_2d,9,valid,0.5303255901743883,0.530325590174388
real_seeds,xy_2d,10,valid,0.5523977739513541,0.552397773951354
real_seeds,xy_2d,11,valid,0.5171411850197782,0.517141185019778
real_seeds,xy_2d,12,valid,0.4898362123500492,0.489836212350049
real_seeds,xy_2d,13,valid,0.4925299576672033,0.492529957667203
real_seeds,xy_2d,14,valid,0.673902970554967,0.673902970554967
real_seeds,xy_2d,15,valid,0.5074161242390379,0.507416124239038
real_seeds,xy_2d,16,valid,0.5146372025006911,0.514637202500691
real_seeds,xy_2d,17,valid,0.4830873534967304,0.48308735349673
real_seeds,xy_2d,18,valid,0.7119007117981145,0.711900711798115
real_seeds,xy_2d,19,valid,0.6619235192797099,0.66192351927971
real_seeds,xy_2d,20,valid,0.5462386341340737,0.546238634134074
real_seeds,xy_2d,21,valid,0.6442603474135656,0.644260347413566
real_seeds,xy_2d,23,valid,1.221609712911921,1.22160971291192
real_seeds,xy_2d,24,valid,0.9461781522507642,0.946178152250764
real_seeds,xy_2d,25,invalid,,1.99615480164793
real_seeds,xy_2d,26,valid,0.9374612287390708,0.937461228739071
real_seeds,xy_2d,28,valid,0.4471451151560356,0.447145115156036
real_seeds,xy_2d,29,valid,0.6375781600605482,0.637578160060548
real_seeds,xy_2d,30,invalid,,1.0
real_seeds,xy_2d,31,valid,0.5995884908895623,0.599588490889562
real_seeds,y_only,0,valid,0.9639585967457752,0.963958596745776
real_seeds,y_only,1,valid,0.98128593219335,0.98128593219335
real_seeds,y_only,2,valid,1.0355199340642054,1.03551993406421
real_seeds,y_only,3,valid,1.0921998113509963,1.092199811351
real_seeds,y_only,4,valid,0.952769662991974,0.952769662991974
real_seeds,y_only,5,valid,0.9809051503752966,0.980905150375297
real_seeds,y_only,6,valid,1.0230634464428958,1.0230634464429
real_seeds,y_only,7,valid,1.08700113369194,1.08700113369194
real_seeds,y_only,8,valid,0.980615194586518,0.980615194586518
real_seeds,y_only,9,valid,0.9645966213987196,0.96459662139872
real_seeds,y_only,10,valid,1.010957553682346,1.01095755368235
real_seeds,y_only,11,valid,1.129267050973311,1.12926705097331
real_seeds,y_only,12,valid,1.5009443876911206,1.50094438769112
real_seeds,y_only,13,valid,1.5281395215014186,1.52813952150142
real_seeds,y_only,14,valid,0.9890051596556704,0.98900515965567
real_seeds,y_only,15,valid,0.983346983211514,0.983346983211514
real_seeds,y_only,16,valid,1.0602998149093208,1.06029981490932
real_seeds,y_only,17,valid,1.0772403294161417,1.07724032941614
real_seeds,y_only,18,valid,0.952769662991974,0.952769662991974
real_seeds,y_only,19,valid,1.0771670553517705,1.07716705535177
real_seeds,y_only,20,valid,1.0975350802421957,1.0975350802422
real_seeds,y_only,21,valid,1.0975350802421957,1.0975350802422
real_seeds,y_only,22,valid,1.7746481730146386,1.77464817301464
real_seeds,y_only,23,invalid,,1.71577938007732
real_seeds,y_only,24,invalid,,1.99866619082888
real_seeds,y_only,25,invalid,,1.0
real_seeds,y_only,26,valid,1.3470736321590664,1.34707363215907
real_seeds,y_only,27,valid,1.101747810202959,1.10174781020296
real_seeds,y_only,28,valid,1.1815459123494418,1.18154591234944
real_seeds,y_only,29,valid,1.0975350802421957,1.0975350802422
real_seeds,y_only,30,invalid,,1.0
real_seeds,y_only,31,valid,1.291594401613379,1.29159440161338
real_sonar,x_only,0,valid,0.8146855220509749,0.814685522050975
real_sonar,x_only,1,valid,0.7212402069979383,0.721240206997938
real_sonar,x_only,2,valid,0.8659001115897873,0.865900111589787
real_sonar,x_only,3,valid,0.8759601191359978,0.875960119135998
real_sonar,x_only,4,valid,0.8123165172977052,0.812316517297705
real_sonar,x_only,5,valid,0.7130236340733499,0.71302363407335
real_sonar,x_only,6,valid,0.8866100809249786,0.886610080924979
real_sonar,x_only,7,valid,0.8819321476448467,0.881932147644847
real_sonar,x_only,8,valid,0.8064284464703128,0.806428446470313
real_sonar,x_only,9,valid,0.7377786753054982,0.737778675305498
real_sonar,x_only,10,valid,0.8600984651097265,0.860098465109727
real_sonar,x_only,11,valid,0.8818264178833644,0.881826417883364
real_sonar,x_only,12,valid,0.8670838465364827,0.867083846536483
real_sonar,x_only,13,valid,0.9905807129144992,0.990580712914499
real_sonar,x_only,14,valid,0.7826357945094508,0.782635794509451
real_sonar,x_only,15,valid,0.818785116608078,0.818785116608078
real_sonar,x_only,16,valid,0.8973231886548134,0.897323188654813
real_sonar,x_only,17,valid,0.8941294329813003,0.8941294329813
real_sonar,x_only,18,valid,0.8044762192215416,0.804476219221542
real_sonar,x_only,19,valid,0.8693229258479778,0.869322925847978
real_sonar,x_only,20,valid,0.8848446164888727,0.884844616488873
real_sonar,x_only,21,valid,0.9933866360702124,0.993386636070212
real_sonar,x_only,22,valid,2.0,2.0
real_sonar,x_only,23,valid,1.8862645809706795,1.88626458097068
real_sonar,x_only,24,valid,1.3911720758421615,1.39117207584216
real_sonar,x_only,25,valid,1.4288050031007344,1.42880500310073
real_sonar,x_only,26,valid,1.692397869152908,1.69239786915291
real_sonar,x_only,28,valid,0.8571676996142539,0.857167699614254
real_sonar,x_only,29,valid,1.5002626016998304,1.50026260169983
real_sonar,x_only,30,valid,1.6834915570762723,1.68349155707627
real_sonar,x_only,31,valid,1.2339620619361558,1.23396206193616
real_sonar,xy_2d,0,valid,0.9635119991151764,0.963511999115176
real_sonar,xy_2d,1,valid,0.7270707628213325,0.727070762821333
real_sonar,xy_2d,2,valid,0.8408005581858181,0.840800558185818
real_sonar,xy_2d,3,valid,0.7924147227299907,0.792414722729991
real_sonar,xy_2d,4,valid,0.9048386117236276,0.904838611723627
real_sonar,xy_2d,5,valid,0.7932013647433148,0.793201364743315
real_sonar,xy_2d,6,valid,0.9133659401691212,0.913365940169121
real_sonar,xy_2d,7,valid,0.7970937981138358,0.797093798113836
real_sonar,xy_2d,8,valid,0.943384450279782,0.943384450279782
real_sonar,xy_2d,9,valid,0.8402372654903635,0.840237265490363
real_sonar,xy_2d,10,valid,0.8094340296274273,0.809434029627427
real_sonar,xy_2d,11,valid,0.7677513317781754,0.767751331778175
real_sonar,xy_2d,12,valid,0.7380158170866137,0.738015817086614
real_sonar,xy_2d,13,valid,0.773115298267766,0.773115298267766
real_sonar,xy_2d,14,valid,0.8883245912343459,0.888324591234346
real_sonar,xy_2d,15,valid,0.6843993213041395,0.684399321304139
real_sonar,xy_2d,16,valid,0.8888705029816435,0.888870502981643
real_sonar,xy_2d,17,valid,0.8321650194056733,0.832165019405673
real_sonar,xy_2d,18,valid,0.8883245912343459,0.888324591234346
real_sonar,xy_2d,19,valid,0.6883195874390494,0.688319587439049
real_sonar,xy_2d,20,valid,0.7683099519468106,0.76830995194681
real_sonar,xy_2d,21,valid,0.9341094042024286,0.934109404202428
real_sonar,xy_2d,24,valid,2.0,2.0
real_sonar,xy_2d,25,valid,1.4227623247312455,1.42276232473125
real_sonar,xy_2d,26,valid,1.179657400865344,1.17965740086534
real_sonar,xy_2d,28,valid,0.7953646502944067,0.795364650294407
real_sonar,xy_2d,29,valid,0.8865814296924277,0.886581429692428
real_sonar,xy_2d,30,valid,1.378548248528951,1.37854824852895
real_sonar,xy_2d,31,valid,1.1026327316955278,1.10263273169553
real_sonar,y_only,0,valid,0.7930168718728904,0.79301687187289
real_sonar,y_only,1,valid,0.8693290922295966,0.869329092229597
real_sonar,y_only,2,valid,0.8795073454859617,0.879507345485962
real_sonar,y_only,3,valid,0.8998141497549801,0.89981414975498
real_sonar,y_only,4,valid,0.7930168718728904,0.79301687187289
real_sonar,y_only,5,valid,0.8686128009496681,0.868612800949668
real_sonar,y_only,6,valid,0.8766482537948732,0.876648253794873
real_sonar,y_only,7,valid,0.8549259024672676,0.854925902467268
real_sonar,y_only,8,valid,0.8218472745870815,0.821847274587082
real_sonar,y_only,9,valid,0.9126586137304794,0.912658613730479
real_sonar,y_only,10,valid,0.8841079301596494,0.884107930159649
real_sonar,y_only,11,valid,0.8713414348744716,0.871341434874472
real_sonar,y_only,12,valid,0.8674673708481874,0.867467370848187
real_sonar,y_only,13,valid,1.119191596344852,1.11919159634485
real_sonar,y_only,14,valid,0.7930168718728904,0.79301687187289
real_sonar,y_only,15,valid,0.8571294952268492,0.857129495226849
real_sonar,y_only,16,valid,0.8150686199945152,0.815068619994515
real_sonar,y_only,17,valid,0.929201020010914,0.929201020010914
real_sonar,y_only,18,valid,0.8672707188807643,0.867270718880764
real_sonar,y_only,19,valid,0.9114355094317016,0.911435509431702
real_sonar,y_only,20,valid,0.8669157704017545,0.866915770401754
real_sonar,y_only,21,valid,1.3900648094736865,1.39006480947369
real_sonar,y_only,22,valid,2.0,2.0
real_sonar,y_only,23,valid,1.2430933476048835,1.24309334760488
real_sonar,y_only,24,valid,1.481167882644248,1.48116788264425
real_sonar,y_only,25,valid,1.722386312809872,1.72238631280987
real_sonar,y_only,26,valid,1.0270051176068615,1.02700511760686
real_sonar,y_only,27,valid,1.021625260336902,1.0216252603369
real_sonar,y_only,28,valid,0.924811960508604,0.924811960508604
real_sonar,y_only,29,valid,1.3808076433204854,1.38080764332049
real_sonar,y_only,30,valid,1.7252726214529548,1.72527262145295
real_sonar,y_only,31,valid,1.2196440121959184,1.21964401219592
sk_aniso_blobs_easy,x_only,0,valid,1.0,1.0
sk_aniso_blobs_easy,x_only,1,valid,0.2278307419696967,0.227830741969697
sk_aniso_blobs_easy,x_only,2,valid,0.2619674282928066,0.261967428292807
sk_aniso_blobs_easy,x_only,3,valid,0.2520328305570842,0.252032830557084
sk_aniso_blobs_easy,x_only,4,valid,1.0,1.0
sk_aniso_blobs_easy,x_only,5,valid,0.2278307419696967,0.227830741969697
sk_aniso_blobs_easy,x_only,6,valid,0.2686269568281156,0.268626956828116
sk_aniso_blobs_easy,x_only,7,valid,0.2588739657268588,0.258873965726859
sk_aniso_blobs_easy,x_only,8,valid,1.0,1.0
sk_aniso_blobs_easy,x_only,9,valid,0.2240303084859929,0.224030308485993
sk_aniso_blobs_easy,x_only,10,valid,0.2513856699160194,0.251385669916019
sk_aniso_blobs_easy,x_only,11,valid,0.2396159906944226,0.239615990694423
sk_aniso_blobs_easy,x_only,12,valid,0.2497484549888546,0.249748454988855
sk_aniso_blobs_easy,x_only,13,valid,0.2847483117459258,0.284748311745926
sk_aniso_blobs_easy,x_only,14,valid,1.0,1.0
sk_aniso_blobs_easy,x_only,15,valid,0.2240303084859929,0.224030308485993
sk_aniso_blobs_easy,x_only,16,valid,0.2423685219953086,0.242368521995309
sk_aniso_blobs_easy,x_only,17,valid,0.22763125516631,0.22763125516631
sk_aniso_blobs_easy,x_only,18,valid,1.0,1.0
sk_aniso_blobs_easy,x_only,19,valid,0.2278307419696967,0.227830741969697
sk_aniso_blobs_easy,x_only,20,valid,0.2278307419696967,0.227830741969697
sk_aniso_blobs_easy,x_only,21,valid,0.2278307419696967,0.227830741969697
sk_aniso_blobs_easy,x_only,22,valid,1.9998758545048585,1.99987585450486
sk_aniso_blobs_easy,x_only,23,valid,1.9994309862424244,1.99943098624242
sk_aniso_blobs_easy,x_only,24,valid,1.0,1.0
sk_aniso_blobs_easy,x_only,25,valid,1.0,1.0
sk_aniso_blobs_easy,x_only,26,valid,1.867441416490176,1.86744141649018
sk_aniso_blobs_easy,x_only,27,valid,0.7708658841684823,0.770865884168482
sk_aniso_blobs_easy,x_only,28,valid,0.2126556335367372,0.212655633536737
sk_aniso_blobs_easy,x_only,29,valid,0.2278307419696967,0.227830741969697
sk_aniso_blobs_easy,x_only,30,valid,1.0,1.0
sk_aniso_blobs_easy,x_only,31,valid,0.2817764216894336,0.281776421689434
sk_aniso_blobs_easy,xy_2d,0,valid,1.0,1.0
sk_aniso_blobs_easy,xy_2d,1,valid,0.2458612385760164,0.245861238576016
sk_aniso_blobs_easy,xy_2d,2,valid,0.2555593347624582,0.255559334762458
sk_aniso_blobs_easy,xy_2d,3,valid,0.2362960537987677,0.236296053798768
sk_aniso_blobs_easy,xy_2d,4,valid,1.0,1.0
sk_aniso_blobs_easy,xy_2d,5,valid,0.2458612385760164,0.245861238576016
sk_aniso_blobs_easy,xy_2d,6,valid,0.2746627848232826,0.274662784823283
sk_aniso_blobs_easy,xy_2d,7,valid,0.2542716470822214,0.254271647082221
sk_aniso_blobs_easy,xy_2d,8,valid,1.0,1.0
sk_aniso_blobs_easy,xy_2d,9,valid,0.2458612385760164,0.245861238576016
sk_aniso_blobs_easy,xy_2d,10,valid,0.2702139562373964,0.270213956237396
sk_aniso_blobs_easy,xy_2d,11,valid,0.2466111643384416,0.246611164338442
sk_aniso_blobs_easy,xy_2d,12,valid,0.2193119488909786,0.219311948890979
sk_aniso_blobs_easy,xy_2d,13,valid,0.2355606675353892,0.235560667535389
sk_aniso_blobs_easy,xy_2d,14,valid,1.0,1.0
sk_aniso_blobs_easy,xy_2d,15,valid,0.2458612385760164,0.245861238576016
sk_aniso_blobs_easy,xy_2d,16,valid,0.2426744632003944,0.242674463200394
sk_aniso_blobs_easy,xy_2d,17,valid,0.2246782773551125,0.224678277355112
sk_aniso_blobs_easy,xy_2d,18,valid,1.0,1.0
sk_aniso_blobs_easy,xy_2d,19,valid,0.2458612385760164,0.245861238576016
sk_aniso_blobs_easy,xy_2d,20,valid,0.2458612385760164,0.245861238576016
sk_aniso_blobs_easy,xy_2d,21,valid,0.2458612385760164,0.245861238576016
sk_aniso_blobs_easy,xy_2d,22,valid,1.242655809773921,1.24265580977392
sk_aniso_blobs_easy,xy_2d,23,valid,0.2458612385760164,0.245861238576016
sk_aniso_blobs_easy,xy_2d,24,valid,0.2458612385760164,0.245861238576016
sk_aniso_blobs_easy,xy_2d,25,valid,0.2458612385760164,0.245861238576016
sk_aniso_blobs_easy,xy_2d,26,valid,0.2458612385760164,0.245861238576016
sk_aniso_blobs_easy,xy_2d,27,valid,0.2458612385760164,0.245861238576016
sk_aniso_blobs_easy,xy_2d,28,valid,0.2016172482359887,0.201617248235989
sk_aniso_blobs_easy,xy_2d,29,valid,0.2458612385760164,0.245861238576016
sk_aniso_blobs_easy,xy_2d,30,valid,0.2458612385760164,0.245861238576016
sk_aniso_blobs_easy,xy_2d,31,valid,0.2309191623729603,0.23091916237296
sk_aniso_blobs_easy,y_only,0,valid,0.695996355286802,0.695996355286802
sk_aniso_blobs_easy,y_only,1,valid,0.1471413697933674,0.147141369793367
sk_aniso_blobs_easy,y_only,2,valid,0.1677161668241466,0.167716166824147
sk_aniso_blobs_easy,y_only,3,valid,0.1709344932186555,0.170934493218656
sk_aniso_blobs_easy,y_only,4,valid,0.695996355286802,0.695996355286802
sk_aniso_blobs_easy,y_only,5,valid,0.1507269537195944,0.150726953719594
sk_aniso_blobs_easy,y_only,6,valid,0.2048102310637515,0.204810231063752
sk_aniso_blobs_easy,y_only,7,valid,0.1642932073554487,0.164293207355449
sk_aniso_blobs_easy,y_only,8,valid,0.695996355286802,0.695996355286802
sk_aniso_blobs_easy,y_only,9,valid,0.1507269537195944,0.150726953719594
sk_aniso_blobs_easy,y_only,10,valid,0.1678473753832304,0.16784737538323
sk_aniso_blobs_easy,y_only,11,valid,0.1715765082117819,0.171576508211782
sk_aniso_blobs_easy,y_only,12,valid,0.1446281732147498,0.14462817321475
sk_aniso_blobs_easy,y_only,13,valid,0.1638984854188406,0.163898485418841
sk_aniso_blobs_easy,y_only,14,valid,0.695996355286802,0.695996355286802
sk_aniso_blobs_easy,y_only,15,valid,0.1471413697933674,0.147141369793367
sk_aniso_blobs_easy,y_only,16,valid,0.165948839092809,0.165948839092809
sk_aniso_blobs_easy,y_only,17,valid,0.1695793074095058,0.169579307409506
sk_aniso_blobs_easy,y_only,18,valid,0.695996355286802,0.695996355286802
sk_aniso_blobs_easy,y_only,19,valid,0.1879464931059666,0.187946493105967
sk_aniso_blobs_easy,y_only,20,valid,0.2784644417391245,0.278464441739125
sk_aniso_blobs_easy,y_only,21,valid,0.2784644417391245,0.278464441739125
sk_aniso_blobs_easy,y_only,22,valid,0.695996355286802,0.695996355286802
sk_aniso_blobs_easy,y_only,23,valid,0.695996355286802,0.695996355286802
sk_aniso_blobs_easy,y_only,24,valid,0.695996355286802,0.695996355286802
sk_aniso_blobs_easy,y_only,25,valid,0.695996355286802,0.695996355286802
sk_aniso_blobs_easy,y_only,26,valid,0.8962638541127318,0.896263854112732
sk_aniso_blobs_easy,y_only,27,valid,1.1469738306667965,1.1469738306668
sk_aniso_blobs_easy,y_only,28,valid,0.154166572947072,0.154166572947072
sk_aniso_blobs_easy,y_only,29,valid,0.2784644417391245,0.278464441739125
sk_aniso_blobs_easy,y_only,30,invalid,,1.0
sk_aniso_blobs_easy,y_only,31,valid,0.2174000679779844,0.217400067977985
sk_aniso_blobs_hard,x_only,0,valid,0.3422310737216478,0.342231073721648
sk_aniso_blobs_hard,x_only,1,valid,0.3603995981761071,0.360399598176107
sk_aniso_blobs_hard,x_only,2,valid,0.2731410479969327,0.273141047996933
sk_aniso_blobs_hard,x_only,3,valid,0.2800362936584337,0.280036293658434
sk_aniso_blobs_hard,x_only,4,valid,0.3422310737216478,0.342231073721648
sk_aniso_blobs_hard,x_only,5,valid,0.3081919328789883,0.308191932878988
sk_aniso_blobs_hard,x_only,6,valid,0.2837161252565721,0.283716125256572
sk_aniso_blobs_hard,x_only,7,valid,0.25895431030181,0.25895431030181
sk_aniso_blobs_hard,x_only,8,valid,0.3422310737216478,0.342231073721648
sk_aniso_blobs_hard,x_only,9,valid,0.3780203668685659,0.378020366868566
sk_aniso_blobs_hard,x_only,10,valid,0.290527616098958,0.290527616098958
sk_aniso_blobs_hard,x_only,11,valid,0.2968687984321649,0.296868798432165
sk_aniso_blobs_hard,x_only,12,valid,0.2566042242571915,0.256604224257191
sk_aniso_blobs_hard,x_only,13,valid,0.2908442730628122,0.290844273062812
sk_aniso_blobs_hard,x_only,14,valid,0.3422310737216478,0.342231073721648
sk_aniso_blobs_hard,x_only,15,valid,0.306033739308355,0.306033739308355
sk_aniso_blobs_hard,x_only,16,valid,0.2737419740164293,0.273741974016429
sk_aniso_blobs_hard,x_only,17,valid,0.2592377725099885,0.259237772509989
sk_aniso_blobs_hard,x_only,18,valid,0.3422310737216478,0.342231073721648
sk_aniso_blobs_hard,x_only,19,valid,0.3422310737216478,0.342231073721648
sk_aniso_blobs_hard,x_only,20,valid,0.3422310737216478,0.342231073721648
sk_aniso_blobs_hard,x_only,21,valid,0.3422310737216478,0.342231073721648
sk_aniso_blobs_hard,x_only,22,valid,1.047090496221439,1.04709049622144
sk_aniso_blobs_hard,x_only,23,valid,0.3422310737216478,0.342231073721648
sk_aniso_blobs_hard,x_only,24,valid,0.3422310737216478,0.342231073721648
sk_aniso_blobs_hard,x_only,25,valid,0.3422310737216478,0.342231073721648
sk_aniso_blobs_hard,x_only,26,valid,2.0,2.0
sk_aniso_blobs_hard,x_only,27,valid,0.3422310737216478,0.342231073721648
sk_aniso_blobs_hard,x_only,28,valid,0.2524550571920473,0.252455057192047
sk_aniso_blobs_hard,x_only,29,valid,0.3422310737216478,0.342231073721648
sk_aniso_blobs_hard,x_only,30,valid,0.3422310737216478,0.342231073721648
sk_aniso_blobs_hard,x_only,31,valid,0.2886693205813185,0.288669320581319
sk_aniso_blobs_hard,xy_2d,0,valid,1.0,1.0
sk_aniso_blobs_hard,xy_2d,1,valid,0.7998188040910661,0.799818804091066
sk_aniso_blobs_hard,xy_2d,2,valid,0.6907517961997368,0.690751796199737
sk_aniso_blobs_hard,xy_2d,3,valid,0.6052788951514485,0.605278895151448
sk_aniso_blobs_hard,xy_2d,4,valid,1.0,1.0
sk_aniso_blobs_hard,xy_2d,5,valid,0.980043202620562,0.980043202620562
sk_aniso_blobs_hard,xy_2d,6,valid,0.6962528112342101,0.69625281123421
sk_aniso_blobs_hard,xy_2d,7,valid,0.6967511070819157,0.696751107081916
sk_aniso_blobs_hard,xy_2d,8,valid,1.0,1.0
sk_aniso_blobs_hard,xy_2d,9,valid,0.8011699307273664,0.801169930727366
sk_aniso_blobs_hard,xy_2d,10,valid,0.7207640318093785,0.720764031809378
sk_aniso_blobs_hard,xy_2d,11,valid,0.6311748752583106,0.631174875258311
sk_aniso_blobs_hard,xy_2d,12,valid,0.6093746564914285,0.609374656491428
sk_aniso_blobs_hard,xy_2d,13,valid,0.5788018603859931,0.578801860385993
sk_aniso_blobs_hard,xy_2d,14,valid,1.0,1.0
sk_aniso_blobs_hard,xy_2d,15,valid,0.8129637093493857,0.812963709349386
sk_aniso_blobs_hard,xy_2d,16,valid,0.7309571389682364,0.730957138968236
sk_aniso_blobs_hard,xy_2d,17,valid,0.641440382054665,0.641440382054665
sk_aniso_blobs_hard,xy_2d,18,valid,1.0,1.0
sk_aniso_blobs_hard,xy_2d,19,valid,1.0,1.0
sk_aniso_blobs_hard,xy_2d,20,valid,1.0,1.0
sk_aniso_blobs_hard,xy_2d,21,valid,1.0,1.0
sk_aniso_blobs_hard,xy_2d,22,valid,1.980972412271035,1.98097241227104
sk_aniso_blobs_hard,xy_2d,23,valid,1.0,1.0
sk_aniso_blobs_hard,xy_2d,24,valid,1.0,1.0
sk_aniso_blobs_hard,xy_2d,25,valid,1.0,1.0
sk_aniso_blobs_hard,xy_2d,26,valid,1.0,1.0
sk_aniso_blobs_hard,xy_2d,27,valid,1.0,1.0
sk_aniso_blobs_hard,xy_2d,28,valid,0.6125872253288891,0.612587225328889
sk_aniso_blobs_hard,xy_2d,29,valid,1.0,1.0
sk_aniso_blobs_hard,xy_2d,30,valid,1.0,1.0
sk_aniso_blobs_hard,xy_2d,31,valid,0.6164155609060653,0.616415560906065
sk_aniso_blobs_hard,y_only,0,valid,1.0,1.0
sk_aniso_blobs_hard,y_only,1,valid,0.8241305255465787,0.824130525546579
sk_aniso_blobs_hard,y_only,2,valid,0.7286667745054052,0.728666774505405
sk_aniso_blobs_hard,y_only,3,valid,0.6418642223827066,0.641864222382707
sk_aniso_blobs_hard,y_only,4,valid,1.0,1.0
sk_aniso_blobs_hard,y_only,5,valid,0.998609307418365,0.998609307418365
sk_aniso_blobs_hard,y_only,6,valid,0.7243113978752923,0.724311397875292
sk_aniso_blobs_hard,y_only,7,valid,0.6476591219172539,0.647659121917254
sk_aniso_blobs_hard,y_only,8,valid,1.0,1.0
sk_aniso_blobs_hard,y_only,9,valid,0.8312472729914742,0.831247272991474
sk_aniso_blobs_hard,y_only,10,valid,0.7273983585568924,0.727398358556892
sk_aniso_blobs_hard,y_only,11,valid,0.6625907961876708,0.662590796187671
sk_aniso_blobs_hard,y_only,12,valid,0.6315886611062996,0.631588661106299
sk_aniso_blobs_hard,y_only,13,valid,0.5954933488390697,0.59549334883907
sk_aniso_blobs_hard,y_only,14,valid,1.0,1.0
sk_aniso_blobs_hard,y_only,15,valid,0.8278314792231368,0.827831479223137
sk_aniso_blobs_hard,y_only,16,valid,0.7430682416715471,0.743068241671547
sk_aniso_blobs_hard,y_only,17,valid,0.6962124997968436,0.696212499796844
sk_aniso_blobs_hard,y_only,18,valid,1.0,1.0
sk_aniso_blobs_hard,y_only,19,valid,1.0,1.0
sk_aniso_blobs_hard,y_only,20,valid,1.0,1.0
sk_aniso_blobs_hard,y_only,21,valid,1.0,1.0
sk_aniso_blobs_hard,y_only,22,valid,1.9937964817271152,1.99379648172711
sk_aniso_blobs_hard,y_only,23,valid,1.0,1.0
sk_aniso_blobs_hard,y_only,24,valid,1.0,1.0
sk_aniso_blobs_hard,y_only,25,valid,1.0,1.0
sk_aniso_blobs_hard,y_only,26,valid,1.904721983509994,1.90472198350999
sk_aniso_blobs_hard,y_only,27,valid,1.0,1.0
sk_aniso_blobs_hard,y_only,28,valid,0.6399432114921924,0.639943211492192
sk_aniso_blobs_hard,y_only,29,valid,1.0,1.0
sk_aniso_blobs_hard,y_only,30,valid,1.0,1.0
sk_aniso_blobs_hard,y_only,31,valid,0.6087255629641163,0.608725562964116
sk_aniso_blobs_medium,x_only,0,valid,0.4895070254031329,0.489507025403133
sk_aniso_blobs_medium,x_only,1,valid,0.3000721639683001,0.3000721639683
sk_aniso_blobs_medium,x_only,2,valid,0.3405629975665607,0.34056299756656
sk_aniso_blobs_medium,x_only,3,valid,0.3136632538357705,0.31366325383577
sk_aniso_blobs_medium,x_only,4,valid,0.5004056260248869,0.500405626024887
sk_aniso_blobs_medium,x_only,5,valid,0.3000721639683001,0.3000721639683
sk_aniso_blobs_medium,x_only,6,valid,0.3332249144191299,0.33322491441913
sk_aniso_blobs_medium,x_only,7,valid,0.2950375180790918,0.295037518079092
sk_aniso_blobs_medium,x_only,8,valid,0.5111185958080835,0.511118595808083
sk_aniso_blobs_medium,x_only,9,valid,0.2995796820500176,0.299579682050017
sk_aniso_blobs_medium,x_only,10,valid,0.3337570586340027,0.333757058634003
sk_aniso_blobs_medium,x_only,11,valid,0.3130066497284952,0.313006649728495
sk_aniso_blobs_medium,x_only,12,valid,0.2751784361215932,0.275178436121593
sk_aniso_blobs_medium,x_only,13,valid,0.3339625857380302,0.33396258573803
sk_aniso_blobs_medium,x_only,14,valid,0.4895454311032738,0.489545431103273
sk_aniso_blobs_medium,x_only,15,valid,0.3104244175918758,0.310424417591876
sk_aniso_blobs_medium,x_only,16,valid,0.3266622826050916,0.326662282605091
sk_aniso_blobs_medium,x_only,17,valid,0.3030917013119626,0.303091701311963
sk_aniso_blobs_medium,x_only,18,valid,0.4896087843005267,0.489608784300526
sk_aniso_blobs_medium,x_only,19,valid,0.3000721639683001,0.3000721639683
sk_aniso_blobs_medium,x_only,20,valid,0.3000721639683001,0.3000721639683
sk_aniso_blobs_medium,x_only,21,valid,0.3000721639683001,0.3000721639683
sk_aniso_blobs_medium,x_only,22,invalid,,1.76918161800044
sk_aniso_blobs_medium,x_only,23,invalid,,1.0
sk_aniso_blobs_medium,x_only,24,invalid,,1.0
sk_aniso_blobs_medium,x_only,25,invalid,,1.0
sk_aniso_blobs_medium,x_only,26,valid,1.6013599918687786,1.60135999186878
sk_aniso_blobs_medium,x_only,27,valid,0.9699284785182392,0.969928478518239
sk_aniso_blobs_medium,x_only,28,valid,0.269385965920038,0.269385965920038
sk_aniso_blobs_medium,x_only,29,valid,0.3000721639683001,0.3000721639683
sk_aniso_blobs_medium,x_only,30,invalid,,1.0
sk_aniso_blobs_medium,x_only,31,valid,0.2633130645754028,0.263313064575403
sk_aniso_blobs_medium,xy_2d,0,valid,0.4830279398593826,0.483027939859382
sk_aniso_blobs_medium,xy_2d,1,valid,0.3125561196067097,0.31255611960671
sk_aniso_blobs_medium,xy_2d,2,valid,0.3087229037951562,0.308722903795156
sk_aniso_blobs_medium,xy_2d,3,valid,0.2790213612591117,0.279021361259112
sk_aniso_blobs_medium,xy_2d,4,valid,0.4809125025751492,0.480912502575149
sk_aniso_blobs_medium,xy_2d,5,valid,0.3128802392198514,0.312880239219851
sk_aniso_blobs_medium,xy_2d,6,valid,0.2957330171544341,0.295733017154434
sk_aniso_blobs_medium,xy_2d,7,valid,0.293649232842583,0.293649232842583
sk_aniso_blobs_medium,xy_2d,8,valid,0.4835386995798008,0.4835386995798
sk_aniso_blobs_medium,xy_2d,9,valid,0.3007393514418699,0.30073935144187
sk_aniso_blobs_medium,xy_2d,10,valid,0.3007393514418699,0.30073935144187
sk_aniso_blobs_medium,xy_2d,11,valid,0.2891905983553131,0.289190598355313
sk_aniso_blobs_medium,xy_2d,12,valid,0.2583521122109849,0.258352112210985
sk_aniso_blobs_medium,xy_2d,13,valid,0.2779377007951164,0.277937700795116
sk_aniso_blobs_medium,xy_2d,14,valid,0.4810152521263053,0.481015252126305
sk_aniso_blobs_medium,xy_2d,15,valid,0.339752290056452,0.339752290056452
sk_aniso_blobs_medium,xy_2d,16,valid,0.2916739904809169,0.291673990480917
sk_aniso_blobs_medium,xy_2d,17,valid,0.2525497907672797,0.25254979076728
sk_aniso_blobs_medium,xy_2d,18,valid,0.4816697867352214,0.481669786735221
sk_aniso_blobs_medium,xy_2d,19,valid,0.306144260199681,0.306144260199681
sk_aniso_blobs_medium,xy_2d,20,valid,0.3059246770648969,0.305924677064897
sk_aniso_blobs_medium,xy_2d,21,valid,0.3059246770648969,0.305924677064897
sk_aniso_blobs_medium,xy_2d,22,valid,1.048370633137915,1.04837063313791
sk_aniso_blobs_medium,xy_2d,23,invalid,,1.0
sk_aniso_blobs_medium,xy_2d,24,invalid,,1.0
sk_aniso_blobs_medium,xy_2d,25,invalid,,1.0
sk_aniso_blobs_medium,xy_2d,26,valid,1.2869808180431943,1.28698081804319
sk_aniso_blobs_medium,xy_2d,27,valid,1.2869808180431943,1.28698081804319
sk_aniso_blobs_medium,xy_2d,28,valid,0.2331835805798796,0.233183580579879
sk_aniso_blobs_medium,xy_2d,29,valid,0.3059246770648969,0.305924677064897
sk_aniso_blobs_medium,xy_2d,30,invalid,,1.0
sk_aniso_blobs_medium,xy_2d,31,valid,0.2545146529686555,0.254514652968655
sk_aniso_blobs_medium,y_only,0,valid,0.4847798063478231,0.484779806347823
sk_aniso_blobs_medium,y_only,1,valid,0.3753474895035761,0.375347489503576
sk_aniso_blobs_medium,y_only,2,valid,0.3779936767380835,0.377993676738083
sk_aniso_blobs_medium,y_only,3,valid,0.3532492366104051,0.353249236610405
sk_aniso_blobs_medium,y_only,4,valid,0.4864619293636533,0.486461929363653
sk_aniso_blobs_medium,y_only,5,valid,0.3905443102964205,0.39054431029642
sk_aniso_blobs_medium,y_only,6,valid,0.4020047341401253,0.402004734140125
sk_aniso_blobs_medium,y_only,7,valid,0.3533509690954283,0.353350969095428
sk_aniso_blobs_medium,y_only,8,valid,0.4829059316526748,0.482905931652675
sk_aniso_blobs_medium,y_only,9,valid,0.3700696384493452,0.370069638449345
sk_aniso_blobs_medium,y_only,10,valid,0.4040962085935602,0.40409620859356
sk_aniso_blobs_medium,y_only,11,valid,0.3544185162116595,0.354418516211659
sk_aniso_blobs_medium,y_only,12,valid,0.4844123097989082,0.484412309798908
sk_aniso_blobs_medium,y_only,13,valid,0.4072208894771422,0.407220889477142
sk_aniso_blobs_medium,y_only,14,valid,0.4809936739422258,0.480993673942226
sk_aniso_blobs_medium,y_only,15,valid,0.3751067391594301,0.37510673915943
sk_aniso_blobs_medium,y_only,16,valid,0.3944712656128047,0.394471265612805
sk_aniso_blobs_medium,y_only,17,valid,0.3726889688034868,0.372688968803487
sk_aniso_blobs_medium,y_only,18,valid,0.4854989925801848,0.485498992580184
sk_aniso_blobs_medium,y_only,19,valid,0.4854989925801848,0.485498992580184
sk_aniso_blobs_medium,y_only,20,valid,0.4854989925801848,0.485498992580184
sk_aniso_blobs_medium,y_only,21,valid,0.4854989925801848,0.485498992580184
sk_aniso_blobs_medium,y_only,22,invalid,,1.9988353310983
sk_aniso_blobs_medium,y_only,23,invalid,,1.0
sk_aniso_blobs_medium,y_only,24,invalid,,1.0
sk_aniso_blobs_medium,y_only,25,invalid,,1.0
sk_aniso_blobs_medium,y_only,26,valid,1.2768431615776223,1.27684316157762
sk_aniso_blobs_medium,y_only,27,valid,1.0095171612265592,1.00951716122656
sk_aniso_blobs_medium,y_only,28,valid,0.3754444789048666,0.375444478904866
sk_aniso_blobs_medium,y_only,29,valid,0.4854989925801848,0.485498992580184
sk_aniso_blobs_medium,y_only,30,invalid,,1.0
sk_aniso_blobs_medium,y_only,31,valid,0.3648347046249109,0.364834704624911
sk_blobs_easy,x_only,0,valid,0.96213575634269,0.96213575634269
sk_blobs_easy,x_only,1,valid,0.6880965604781729,0.688096560478173
sk_blobs_easy,x_only,2,valid,0.4175218820206969,0.417521882020697
sk_blobs_easy,x_only,3,valid,0.4268845051988242,0.426884505198824
sk_blobs_easy,x_only,4,valid,0.96213575634269,0.96213575634269
sk_blobs_easy,x_only,5,valid,0.6880965604781729,0.688096560478173
sk_blobs_easy,x_only,6,valid,0.7818820335948422,0.781882033594842
sk_blobs_easy,x_only,7,valid,0.45946114620042,0.45946114620042
sk_blobs_easy,x_only,8,valid,0.96213575634269,0.96213575634269
sk_blobs_easy,x_only,9,valid,0.6880965604781729,0.688096560478173
sk_blobs_easy,x_only,10,valid,0.416221005008077,0.416221005008077
sk_blobs_easy,x_only,11,valid,0.4400940300236495,0.440094030023649
sk_blobs_easy,x_only,12,valid,0.4695662675940185,0.469566267594019
sk_blobs_easy,x_only,13,valid,0.5175518158623112,0.517551815862311
sk_blobs_easy,x_only,14,valid,0.96213575634269,0.96213575634269
sk_blobs_easy,x_only,15,valid,0.6880965604781729,0.688096560478173
sk_blobs_easy,x_only,16,valid,0.4274777091498157,0.427477709149816
sk_blobs_easy,x_only,17,valid,0.4954414152048339,0.495441415204834
sk_blobs_easy,x_only,18,valid,0.96213575634269,0.96213575634269
sk_blobs_easy,x_only,19,valid,0.6880965604781729,0.688096560478173
sk_blobs_easy,x_only,20,valid,0.6880965604781729,0.688096560478173
sk_blobs_easy,x_only,21,valid,0.6880965604781729,0.688096560478173
sk_blobs_easy,x_only,22,valid,1.6875978562519791,1.68759785625198
sk_blobs_easy,x_only,23,valid,0.6880965604781729,0.688096560478173
sk_blobs_easy,x_only,24,valid,0.6880965604781729,0.688096560478173
sk_blobs_easy,x_only,25,valid,0.6880965604781729,0.688096560478173
sk_blobs_easy,x_only,26,valid,1.9272727272727272,1.92727272727273
sk_blobs_easy,x_only,27,valid,0.6880965604781729,0.688096560478173
sk_blobs_easy,x_only,28,valid,0.5370865019060779,0.537086501906078
sk_blobs_easy,x_only,29,valid,0.6880965604781729,0.688096560478173
sk_blobs_easy,x_only,30,valid,0.6880965604781729,0.688096560478173
sk_blobs_easy,x_only,31,valid,0.5284128660065582,0.528412866006558
sk_blobs_easy,xy_2d,0,valid,0.845877484073159,0.845877484073159
sk_blobs_easy,xy_2d,1,valid,0.4286153122877544,0.428615312287754
sk_blobs_easy,xy_2d,2,valid,0.1233186116930186,0.123318611693019
sk_blobs_easy,xy_2d,3,valid,0.1810659240807683,0.181065924080768
sk_blobs_easy,xy_2d,4,valid,1.0,1.0
sk_blobs_easy,xy_2d,5,valid,0.4286153122877544,0.428615312287754
sk_blobs_easy,xy_2d,6,valid,0.1233186116930186,0.123318611693019
sk_blobs_easy,xy_2d,7,valid,0.160723331719592,0.160723331719592
sk_blobs_easy,xy_2d,8,valid,0.845877484073159,0.845877484073159
sk_blobs_easy,xy_2d,9,valid,0.4286153122877544,0.428615312287754
sk_blobs_easy,xy_2d,10,valid,0.1233186116930186,0.123318611693019
sk_blobs_easy,xy_2d,11,valid,0.159690854075159,0.159690854075159
sk_blobs_easy,xy_2d,12,valid,0.1504733061817533,0.150473306181753
sk_blobs_easy,xy_2d,13,valid,0.1549807215523699,0.15498072155237
sk_blobs_easy,xy_2d,14,valid,0.7690889523473027,0.769088952347302
sk_blobs_easy,xy_2d,15,valid,0.4286153122877544,0.428615312287754
sk_blobs_easy,xy_2d,16,valid,0.1233186116930186,0.123318611693019
sk_blobs_easy,xy_2d,17,valid,0.1447734687066618,0.144773468706662
sk_blobs_easy,xy_2d,18,valid,0.7690889523473027,0.769088952347302
sk_blobs_easy,xy_2d,19,valid,0.4286153122877544,0.428615312287754
sk_blobs_easy,xy_2d,20,valid,0.1233186116930186,0.123318611693019
sk_blobs_easy,xy_2d,21,valid,0.1233186116930186,0.123318611693019
sk_blobs_easy,xy_2d,22,valid,1.1225782822964048,1.1225782822964
sk_blobs_easy,xy_2d,23,valid,0.1233186116930186,0.123318611693019
sk_blobs_easy,xy_2d,24,valid,0.1233186116930186,0.123318611693019
sk_blobs_easy,xy_2d,25,valid,0.1233186116930186,0.123318611693019
sk_blobs_easy,xy_2d,26,valid,0.1233186116930186,0.123318611693019
sk_blobs_easy,xy_2d,27,valid,0.1233186116930186,0.123318611693019
sk_blobs_easy,xy_2d,28,valid,0.1399826193361077,0.139982619336108
sk_blobs_easy,xy_2d,29,valid,0.1233186116930186,0.123318611693019
sk_blobs_easy,xy_2d,30,valid,0.4286153122877544,0.428615312287754
sk_blobs_easy,xy_2d,31,valid,0.1643267401884999,0.1643267401885
sk_blobs_easy,y_only,0,valid,1.0,1.0
sk_blobs_easy,y_only,1,valid,0.5665905269337487,0.566590526933749
sk_blobs_easy,y_only,2,valid,0.2516899758021578,0.251689975802158
sk_blobs_easy,y_only,3,valid,0.2763985899712589,0.276398589971259
sk_blobs_easy,y_only,4,valid,1.0,1.0
sk_blobs_easy,y_only,5,valid,0.5637947823815332,0.563794782381533
sk_blobs_easy,y_only,6,valid,0.2646096065669912,0.264609606566991
sk_blobs_easy,y_only,7,valid,0.2753766270717738,0.275376627071774
sk_blobs_easy,y_only,8,valid,1.0,1.0
sk_blobs_easy,y_only,9,valid,0.5665905269337487,0.566590526933749
sk_blobs_easy,y_only,10,valid,0.2511701607678392,0.251170160767839
sk_blobs_easy,y_only,11,valid,0.2744936244877534,0.274493624487753
sk_blobs_easy,y_only,12,valid,0.3005720801292395,0.30057208012924
sk_blobs_easy,y_only,13,valid,0.3035893421756799,0.30358934217568
sk_blobs_easy,y_only,14,valid,1.0,1.0
sk_blobs_easy,y_only,15,valid,0.5637947823815332,0.563794782381533
sk_blobs_easy,y_only,16,valid,0.3080488834344738,0.308048883434474
sk_blobs_easy,y_only,17,valid,0.285668197729185,0.285668197729185
sk_blobs_easy,y_only,18,valid,1.0,1.0
sk_blobs_easy,y_only,19,valid,1.0,1.0
sk_blobs_easy,y_only,20,valid,1.0,1.0
sk_blobs_easy,y_only,21,valid,1.0,1.0
sk_blobs_easy,y_only,22,valid,1.999439842754532,1.99943984275453
sk_blobs_easy,y_only,23,valid,1.0,1.0
sk_blobs_easy,y_only,24,valid,1.0,1.0
sk_blobs_easy,y_only,25,valid,1.0,1.0
sk_blobs_easy,y_only,26,valid,1.3551353003840183,1.35513530038402
sk_blobs_easy,y_only,27,valid,1.4269836277314898,1.42698362773149
sk_blobs_easy,y_only,28,valid,0.288069507563784,0.288069507563784
sk_blobs_easy,y_only,29,valid,1.0,1.0
sk_blobs_easy,y_only,30,valid,1.0,1.0
sk_blobs_easy,y_only,31,valid,0.2780578261206737,0.278057826120674
sk_blobs_hard,x_only,0,valid,0.7957199097747105,0.79571990977471
sk_blobs_hard,x_only,1,valid,0.7366348966380017,0.736634896638001
sk_blobs_hard,x_only,2,valid,0.7259918211628428,0.725991821162842
sk_blobs_hard,x_only,3,valid,0.7143405596387942,0.714340559638793
sk_blobs_hard,x_only,4,valid,0.7872645091400029,0.787264509140002
sk_blobs_hard,x_only,5,valid,0.7422824310242356,0.742282431024235
sk_blobs_hard,x_only,6,valid,0.7411012308204359,0.741101230820435
sk_blobs_hard,x_only,7,valid,0.7429966782225107,0.74299667822251
sk_blobs_hard,x_only,8,valid,0.7948147373293605,0.794814737329359
sk_blobs_hard,x_only,9,valid,0.745172918009745,0.745172918009744
sk_blobs_hard,x_only,10,valid,0.7189767304302104,0.718976730430209
sk_blobs_hard,x_only,11,valid,0.719890253746789,0.719890253746788
sk_blobs_hard,x_only,12,valid,0.7676271318192869,0.767627131819286
sk_blobs_hard,x_only,13,valid,0.7467573860810396,0.746757386081039
sk_blobs_hard,x_only,14,valid,0.7972008676453967,0.797200867645396
sk_blobs_hard,x_only,15,valid,0.7801087014570004,0.780108701456999
sk_blobs_hard,x_only,16,valid,0.722173248496459,0.722173248496458
sk_blobs_hard,x_only,17,valid,0.7320070981302872,0.732007098130286
sk_blobs_hard,x_only,18,valid,0.8022727264092012,0.8022727264092
sk_blobs_hard,x_only,19,valid,0.7831765275515213,0.78317652755152
sk_blobs_hard,x_only,20,valid,0.7813203697869869,0.781320369786986
sk_blobs_hard,x_only,21,valid,0.7240176893198339,0.724017689319833
sk_blobs_hard,x_only,22,valid,1.7760682785953528,1.77606827859535
sk_blobs_hard,x_only,23,invalid,,1.89596280441562
sk_blobs_hard,x_only,24,invalid,,1.99808374151869
sk_blobs_hard,x_only,25,invalid,,1.0
sk_blobs_hard,x_only,26,valid,1.8263418624613768,1.82634186246138
sk_blobs_hard,x_only,27,valid,0.97626500374675,0.976265003746749
sk_blobs_hard,x_only,28,valid,0.7371440412171568,0.737144041217156
sk_blobs_hard,x_only,29,valid,0.7240176893198339,0.724017689319833
sk_blobs_hard,x_only,30,invalid,,1.0
sk_blobs_hard,x_only,31,valid,0.7716443736426164,0.771644373642616
sk_blobs_hard,xy_2d,0,valid,0.7445021568741729,0.744502156874172
sk_blobs_hard,xy_2d,1,valid,0.5757464176445887,0.575746417644588
sk_blobs_hard,xy_2d,2,valid,0.5342043111987276,0.534204311198727
sk_blobs_hard,xy_2d,3,valid,0.5187396231396023,0.518739623139602
sk_blobs_hard,xy_2d,4,valid,0.7379780305099269,0.737978030509926
sk_blobs_hard,xy_2d,5,valid,0.580504839205445,0.580504839205444
sk_blobs_hard,xy_2d,6,valid,0.5264945628093243,0.526494562809324
sk_blobs_hard,xy_2d,7,valid,0.5309244209812034,0.530924420981203
sk_blobs_hard,xy_2d,8,valid,0.760861462252166,0.760861462252165
sk_blobs_hard,xy_2d,9,valid,0.5824199109186716,0.582419910918671
sk_blobs_hard,xy_2d,10,valid,0.5329763144855568,0.532976314485556
sk_blobs_hard,xy_2d,11,valid,0.529325659298004,0.529325659298003
sk_blobs_hard,xy_2d,12,valid,0.5041314829293907,0.50413148292939
sk_blobs_hard,xy_2d,13,valid,0.500869794767395,0.500869794767395
sk_blobs_hard,xy_2d,14,valid,0.7412339309055194,0.741233930905518
sk_blobs_hard,xy_2d,15,valid,0.6000300040642539,0.600030004064253
sk_blobs_hard,xy_2d,16,valid,0.5515247481409554,0.551524748140955
sk_blobs_hard,xy_2d,17,valid,0.5209958923202289,0.520995892320228
sk_blobs_hard,xy_2d,18,valid,0.8106248755406783,0.810624875540677
sk_blobs_hard,xy_2d,19,valid,0.6020771312611657,0.602077131261165
sk_blobs_hard,xy_2d,20,valid,0.671518458832288,0.671518458832287
sk_blobs_hard,xy_2d,21,valid,0.6551232708295961,0.655123270829596
sk_blobs_hard,xy_2d,22,valid,1.3546348388466074,1.35463483884661
sk_blobs_hard,xy_2d,23,invalid,,1.69424357145994
sk_blobs_hard,xy_2d,24,invalid,,1.99865391760536
sk_blobs_hard,xy_2d,25,invalid,,1.9992136021396
sk_blobs_hard,xy_2d,26,valid,0.9351473592288267,0.935147359228826
sk_blobs_hard,xy_2d,27,valid,0.9351473592288267,0.935147359228826
sk_blobs_hard,xy_2d,28,valid,0.5185671388639557,0.518567138863955
sk_blobs_hard,xy_2d,29,valid,0.6033775369855094,0.603377536985509
sk_blobs_hard,xy_2d,30,invalid,,1.0
sk_blobs_hard,xy_2d,31,valid,0.4715549911807929,0.471554991180792
sk_blobs_hard,y_only,0,valid,0.7626056416938704,0.76260564169387
sk_blobs_hard,y_only,1,valid,0.7511071220747184,0.751107122074718
sk_blobs_hard,y_only,2,valid,0.7137921743911277,0.713792174391127
sk_blobs_hard,y_only,3,valid,0.7120971698664664,0.712097169866466
sk_blobs_hard,y_only,4,valid,0.7638154870416601,0.763815487041659
sk_blobs_hard,y_only,5,valid,0.7755307455897275,0.775530745589727
sk_blobs_hard,y_only,6,valid,0.7683152572182291,0.768315257218228
sk_blobs_hard,y_only,7,valid,0.7286273638660885,0.728627363866088
sk_blobs_hard,y_only,8,valid,0.7655021981702556,0.765502198170255
sk_blobs_hard,y_only,9,valid,0.7792323318133875,0.779232331813387
sk_blobs_hard,y_only,10,valid,0.7157542408183917,0.715754240818391
sk_blobs_hard,y_only,11,valid,0.7158667279209826,0.715866727920982
sk_blobs_hard,y_only,12,valid,0.7757199950215308,0.77571999502153
sk_blobs_hard,y_only,13,valid,0.7978762326690245,0.797876232669024
sk_blobs_hard,y_only,14,valid,0.7973061507802887,0.797306150780288
sk_blobs_hard,y_only,15,valid,0.740433500804392,0.740433500804391
sk_blobs_hard,y_only,16,valid,0.7531011665373467,0.753101166537346
sk_blobs_hard,y_only,17,valid,0.7357364532245763,0.735736453224576
sk_blobs_hard,y_only,18,valid,0.7623116413684334,0.762311641368433
sk_blobs_hard,y_only,19,valid,0.7879266352110725,0.787926635211072
sk_blobs_hard,y_only,20,valid,0.7386177072991815,0.738617707299181
sk_blobs_hard,y_only,21,valid,0.7386177072991816,0.738617707299181
sk_blobs_hard,y_only,22,valid,1.7555049354983912,1.75550493549839
sk_blobs_hard,y_only,23,invalid,,1.99907475831117
sk_blobs_hard,y_only,24,invalid,,1.0
sk_blobs_hard,y_only,25,invalid,,1.0
sk_blobs_hard,y_only,26,valid,1.6361870485758971,1.6361870485759
sk_blobs_hard,y_only,27,valid,1.2449947900610494,1.24499479006105
sk_blobs_hard,y_only,28,valid,0.7453831292350459,0.745383129235045
sk_blobs_hard,y_only,29,valid,0.7386177072991816,0.738617707299181
sk_blobs_hard,y_only,30,invalid,,1.0
sk_blobs_hard,y_only,31,valid,0.8001596788392322,0.800159678839232
sk_blobs_medium,x_only,0,valid,0.6847376219687689,0.684737621968769
sk_blobs_medium,x_only,1,valid,0.5319272327874519,0.531927232787452
sk_blobs_medium,x_only,2,valid,0.499201010787445,0.499201010787445
sk_blobs_medium,x_only,3,valid,0.519212158427014,0.519212158427014
sk_blobs_medium,x_only,4,valid,0.6854464711952681,0.685446471195268
sk_blobs_medium,x_only,5,valid,0.5307553957686212,0.530755395768622
sk_blobs_medium,x_only,6,valid,0.5507343919340868,0.550734391934087
sk_blobs_medium,x_only,7,valid,0.5237442075495925,0.523744207549593
sk_blobs_medium,x_only,8,valid,0.6880372456018541,0.688037245601854
sk_blobs_medium,x_only,9,valid,0.5210100855550709,0.521010085555071
sk_blobs_medium,x_only,10,valid,0.5008422794200958,0.500842279420096
sk_blobs_medium,x_only,11,valid,0.5114362364490539,0.511436236449054
sk_blobs_medium,x_only,12,valid,0.5164015785045589,0.516401578504559
sk_blobs_medium,x_only,13,valid,0.550741182736397,0.550741182736397
sk_blobs_medium,x_only,14,valid,0.6858947970835536,0.685894797083554
sk_blobs_medium,x_only,15,valid,0.5144560062310813,0.514456006231082
sk_blobs_medium,x_only,16,valid,0.5170326376308553,0.517032637630856
sk_blobs_medium,x_only,17,valid,0.5022052131853759,0.502205213185376
sk_blobs_medium,x_only,18,valid,0.684330270089117,0.684330270089117
sk_blobs_medium,x_only,19,valid,0.5108813253143658,0.510881325314366
sk_blobs_medium,x_only,20,valid,0.5021263269816016,0.502126326981602
sk_blobs_medium,x_only,21,valid,0.5021263269816016,0.502126326981602
sk_blobs_medium,x_only,22,invalid,,1.89708116908103
sk_blobs_medium,x_only,23,invalid,,1.78444105014301
sk_blobs_medium,x_only,24,invalid,,1.0
sk_blobs_medium,x_only,25,invalid,,1.0
sk_blobs_medium,x_only,26,valid,1.6189266589657016,1.6189266589657
sk_blobs_medium,x_only,27,valid,1.4169797094317558,1.41697970943176
sk_blobs_medium,x_only,28,valid,0.5151912950803283,0.515191295080329
sk_blobs_medium,x_only,29,valid,0.5021263269816016,0.502126326981602
sk_blobs_medium,x_only,30,invalid,,1.0
sk_blobs_medium,x_only,31,valid,0.5332482743016427,0.533248274301643
sk_blobs_medium,xy_2d,0,valid,0.6477476463898953,0.647747646389896
sk_blobs_medium,xy_2d,1,valid,0.416526039411732,0.416526039411732
sk_blobs_medium,xy_2d,2,valid,0.3083881115116798,0.30838811151168
sk_blobs_medium,xy_2d,3,valid,0.3444576881034789,0.344457688103479
sk_blobs_medium,xy_2d,4,valid,0.6477476463898953,0.647747646389896
sk_blobs_medium,xy_2d,5,valid,0.4168876161293056,0.416887616129306
sk_blobs_medium,xy_2d,6,valid,0.3083881115116798,0.30838811151168
sk_blobs_medium,xy_2d,7,valid,0.3296347163054822,0.329634716305482
sk_blobs_medium,xy_2d,8,valid,0.6477476463898953,0.647747646389896
sk_blobs_medium,xy_2d,9,valid,0.4170567372234672,0.417056737223467
sk_blobs_medium,xy_2d,10,valid,0.3111907475954845,0.311190747595485
sk_blobs_medium,xy_2d,11,valid,0.3377400770066229,0.337740077006623
sk_blobs_medium,xy_2d,12,valid,0.3257170487136904,0.325717048713691
sk_blobs_medium,xy_2d,13,valid,0.3276622026933568,0.327662202693357
sk_blobs_medium,xy_2d,14,valid,0.6477476463898953,0.647747646389896
sk_blobs_medium,xy_2d,15,valid,0.4127132763757509,0.412713276375751
sk_blobs_medium,xy_2d,16,valid,0.3172022637809916,0.317202263780992
sk_blobs_medium,xy_2d,17,valid,0.3080933353974999,0.3080933353975
sk_blobs_medium,xy_2d,18,valid,0.6477476463898953,0.647747646389896
sk_blobs_medium,xy_2d,19,valid,0.419671552157898,0.419671552157898
sk_blobs_medium,xy_2d,20,valid,0.3182173158649285,0.318217315864929
sk_blobs_medium,xy_2d,21,valid,0.3442185603553314,0.344218560355332
sk_blobs_medium,xy_2d,22,valid,0.8066813145354004,0.806681314535401
sk_blobs_medium,xy_2d,23,valid,1.6478234646627143,1.64782346466271
sk_blobs_medium,xy_2d,24,valid,0.6477476463898953,0.647747646389896
sk_blobs_medium,xy_2d,25,valid,0.6477476463898953,0.647747646389896
sk_blobs_medium,xy_2d,26,valid,0.6477476463898953,0.647747646389896
sk_blobs_medium,xy_2d,27,valid,0.6477476463898953,0.647747646389896
sk_blobs_medium,xy_2d,28,valid,0.3152007565139525,0.315200756513953
sk_blobs_medium,xy_2d,29,valid,0.3442185603553313,0.344218560355332
sk_blobs_medium,xy_2d,30,invalid,,1.0
sk_blobs_medium,xy_2d,31,valid,0.3126222693620588,0.312622269362059
sk_blobs_medium,y_only,0,valid,0.7004287492414862,0.700428749241487
sk_blobs_medium,y_only,1,valid,0.5165909326879659,0.516590932687966
sk_blobs_medium,y_only,2,valid,0.4624419716396367,0.462441971639637
sk_blobs_medium,y_only,3,valid,0.5067597692724498,0.50675976927245
sk_blobs_medium,y_only,4,valid,0.7001078728167552,0.700107872816756
sk_blobs_medium,y_only,5,valid,0.516590932687966,0.516590932687966
sk_blobs_medium,y_only,6,valid,0.6101655952263474,0.610165595226348
sk_blobs_medium,y_only,7,valid,0.5298561887428646,0.529856188742865
sk_blobs_medium,y_only,8,valid,0.7419876888684349,0.741987688868435
sk_blobs_medium,y_only,9,valid,0.513870814696469,0.513870814696469
sk_blobs_medium,y_only,10,valid,0.4665909924071193,0.46659099240712
sk_blobs_medium,y_only,11,valid,0.5425136613279993,0.542513661327999
sk_blobs_medium,y_only,12,valid,0.5357334075329077,0.535733407532908
sk_blobs_medium,y_only,13,valid,0.5512467431052445,0.551246743105245
sk_blobs_medium,y_only,14,valid,0.6648604416170426,0.664860441617043
sk_blobs_medium,y_only,15,valid,0.5145704731261757,0.514570473126176
sk_blobs_medium,y_only,16,valid,0.5947888656292559,0.594788865629256
sk_blobs_medium,y_only,17,valid,0.5615033848583049,0.561503384858305
sk_blobs_medium,y_only,18,valid,0.6648604416170426,0.664860441617043
sk_blobs_medium,y_only,19,valid,0.5176498463923921,0.517649846392392
sk_blobs_medium,y_only,20,valid,0.5176498463923921,0.517649846392392
sk_blobs_medium,y_only,21,valid,0.5176498463923921,0.517649846392392
sk_blobs_medium,y_only,22,invalid,,1.98279786855367
sk_blobs_medium,y_only,23,invalid,,1.0
sk_blobs_medium,y_only,24,invalid,,1.0
sk_blobs_medium,y_only,25,invalid,,1.0
sk_blobs_medium,y_only,26,valid,1.7189945442418932,1.71899454424189
sk_blobs_medium,y_only,27,valid,0.7747294611043103,0.774729461104311
sk_blobs_medium,y_only,28,valid,0.5638441238409602,0.56384412384096
sk_blobs_medium,y_only,29,valid,0.5176498463923921,0.517649846392392
sk_blobs_medium,y_only,30,invalid,,1.0
sk_blobs_medium,y_only,31,valid,0.590938558038355,0.590938558038355
sk_circles_easy,x_only,0,valid,0.7829104040118929,0.782910404011892
sk_circles_easy,x_only,1,valid,0.7674780139035065,0.767478013903506
sk_circles_easy,x_only,2,valid,0.7210894387310207,0.721089438731021
sk_circles_easy,x_only,3,valid,0.6874680184329747,0.687468018432974
sk_circles_easy,x_only,4,valid,0.7831416165056121,0.783141616505612
sk_circles_easy,x_only,5,valid,0.7439878775073885,0.743987877507388
sk_circles_easy,x_only,6,valid,0.7268485628507093,0.726848562850709
sk_circles_easy,x_only,7,valid,0.7006189678256919,0.700618967825692
sk_circles_easy,x_only,8,valid,0.7840753465459497,0.784075346545949
sk_circles_easy,x_only,9,valid,0.7808735490125506,0.78087354901255
sk_circles_easy,x_only,10,valid,0.7587285199051659,0.758728519905166
sk_circles_easy,x_only,11,valid,0.6942891699524412,0.694289169952441
sk_circles_easy,x_only,12,valid,0.6931301002637562,0.693130100263756
sk_circles_easy,x_only,13,valid,0.7048927093249157,0.704892709324915
sk_circles_easy,x_only,14,valid,0.7943180708392805,0.79431807083928
sk_circles_easy,x_only,15,valid,0.7496120601488031,0.749612060148803
sk_circles_easy,x_only,16,valid,0.7288334896578432,0.728833489657843
sk_circles_easy,x_only,17,valid,0.6972796247240909,0.697279624724091
sk_circles_easy,x_only,18,valid,0.7835649771108593,0.783564977110859
sk_circles_easy,x_only,19,valid,0.7642554077577874,0.764255407757787
sk_circles_easy,x_only,20,valid,0.7151895140204149,0.715189514020415
sk_circles_easy,x_only,21,valid,0.7151895140204149,0.715189514020415
sk_circles_easy,x_only,22,invalid,,1.0
sk_circles_easy,x_only,23,invalid,,1.0
sk_circles_easy,x_only,24,invalid,,1.0
sk_circles_easy,x_only,25,invalid,,1.0
sk_circles_easy,x_only,26,valid,1.7365316080613866,1.73653160806139
sk_circles_easy,x_only,27,valid,0.9357571732698262,0.935757173269826
sk_circles_easy,x_only,28,valid,0.7124484482966937,0.712448448296694
sk_circles_easy,x_only,29,valid,0.7151895140204149,0.715189514020415
sk_circles_easy,x_only,30,invalid,,1.0
sk_circles_easy,x_only,31,valid,0.7426773878732135,0.742677387873213
sk_circles_easy,xy_2d,0,valid,0.7791804927598832,0.779180492759883
sk_circles_easy,xy_2d,1,valid,0.6157687852683501,0.61576878526835
sk_circles_easy,xy_2d,2,valid,0.5266517231782805,0.52665172317828
sk_circles_easy,xy_2d,3,valid,0.4744984917709696,0.474498491770969
sk_circles_easy,xy_2d,4,valid,0.7810614369377309,0.781061436937731
sk_circles_easy,xy_2d,5,valid,0.6190672812386759,0.619067281238676
sk_circles_easy,xy_2d,6,valid,0.5289339828081542,0.528933982808154
sk_circles_easy,xy_2d,7,valid,0.5126420036900105,0.51264200369001
sk_circles_easy,xy_2d,8,valid,0.783211756519704,0.783211756519704
sk_circles_easy,xy_2d,9,valid,0.6153748547886775,0.615374854788677
sk_circles_easy,xy_2d,10,valid,0.5277525825222988,0.527752582522299
sk_circles_easy,xy_2d,11,valid,0.4740592220380679,0.474059222038068
sk_circles_easy,xy_2d,12,valid,0.4359900509614747,0.435990050961475
sk_circles_easy,xy_2d,13,valid,0.4345134550868791,0.434513455086879
sk_circles_easy,xy_2d,14,valid,0.8199879079993518,0.819987907999351
sk_circles_easy,xy_2d,15,valid,0.6312507971060493,0.631250797106049
sk_circles_easy,xy_2d,16,valid,0.5782078252552719,0.578207825255272
sk_circles_easy,xy_2d,17,valid,0.507716332073885,0.507716332073885
sk_circles_easy,xy_2d,18,valid,0.7986950954714679,0.798695095471467
sk_circles_easy,xy_2d,19,valid,0.6699924805179147,0.669992480517914
sk_circles_easy,xy_2d,20,valid,0.5706660364953646,0.570666036495364
sk_circles_easy,xy_2d,21,valid,0.5370163027796326,0.537016302779632
sk_circles_easy,xy_2d,22,valid,1.747906242183442,1.74790624218344
sk_circles_easy,xy_2d,23,valid,0.9479604108698886,0.947960410869888
sk_circles_easy,xy_2d,24,valid,0.9479604108698886,0.947960410869888
sk_circles_easy,xy_2d,25,invalid,,1.0
sk_circles_easy,xy_2d,26,valid,0.9479604108698886,0.947960410869888
sk_circles_easy,xy_2d,27,valid,0.9479604108698886,0.947960410869888
sk_circles_easy,xy_2d,28,valid,0.4758073357097415,0.475807335709741
sk_circles_easy,xy_2d,29,valid,0.5337563759268701,0.53375637592687
sk_circles_easy,xy_2d,30,invalid,,1.0
sk_circles_easy,xy_2d,31,valid,0.409945129987068,0.409945129987068
sk_circles_easy,y_only,0,valid,0.7818563146597843,0.781856314659784
sk_circles_easy,y_only,1,valid,0.7428564742224051,0.742856474222405
sk_circles_easy,y_only,2,valid,0.7123541708400069,0.712354170840007
sk_circles_easy,y_only,3,valid,0.7218628845638614,0.721862884563861
sk_circles_easy,y_only,4,valid,0.7851603237581023,0.785160323758102
sk_circles_easy,y_only,5,valid,0.7719468009107913,0.771946800910791
sk_circles_easy,y_only,6,valid,0.7414828971149464,0.741482897114946
sk_circles_easy,y_only,7,valid,0.7128165914905966,0.712816591490596
sk_circles_easy,y_only,8,valid,0.7799622160725423,0.779962216072542
sk_circles_easy,y_only,9,valid,0.7533525049185827,0.753352504918583
sk_circles_easy,y_only,10,valid,0.7731448675407189,0.773144867540719
sk_circles_easy,y_only,11,valid,0.7231863177230229,0.723186317723023
sk_circles_easy,y_only,12,valid,0.7556639751302956,0.755663975130295
sk_circles_easy,y_only,13,valid,0.7186210249190434,0.718621024919043
sk_circles_easy,y_only,14,valid,0.7953789209359111,0.795378920935911
sk_circles_easy,y_only,15,valid,0.7530571539882264,0.753057153988226
sk_circles_easy,y_only,16,valid,0.731516575733165,0.731516575733165
sk_circles_easy,y_only,17,valid,0.7047003164946753,0.704700316494675
sk_circles_easy,y_only,18,valid,0.8296652389090405,0.829665238909041
sk_circles_easy,y_only,19,valid,0.7451508050164826,0.745150805016482
sk_circles_easy,y_only,20,valid,0.7451508050164827,0.745150805016482
sk_circles_easy,y_only,21,valid,0.7451508050164827,0.745150805016482
sk_circles_easy,y_only,22,invalid,,1.0
sk_circles_easy,y_only,23,invalid,,1.0
sk_circles_easy,y_only,24,invalid,,1.0
sk_circles_easy,y_only,25,invalid,,1.0
sk_circles_easy,y_only,26,valid,1.577088566055072,1.57708856605507
sk_circles_easy,y_only,27,valid,1.0191232795353036,1.0191232795353
sk_circles_easy,y_only,28,valid,0.7212678273151956,0.721267827315195
sk_circles_easy,y_only,29,valid,0.7451508050164827,0.745150805016482
sk_circles_easy,y_only,30,invalid,,1.0
sk_circles_easy,y_only,31,valid,0.7327070222339891,0.732707022233989
sk_circles_hard,x_only,0,valid,0.7602505625087383,0.760250562508739
sk_circles_hard,x_only,1,valid,0.7098985780953159,0.709898578095316
sk_circles_hard,x_only,2,valid,0.71205619084087,0.71205619084087
sk_circles_hard,x_only,3,valid,0.7105803739994744,0.710580373999474
sk_circles_hard,x_only,4,valid,0.7598342573083461,0.759834257308346
sk_circles_hard,x_only,5,valid,0.7346238275856014,0.734623827585602
sk_circles_hard,x_only,6,valid,0.71883115356031,0.71883115356031
sk_circles_hard,x_only,7,valid,0.7292598595155193,0.72925985951552
sk_circles_hard,x_only,8,valid,0.75986222148613,0.75986222148613
sk_circles_hard,x_only,9,valid,0.7273101838360647,0.727310183836065
sk_circles_hard,x_only,10,valid,0.701242982913811,0.701242982913811
sk_circles_hard,x_only,11,valid,0.7092911315104583,0.709291131510459
sk_circles_hard,x_only,12,valid,0.72727956569388,0.72727956569388
sk_circles_hard,x_only,13,valid,0.7517705273711996,0.7517705273712
sk_circles_hard,x_only,14,valid,0.8625694723943589,0.862569472394359
sk_circles_hard,x_only,15,valid,0.7547723642241994,0.754772364224199
sk_circles_hard,x_only,16,valid,0.6963680568460111,0.696368056846011
sk_circles_hard,x_only,17,valid,0.7297931899466247,0.729793189946625
sk_circles_hard,x_only,18,valid,0.8027520847852958,0.802752084785296
sk_circles_hard,x_only,19,valid,0.7279554835564725,0.727955483556473
sk_circles_hard,x_only,20,valid,0.7279554835564725,0.727955483556473
sk_circles_hard,x_only,21,valid,0.7279554835564725,0.727955483556473
sk_circles_hard,x_only,22,valid,1.842944916778288,1.84294491677829
sk_circles_hard,x_only,23,invalid,,1.0
sk_circles_hard,x_only,24,invalid,,1.0
sk_circles_hard,x_only,25,invalid,,1.0
sk_circles_hard,x_only,26,valid,1.8348886389157253,1.83488863891573
sk_circles_hard,x_only,27,valid,1.0158587361651388,1.01585873616514
sk_circles_hard,x_only,28,valid,0.7443539856870953,0.744353985687095
sk_circles_hard,x_only,29,valid,0.7279554835564725,0.727955483556473
sk_circles_hard,x_only,30,invalid,,1.0
sk_circles_hard,x_only,31,valid,0.7616841486011292,0.761684148601129
sk_circles_hard,xy_2d,0,valid,0.7642118033556367,0.764211803355637
sk_circles_hard,xy_2d,1,valid,0.5804280705005241,0.580428070500524
sk_circles_hard,xy_2d,2,valid,0.4901785025663829,0.490178502566383
sk_circles_hard,xy_2d,3,valid,0.450723181781232,0.450723181781232
sk_circles_hard,xy_2d,4,valid,0.7679741288189543,0.767974128818955
sk_circles_hard,xy_2d,5,valid,0.5954938585880941,0.595493858588094
sk_circles_hard,xy_2d,6,valid,0.5107725584198727,0.510772558419873
sk_circles_hard,xy_2d,7,valid,0.438657308194397,0.438657308194397
sk_circles_hard,xy_2d,8,valid,0.7629818806251026,0.762981880625103
sk_circles_hard,xy_2d,9,valid,0.5804307047547865,0.580430704754787
sk_circles_hard,xy_2d,10,valid,0.4938110460323464,0.493811046032347
sk_circles_hard,xy_2d,11,valid,0.4301518544198516,0.430151854419852
sk_circles_hard,xy_2d,12,valid,0.4373069790895623,0.437306979089562
sk_circles_hard,xy_2d,13,valid,0.3929185665871116,0.392918566587112
sk_circles_hard,xy_2d,14,valid,0.8028376468271571,0.802837646827158
sk_circles_hard,xy_2d,15,valid,0.604088885844296,0.604088885844296
sk_circles_hard,xy_2d,16,valid,0.52869927334523,0.52869927334523
sk_circles_hard,xy_2d,17,valid,0.4537686140461648,0.453768614046165
sk_circles_hard,xy_2d,18,valid,0.7784591989204974,0.778459198920498
sk_circles_hard,xy_2d,19,valid,0.6649480436406926,0.664948043640693
sk_circles_hard,xy_2d,20,valid,0.5193607862418618,0.519360786241862
sk_circles_hard,xy_2d,21,valid,0.4978106180734075,0.497810618073408
sk_circles_hard,xy_2d,22,valid,1.943378787395114,1.94337878739511
sk_circles_hard,xy_2d,23,invalid,,1.0
sk_circles_hard,xy_2d,24,invalid,,1.0
sk_circles_hard,xy_2d,25,invalid,,1.0
sk_circles_hard,xy_2d,26,valid,1.4104737608757758,1.41047376087578
sk_circles_hard,xy_2d,27,valid,1.270266948836364,1.27026694883636
sk_circles_hard,xy_2d,28,valid,0.4515690932017201,0.45156909320172
sk_circles_hard,xy_2d,29,valid,0.4965721390113808,0.496572139011381
sk_circles_hard,xy_2d,30,invalid,,1.0
sk_circles_hard,xy_2d,31,valid,0.3958105835973619,0.395810583597362
sk_circles_hard,y_only,0,valid,0.7639272713549246,0.763927271354925
sk_circles_hard,y_only,1,valid,0.7132945599838182,0.713294559983819
sk_circles_hard,y_only,2,valid,0.7043015001875977,0.704301500187598
sk_circles_hard,y_only,3,valid,0.7132718044379935,0.713271804437994
sk_circles_hard,y_only,4,valid,0.7630708830641777,0.763070883064178
sk_circles_hard,y_only,5,valid,0.7356763725688619,0.735676372568862
sk_circles_hard,y_only,6,valid,0.7266634216568242,0.726663421656824
sk_circles_hard,y_only,7,valid,0.7144921764441841,0.714492176444184
sk_circles_hard,y_only,8,valid,0.7648110348860966,0.764811034886097
sk_circles_hard,y_only,9,valid,0.714038329361113,0.714038329361113
sk_circles_hard,y_only,10,valid,0.7145743733410128,0.714574373341013
sk_circles_hard,y_only,11,valid,0.7188584518842488,0.718858451884249
sk_circles_hard,y_only,12,valid,0.7207283878866021,0.720728387886602
sk_circles_hard,y_only,13,valid,0.7450836180371322,0.745083618037132
sk_circles_hard,y_only,14,valid,0.7670855181836801,0.76708551818368
sk_circles_hard,y_only,15,valid,0.7680234596586927,0.768023459658693
sk_circles_hard,y_only,16,valid,0.740044387313628,0.740044387313628
sk_circles_hard,y_only,17,valid,0.7365378392821826,0.736537839282183
sk_circles_hard,y_only,18,valid,0.8142265100402026,0.814226510040203
sk_circles_hard,y_only,19,valid,0.7236188418138649,0.723618841813865
sk_circles_hard,y_only,20,valid,0.7236188418138649,0.723618841813865
sk_circles_hard,y_only,21,valid,0.7236188418138649,0.723618841813865
sk_circles_hard,y_only,22,invalid,,1.0
sk_circles_hard,y_only,23,invalid,,1.0
sk_circles_hard,y_only,24,invalid,,1.0
sk_circles_hard,y_only,25,invalid,,1.0
sk_circles_hard,y_only,26,valid,1.754275460673131,1.75427546067313
sk_circles_hard,y_only,27,valid,1.5127001005190093,1.51270010051901
sk_circles_hard,y_only,28,valid,0.7493991199707326,0.749399119970733
sk_circles_hard,y_only,29,valid,0.7236188418138649,0.723618841813865
sk_circles_hard,y_only,30,invalid,,1.0
sk_circles_hard,y_only,31,valid,0.7772536287603122,0.777253628760312
sk_circles_medium,x_only,0,valid,0.7720135060272033,0.772013506027203
sk_circles_medium,x_only,1,valid,0.7288570039977564,0.728857003997756
sk_circles_medium,x_only,2,valid,0.7318168695374476,0.731816869537447
sk_circles_medium,x_only,3,valid,0.7168037778799777,0.716803777879977
sk_circles_medium,x_only,4,valid,0.7737514485931907,0.77375144859319
sk_circles_medium,x_only,5,valid,0.7290981080522391,0.729098108052239
sk_circles_medium,x_only,6,valid,0.7383216227934599,0.738321622793459
sk_circles_medium,x_only,7,valid,0.7157665372401397,0.715766537240139
sk_circles_medium,x_only,8,valid,0.7714835007667358,0.771483500766735
sk_circles_medium,x_only,9,valid,0.7355202412063649,0.735520241206365
sk_circles_medium,x_only,10,valid,0.7533143820157386,0.753314382015738
sk_circles_medium,x_only,11,valid,0.7087946383873795,0.708794638387379
sk_circles_medium,x_only,12,valid,0.7093357901077499,0.70933579010775
sk_circles_medium,x_only,13,valid,0.7324343878366303,0.73243438783663
sk_circles_medium,x_only,14,valid,0.7794377028048051,0.779437702804805
sk_circles_medium,x_only,15,valid,0.7903655588627617,0.790365558862761
sk_circles_medium,x_only,16,valid,0.7828146187130852,0.782814618713085
sk_circles_medium,x_only,17,valid,0.7626243770334742,0.762624377033474
sk_circles_medium,x_only,18,valid,0.7730483487660404,0.77304834876604
sk_circles_medium,x_only,19,valid,0.7604294932523455,0.760429493252345
sk_circles_medium,x_only,20,valid,0.728320481653061,0.728320481653061
sk_circles_medium,x_only,21,valid,0.728320481653061,0.728320481653061
sk_circles_medium,x_only,22,invalid,,1.99935699580786
sk_circles_medium,x_only,23,invalid,,1.0
sk_circles_medium,x_only,24,invalid,,1.0
sk_circles_medium,x_only,25,invalid,,1.0
sk_circles_medium,x_only,26,valid,1.6917219471695837,1.69172194716958
sk_circles_medium,x_only,27,valid,1.1246665147800443,1.12466651478004
sk_circles_medium,x_only,28,valid,0.7360187570332779,0.736018757033277
sk_circles_medium,x_only,29,valid,0.728320481653061,0.728320481653061
sk_circles_medium,x_only,30,invalid,,1.0
sk_circles_medium,x_only,31,valid,0.7718314683031362,0.771831468303136
sk_circles_medium,xy_2d,0,valid,0.7755320891636435,0.775532089163643
sk_circles_medium,xy_2d,1,valid,0.5965715978022549,0.596571597802255
sk_circles_medium,xy_2d,2,valid,0.5068053269561652,0.506805326956165
sk_circles_medium,xy_2d,3,valid,0.4527485224649004,0.4527485224649
sk_circles_medium,xy_2d,4,valid,0.7736709036085533,0.773670903608553
sk_circles_medium,xy_2d,5,valid,0.6045650834530929,0.604565083453093
sk_circles_medium,xy_2d,6,valid,0.5049397486554319,0.504939748655432
sk_circles_medium,xy_2d,7,valid,0.451288762716688,0.451288762716688
sk_circles_medium,xy_2d,8,valid,0.7740439374921327,0.774043937492133
sk_circles_medium,xy_2d,9,valid,0.5975393048722689,0.597539304872268
sk_circles_medium,xy_2d,10,valid,0.5071574849279624,0.507157484927962
sk_circles_medium,xy_2d,11,valid,0.453614764213828,0.453614764213828
sk_circles_medium,xy_2d,12,valid,0.4141170443905524,0.414117044390552
sk_circles_medium,xy_2d,13,valid,0.3970985930454754,0.397098593045475
sk_circles_medium,xy_2d,14,valid,0.7813524013031125,0.781352401303112
sk_circles_medium,xy_2d,15,valid,0.6310680463765723,0.631068046376572
sk_circles_medium,xy_2d,16,valid,0.5211493209580602,0.52114932095806
sk_circles_medium,xy_2d,17,valid,0.4997961519423696,0.499796151942369
sk_circles_medium,xy_2d,18,valid,0.842787341242797,0.842787341242797
sk_circles_medium,xy_2d,19,valid,0.6017222518183771,0.601722251818377
sk_circles_medium,xy_2d,20,valid,0.579330505355373,0.579330505355373
sk_circles_medium,xy_2d,21,valid,0.5304180916408108,0.53041809164081
sk_circles_medium,xy_2d,22,valid,1.5801932027360348,1.58019320273603
sk_circles_medium,xy_2d,23,invalid,,1.0
sk_circles_medium,xy_2d,24,invalid,,1.0
sk_circles_medium,xy_2d,25,invalid,,1.0
sk_circles_medium,xy_2d,26,valid,1.9586864987709007,1.9586864987709
sk_circles_medium,xy_2d,27,valid,1.9586864987709007,1.9586864987709
sk_circles_medium,xy_2d,28,valid,0.4606080577222402,0.46060805772224
sk_circles_medium,xy_2d,29,valid,0.4764272680504831,0.476427268050483
sk_circles_medium,xy_2d,30,invalid,,1.0
sk_circles_medium,xy_2d,31,valid,0.3832303077587378,0.383230307758738
sk_circles_medium,y_only,0,valid,0.7813988907277241,0.781398890727724
sk_circles_medium,y_only,1,valid,0.7377576176284094,0.737757617628409
sk_circles_medium,y_only,2,valid,0.74320822606527,0.74320822606527
sk_circles_medium,y_only,3,valid,0.7485077094476321,0.748507709447632
sk_circles_medium,y_only,4,valid,0.7794606853341369,0.779460685334137
sk_circles_medium,y_only,5,valid,0.7451496824345659,0.745149682434565
sk_circles_medium,y_only,6,valid,0.7548860276559293,0.754886027655929
sk_circles_medium,y_only,7,valid,0.7686328552425025,0.768632855242502
sk_circles_medium,y_only,8,valid,0.7816774863574236,0.781677486357423
sk_circles_medium,y_only,9,valid,0.7391219614375505,0.73912196143755
sk_circles_medium,y_only,10,valid,0.7473342540844867,0.747334254084486
sk_circles_medium,y_only,11,valid,0.7395572365425086,0.739557236542508
sk_circles_medium,y_only,12,valid,0.7711864851686975,0.771186485168697
sk_circles_medium,y_only,13,valid,0.7542001569282347,0.754200156928234
sk_circles_medium,y_only,14,valid,0.8075482246028459,0.807548224602845
sk_circles_medium,y_only,15,valid,0.7494999232209794,0.749499923220979
sk_circles_medium,y_only,16,valid,0.7517784596462513,0.751778459646251
sk_circles_medium,y_only,17,valid,0.7372600144875208,0.73726001448752
sk_circles_medium,y_only,18,valid,0.8070153819285527,0.807015381928552
sk_circles_medium,y_only,19,valid,0.7388468273434683,0.738846827343468
sk_circles_medium,y_only,20,valid,0.7388468273434683,0.738846827343468
sk_circles_medium,y_only,21,valid,0.7388468273434683,0.738846827343468
sk_circles_medium,y_only,22,invalid,,1.0
sk_circles_medium,y_only,23,invalid,,1.0
sk_circles_medium,y_only,24,invalid,,1.0
sk_circles_medium,y_only,25,invalid,,1.0
sk_circles_medium,y_only,26,valid,1.6306032191191464,1.63060321911915
sk_circles_medium,y_only,27,valid,1.4026607466432428,1.40266074664324
sk_circles_medium,y_only,28,valid,0.7426508818616162,0.742650881861616
sk_circles_medium,y_only,29,valid,0.7388468273434683,0.738846827343468
sk_circles_medium,y_only,30,invalid,,1.0
sk_circles_medium,y_only,31,valid,0.7716444661164219,0.771644466116422
sk_moons_easy,x_only,0,valid,0.7327748293917804,0.732774829391781
sk_moons_easy,x_only,1,valid,0.6856889452573146,0.685688945257315
sk_moons_easy,x_only,2,valid,0.6240736026052668,0.624073602605267
sk_moons_easy,x_only,3,valid,0.6366335371374089,0.636633537137409
sk_moons_easy,x_only,4,valid,0.7344618923979904,0.734461892397991
sk_moons_easy,x_only,5,valid,0.6687396566903074,0.668739656690308
sk_moons_easy,x_only,6,valid,0.6210555206815588,0.621055520681559
sk_moons_easy,x_only,7,valid,0.6363226384042316,0.636322638404232
sk_moons_easy,x_only,8,valid,0.7318254681664831,0.731825468166483
sk_moons_easy,x_only,9,valid,0.865114806533526,0.865114806533526
sk_moons_easy,x_only,10,valid,0.6337867768601088,0.633786776860109
sk_moons_easy,x_only,11,valid,0.6490985774722376,0.649098577472238
sk_moons_easy,x_only,12,valid,0.57081834133117,0.57081834133117
sk_moons_easy,x_only,13,valid,0.5475586793921424,0.547558679392143
sk_moons_easy,x_only,14,valid,0.7363409944400423,0.736340994440043
sk_moons_easy,x_only,15,valid,0.6789867218270498,0.67898672182705
sk_moons_easy,x_only,16,valid,0.624906959823066,0.624906959823066
sk_moons_easy,x_only,17,valid,0.6588678227835786,0.658867822783579
sk_moons_easy,x_only,18,valid,0.8725596519823428,0.872559651982342
sk_moons_easy,x_only,19,valid,0.7531096912200199,0.75310969122002
sk_moons_easy,x_only,20,valid,0.6201931412316296,0.62019314123163
sk_moons_easy,x_only,21,valid,0.6201931412316296,0.62019314123163
sk_moons_easy,x_only,22,invalid,,1.99967373573133
sk_moons_easy,x_only,23,invalid,,1.0
sk_moons_easy,x_only,24,invalid,,1.0
sk_moons_easy,x_only,25,invalid,,1.0
sk_moons_easy,x_only,26,valid,1.585457834008813,1.58545783400881
sk_moons_easy,x_only,27,valid,0.8084235504698317,0.808423550469832
sk_moons_easy,x_only,28,valid,0.6263054764146817,0.626305476414682
sk_moons_easy,x_only,29,valid,0.6201931412316296,0.62019314123163
sk_moons_easy,x_only,30,invalid,,1.0
sk_moons_easy,x_only,31,valid,0.5214755616695046,0.521475561669505
sk_moons_easy,xy_2d,0,valid,0.6464461158161944,0.646446115816195
sk_moons_easy,xy_2d,1,valid,0.5755491510647428,0.575549151064743
sk_moons_easy,xy_2d,2,valid,0.4476716988574869,0.447671698857487
sk_moons_easy,xy_2d,3,valid,0.3873262054982724,0.387326205498273
sk_moons_easy,xy_2d,4,valid,0.6480434161535216,0.648043416153522
sk_moons_easy,xy_2d,5,valid,0.5786031250101747,0.578603125010175
sk_moons_easy,xy_2d,6,valid,0.4692037668130226,0.469203766813023
sk_moons_easy,xy_2d,7,valid,0.3868408153488715,0.386840815348872
sk_moons_easy,xy_2d,8,valid,0.6470480665368584,0.647048066536859
sk_moons_easy,xy_2d,9,valid,0.6669122941868297,0.66691229418683
sk_moons_easy,xy_2d,10,valid,0.4865249050214547,0.486524905021455
sk_moons_easy,xy_2d,11,valid,0.4220919608193643,0.422091960819364
sk_moons_easy,xy_2d,12,valid,0.3477448787538664,0.347744878753867
sk_moons_easy,xy_2d,13,valid,0.4319007241122024,0.431900724112203
sk_moons_easy,xy_2d,14,valid,0.6874779282114704,0.687477928211471
sk_moons_easy,xy_2d,15,valid,0.5931639736734806,0.593163973673481
sk_moons_easy,xy_2d,16,valid,0.5100944223060665,0.510094422306067
sk_moons_easy,xy_2d,17,valid,0.3943169582878975,0.394316958287898
sk_moons_easy,xy_2d,18,valid,0.6851309124509876,0.685130912450988
sk_moons_easy,xy_2d,19,valid,0.5710455622366037,0.571045562236604
sk_moons_easy,xy_2d,20,valid,0.5057993895368421,0.505799389536842
sk_moons_easy,xy_2d,21,valid,0.4290775103404491,0.429077510340449
sk_moons_easy,xy_2d,22,valid,1.7160137721603723,1.71601377216037
sk_moons_easy,xy_2d,23,valid,0.7158893626792128,0.715889362679213
sk_moons_easy,xy_2d,24,valid,0.7158893626792128,0.715889362679213
sk_moons_easy,xy_2d,25,invalid,,1.0
sk_moons_easy,xy_2d,26,valid,0.7158893626792128,0.715889362679213
sk_moons_easy,xy_2d,27,valid,0.7158893626792128,0.715889362679213
sk_moons_easy,xy_2d,28,valid,0.3568588015462797,0.35685880154628
sk_moons_easy,xy_2d,29,valid,0.393667010711302,0.393667010711302
sk_moons_easy,xy_2d,30,invalid,,1.0
sk_moons_easy,xy_2d,31,valid,0.2872218327409616,0.287221832740962
sk_moons_easy,y_only,0,valid,0.7317171209267168,0.731717120926717
sk_moons_easy,y_only,1,valid,0.6309286686213,0.6309286686213
sk_moons_easy,y_only,2,valid,0.610193251735996,0.610193251735996
sk_moons_easy,y_only,3,valid,0.5795473335823377,0.579547333582338
sk_moons_easy,y_only,4,valid,0.7294946811420668,0.729494681142067
sk_moons_easy,y_only,5,valid,0.6440116686629715,0.644011668662972
sk_moons_easy,y_only,6,valid,0.6096857741350902,0.60968577413509
sk_moons_easy,y_only,7,valid,0.6161161179526766,0.616116117952677
sk_moons_easy,y_only,8,valid,0.7315309495448319,0.731530949544832
sk_moons_easy,y_only,9,valid,0.7584339419022573,0.758433941902258
sk_moons_easy,y_only,10,valid,0.6266699175958879,0.626669917595888
sk_moons_easy,y_only,11,valid,0.5880538867076065,0.588053886707607
sk_moons_easy,y_only,12,valid,0.6165363740848545,0.616536374084855
sk_moons_easy,y_only,13,valid,0.6050532862213692,0.605053286221369
sk_moons_easy,y_only,14,valid,0.7817878234644159,0.781787823464416
sk_moons_easy,y_only,15,valid,0.6671957044154563,0.667195704415457
sk_moons_easy,y_only,16,valid,0.6049482416400042,0.604948241640004
sk_moons_easy,y_only,17,valid,0.613111661920847,0.613111661920847
sk_moons_easy,y_only,18,valid,0.7924052790609902,0.792405279060991
sk_moons_easy,y_only,19,valid,0.6304608036280223,0.630460803628023
sk_moons_easy,y_only,20,valid,0.6304608036280223,0.630460803628023
sk_moons_easy,y_only,21,valid,0.6304608036280223,0.630460803628023
sk_moons_easy,y_only,22,invalid,,1.0
sk_moons_easy,y_only,23,invalid,,1.0
sk_moons_easy,y_only,24,invalid,,1.0
sk_moons_easy,y_only,25,invalid,,1.0
sk_moons_easy,y_only,26,valid,1.6287735433635575,1.62877354336356
sk_moons_easy,y_only,27,valid,1.039202173817081,1.03920217381708
sk_moons_easy,y_only,28,valid,0.6496380365075987,0.649638036507599
sk_moons_easy,y_only,29,valid,0.6304608036280223,0.630460803628023
sk_moons_easy,y_only,30,invalid,,1.0
sk_moons_easy,y_only,31,valid,0.6209031322525385,0.620903132252539
sk_moons_hard,x_only,0,valid,0.750746069934821,0.750746069934821
sk_moons_hard,x_only,1,valid,0.7047812642192984,0.704781264219298
sk_moons_hard,x_only,2,valid,0.6642256011311842,0.664225601131184
sk_moons_hard,x_only,3,valid,0.6716218205136649,0.671621820513665
sk_moons_hard,x_only,4,valid,0.7495696525356562,0.749569652535656
sk_moons_hard,x_only,5,valid,0.7110407860895954,0.711040786089595
sk_moons_hard,x_only,6,valid,0.6704063657061492,0.670406365706149
sk_moons_hard,x_only,7,valid,0.746408870257943,0.746408870257943
sk_moons_hard,x_only,8,valid,0.752017634962672,0.752017634962672
sk_moons_hard,x_only,9,valid,0.832547670911809,0.832547670911809
sk_moons_hard,x_only,10,valid,0.6649260191377527,0.664926019137753
sk_moons_hard,x_only,11,valid,0.6781796832533769,0.678179683253377
sk_moons_hard,x_only,12,valid,0.7017113251964735,0.701711325196473
sk_moons_hard,x_only,13,valid,0.6770090776261852,0.677009077626185
sk_moons_hard,x_only,14,valid,0.8574169967824956,0.857416996782495
sk_moons_hard,x_only,15,valid,0.7461062889056724,0.746106288905672
sk_moons_hard,x_only,16,valid,0.6930382881060934,0.693038288106093
sk_moons_hard,x_only,17,valid,0.6522815229057844,0.652281522905784
sk_moons_hard,x_only,18,valid,0.8518376064463411,0.85183760644634
sk_moons_hard,x_only,19,valid,0.7056753382122317,0.705675338212232
sk_moons_hard,x_only,20,valid,0.7056753382122317,0.705675338212232
sk_moons_hard,x_only,21,valid,0.7056753382122317,0.705675338212232
sk_moons_hard,x_only,22,invalid,,1.99909197162366
sk_moons_hard,x_only,23,invalid,,1.99948822771356
sk_moons_hard,x_only,24,invalid,,1.0
sk_moons_hard,x_only,25,invalid,,1.0
sk_moons_hard,x_only,26,valid,1.769932524930553,1.76993252493055
sk_moons_hard,x_only,27,valid,1.0875019683069012,1.0875019683069
sk_moons_hard,x_only,28,valid,0.6639928217874935,0.663992821787493
sk_moons_hard,x_only,29,valid,0.7056753382122317,0.705675338212232
sk_moons_hard,x_only,30,invalid,,1.0
sk_moons_hard,x_only,31,valid,0.6778438682732125,0.677843868273212
sk_moons_hard,xy_2d,0,valid,0.673363707201679,0.673363707201679
sk_moons_hard,xy_2d,1,valid,0.6052634867788081,0.605263486778808
sk_moons_hard,xy_2d,2,valid,0.5089349370163287,0.508934937016329
sk_moons_hard,xy_2d,3,valid,0.4490112049353638,0.449011204935364
sk_moons_hard,xy_2d,4,valid,0.6711720731630888,0.671172073163088
sk_moons_hard,xy_2d,5,valid,0.6072860562361813,0.607286056236181
sk_moons_hard,xy_2d,6,valid,0.5882503270215298,0.58825032702153
sk_moons_hard,xy_2d,7,valid,0.4607257971765963,0.460725797176596
sk_moons_hard,xy_2d,8,valid,0.673363707201679,0.673363707201679
sk_moons_hard,xy_2d,9,valid,0.6019507696299701,0.60195076962997
sk_moons_hard,xy_2d,10,valid,0.5383816056916407,0.538381605691641
sk_moons_hard,xy_2d,11,valid,0.4648231592018169,0.464823159201817
sk_moons_hard,xy_2d,12,valid,0.4394874591289829,0.439487459128983
sk_moons_hard,xy_2d,13,valid,0.3947688117157701,0.39476881171577
sk_moons_hard,xy_2d,14,valid,0.6795380501077308,0.67953805010773
sk_moons_hard,xy_2d,15,valid,0.6066719565483734,0.606671956548373
sk_moons_hard,xy_2d,16,valid,0.5289955176105307,0.52899551761053
sk_moons_hard,xy_2d,17,valid,0.4712138876392052,0.471213887639205
sk_moons_hard,xy_2d,18,valid,0.7043309957371575,0.704330995737157
sk_moons_hard,xy_2d,19,valid,0.6876971916916232,0.687697191691623
sk_moons_hard,xy_2d,20,valid,0.5725644128492631,0.572564412849263
sk_moons_hard,xy_2d,21,valid,0.4854936648652362,0.485493664865236
sk_moons_hard,xy_2d,22,valid,1.079315612189591,1.07931561218959
sk_moons_hard,xy_2d,23,invalid,,1.99830551860928
sk_moons_hard,xy_2d,24,invalid,,1.0
sk_moons_hard,xy_2d,25,invalid,,1.0
sk_moons_hard,xy_2d,26,valid,1.3620049335347402,1.36200493353474
sk_moons_hard,xy_2d,27,valid,1.3620049335347402,1.36200493353474
sk_moons_hard,xy_2d,28,valid,0.4294660923981331,0.429466092398133
sk_moons_hard,xy_2d,29,valid,0.4383157861373326,0.438315786137332
sk_moons_hard,xy_2d,30,invalid,,1.0
sk_moons_hard,xy_2d,31,valid,0.369773606383061,0.369773606383061
sk_moons_hard,y_only,0,valid,0.7444345539970671,0.744434553997067
sk_moons_hard,y_only,1,valid,0.6847396268292762,0.684739626829276
sk_moons_hard,y_only,2,valid,0.683066478191486,0.683066478191486
sk_moons_hard,y_only,3,valid,0.6883494007389372,0.688349400738937
sk_moons_hard,y_only,4,valid,0.7528849288756839,0.752884928875684
sk_moons_hard,y_only,5,valid,0.6922861834567873,0.692286183456787
sk_moons_hard,y_only,6,valid,0.6717286701269725,0.671728670126972
sk_moons_hard,y_only,7,valid,0.6877271657500802,0.68772716575008
sk_moons_hard,y_only,8,valid,0.7436690938845314,0.743669093884531
sk_moons_hard,y_only,9,valid,0.6878440675210122,0.687844067521012
sk_moons_hard,y_only,10,valid,0.677638966991286,0.677638966991286
sk_moons_hard,y_only,11,valid,0.7015068656783683,0.701506865678368
sk_moons_hard,y_only,12,valid,0.6605465314628496,0.660546531462849
sk_moons_hard,y_only,13,valid,0.6753194927179268,0.675319492717927
sk_moons_hard,y_only,14,valid,0.8446363597597958,0.844636359759795
sk_moons_hard,y_only,15,valid,0.7578047419007085,0.757804741900708
sk_moons_hard,y_only,16,valid,0.6720865173820171,0.672086517382017
sk_moons_hard,y_only,17,valid,0.7349982120602941,0.734998212060294
sk_moons_hard,y_only,18,valid,0.8158751806805684,0.815875180680568
sk_moons_hard,y_only,19,valid,0.6892250588896567,0.689225058889656
sk_moons_hard,y_only,20,valid,0.6892250588896567,0.689225058889656
sk_moons_hard,y_only,21,valid,0.6892250588896567,0.689225058889656
sk_moons_hard,y_only,22,invalid,,1.9399477010502
sk_moons_hard,y_only,23,invalid,,1.99815042687976
sk_moons_hard,y_only,24,invalid,,1.0
sk_moons_hard,y_only,25,invalid,,1.0
sk_moons_hard,y_only,26,valid,1.6918094796757168,1.69180947967572
sk_moons_hard,y_only,27,valid,0.9319444452500264,0.931944445250026
sk_moons_hard,y_only,28,valid,0.7023602557174852,0.702360255717485
sk_moons_hard,y_only,29,valid,0.6892250588896567,0.689225058889656
sk_moons_hard,y_only,30,invalid,,1.0
sk_moons_hard,y_only,31,valid,0.7256659113134393,0.725665911313439
sk_moons_medium,x_only,0,valid,0.7384012561780287,0.738401256178028
sk_moons_medium,x_only,1,valid,0.7045826680279754,0.704582668027974
sk_moons_medium,x_only,2,valid,0.6405851831199412,0.64058518311994
sk_moons_medium,x_only,3,valid,0.6483241014271223,0.648324101427121
sk_moons_medium,x_only,4,valid,0.7407745065652512,0.74077450656525
sk_moons_medium,x_only,5,valid,0.683670792625091,0.68367079262509
sk_moons_medium,x_only,6,valid,0.64549714471181,0.645497144711809
sk_moons_medium,x_only,7,valid,0.6634632864342656,0.663463286434265
sk_moons_medium,x_only,8,valid,0.7384012561780287,0.738401256178028
sk_moons_medium,x_only,9,valid,0.8607499257310329,0.860749925731032
sk_moons_medium,x_only,10,valid,0.6424332246400236,0.642433224640023
sk_moons_medium,x_only,11,valid,0.6317539218228115,0.631753921822811
sk_moons_medium,x_only,12,valid,0.6454797059180248,0.645479705918024
sk_moons_medium,x_only,13,valid,0.6247342555772742,0.624734255577273
sk_moons_medium,x_only,14,valid,0.8703259621458865,0.870325962145886
sk_moons_medium,x_only,15,valid,0.747724967969835,0.747724967969834
sk_moons_medium,x_only,16,valid,0.6281492594275795,0.628149259427579
sk_moons_medium,x_only,17,valid,0.7038857825291127,0.703885782529112
sk_moons_medium,x_only,18,valid,0.8449241981912937,0.844924198191292
sk_moons_medium,x_only,19,valid,0.704053975717169,0.704053975717168
sk_moons_medium,x_only,20,valid,0.704053975717169,0.704053975717168
sk_moons_medium,x_only,21,valid,0.704053975717169,0.704053975717168
sk_moons_medium,x_only,22,invalid,,1.99956220361597
sk_moons_medium,x_only,23,invalid,,1.99956220361597
sk_moons_medium,x_only,24,invalid,,1.0
sk_moons_medium,x_only,25,invalid,,1.0
sk_moons_medium,x_only,26,valid,1.411885277967444,1.41188527796744
sk_moons_medium,x_only,27,valid,1.0734072900023175,1.07340729000232
sk_moons_medium,x_only,28,valid,0.6651283622426154,0.665128362242614
sk_moons_medium,x_only,29,valid,0.704053975717169,0.704053975717168
sk_moons_medium,x_only,30,invalid,,1.0
sk_moons_medium,x_only,31,valid,0.6660682167580951,0.666068216758094
sk_moons_medium,xy_2d,0,valid,0.6573762748963404,0.657376274896339
sk_moons_medium,xy_2d,1,valid,0.578990237353568,0.578990237353567
sk_moons_medium,xy_2d,2,valid,0.4671836343857188,0.467183634385718
sk_moons_medium,xy_2d,3,valid,0.4226117576272511,0.422611757627251
sk_moons_medium,xy_2d,4,valid,0.6519006549006844,0.651900654900683
sk_moons_medium,xy_2d,5,valid,0.5846407653800063,0.584640765380005
sk_moons_medium,xy_2d,6,valid,0.5021346695661028,0.502134669566102
sk_moons_medium,xy_2d,7,valid,0.4345089186702702,0.43450891867027
sk_moons_medium,xy_2d,8,valid,0.6551175219535754,0.655117521953574
sk_moons_medium,xy_2d,9,valid,0.5786127386255628,0.578612738625562
sk_moons_medium,xy_2d,10,valid,0.4766226358560185,0.476622635856018
sk_moons_medium,xy_2d,11,valid,0.4364809802611324,0.436480980261132
sk_moons_medium,xy_2d,12,valid,0.3576166051366208,0.35761660513662
sk_moons_medium,xy_2d,13,valid,0.3315969926936655,0.331596992693665
sk_moons_medium,xy_2d,14,valid,0.7004932239328816,0.70049322393288
sk_moons_medium,xy_2d,15,valid,0.5777081616188986,0.577708161618898
sk_moons_medium,xy_2d,16,valid,0.5113655937577696,0.511365593757769
sk_moons_medium,xy_2d,17,valid,0.435312455999147,0.435312455999146
sk_moons_medium,xy_2d,18,valid,0.6980308517348989,0.698030851734898
sk_moons_medium,xy_2d,19,valid,0.6296746775654771,0.629674677565476
sk_moons_medium,xy_2d,20,valid,0.5216140761341989,0.521614076134198
sk_moons_medium,xy_2d,21,valid,0.4187423975196052,0.418742397519605
sk_moons_medium,xy_2d,22,valid,1.4400737974042437,1.44007379740424
sk_moons_medium,xy_2d,23,invalid,,1.0
sk_moons_medium,xy_2d,24,invalid,,1.0
sk_moons_medium,xy_2d,25,invalid,,1.0
sk_moons_medium,xy_2d,26,valid,1.7196288282930472,1.71962882829305
sk_moons_medium,xy_2d,27,valid,1.7196288282930472,1.71962882829305
sk_moons_medium,xy_2d,28,valid,0.3787082883025328,0.378708288302532
sk_moons_medium,xy_2d,29,valid,0.390303980442384,0.390303980442383
sk_moons_medium,xy_2d,30,invalid,,1.0
sk_moons_medium,xy_2d,31,valid,0.327578105594853,0.327578105594853
sk_moons_medium,y_only,0,valid,0.7367253997062314,0.736725399706231
sk_moons_medium,y_only,1,valid,0.6590646271426145,0.659064627142614
sk_moons_medium,y_only,2,valid,0.630207177788044,0.630207177788043
sk_moons_medium,y_only,3,valid,0.6595940768582663,0.659594076858266
sk_moons_medium,y_only,4,valid,0.7348535616371272,0.734853561637126
sk_moons_medium,y_only,5,valid,0.6559646253277934,0.655964625327793
sk_moons_medium,y_only,6,valid,0.6455410022744791,0.645541002274478
sk_moons_medium,y_only,7,valid,0.6443557257509694,0.644355725750969
sk_moons_medium,y_only,8,valid,0.7397002616904982,0.739700261690497
sk_moons_medium,y_only,9,valid,0.6856401904602277,0.685640190460227
sk_moons_medium,y_only,10,valid,0.6391025056794882,0.639102505679487
sk_moons_medium,y_only,11,valid,0.6682000255303415,0.668200025530341
sk_moons_medium,y_only,12,valid,0.6728374144457381,0.672837414445737
sk_moons_medium,y_only,13,valid,0.6920320259477714,0.69203202594777
sk_moons_medium,y_only,14,valid,0.7976158266957181,0.797615826695717
sk_moons_medium,y_only,15,valid,0.6786979652011621,0.678697965201161
sk_moons_medium,y_only,16,valid,0.6559511176091231,0.655951117609122
sk_moons_medium,y_only,17,valid,0.6783621977610934,0.678362197761092
sk_moons_medium,y_only,18,valid,0.8044032100250094,0.804403210025008
sk_moons_medium,y_only,19,valid,0.6558890459452724,0.655889045945271
sk_moons_medium,y_only,20,valid,0.6558890459452724,0.655889045945271
sk_moons_medium,y_only,21,valid,0.6558890459452724,0.655889045945271
sk_moons_medium,y_only,22,invalid,,1.0
sk_moons_medium,y_only,23,invalid,,1.0
sk_moons_medium,y_only,24,invalid,,1.0
sk_moons_medium,y_only,25,invalid,,1.0
sk_moons_medium,y_only,26,valid,1.6577465408054344,1.65774654080543
sk_moons_medium,y_only,27,valid,1.1768989267099543,1.17689892670995
sk_moons_medium,y_only,28,valid,0.7018150182732769,0.701815018273276
sk_moons_medium,y_only,29,valid,0.6558890459452724,0.655889045945271
sk_moons_medium,y_only,30,invalid,,1.0
sk_moons_medium,y_only,31,valid,0.6420147636594177,0.642014763659417
sk_varied_blobs_easy,x_only,0,valid,0.6918183002820147,0.691818300282015
sk_varied_blobs_easy,x_only,1,valid,0.6068139445822551,0.606813944582255
sk_varied_blobs_easy,x_only,2,valid,0.5899672942104438,0.589967294210444
sk_varied_blobs_easy,x_only,3,valid,0.5815936251846816,0.581593625184682
sk_varied_blobs_easy,x_only,4,valid,0.691524740113853,0.691524740113853
sk_varied_blobs_easy,x_only,5,valid,0.6014923242383255,0.601492324238326
sk_varied_blobs_easy,x_only,6,valid,0.6071590744538464,0.607159074453846
sk_varied_blobs_easy,x_only,7,valid,0.5833252573919574,0.583325257391957
sk_varied_blobs_easy,x_only,8,valid,0.6906470862164455,0.690647086216446
sk_varied_blobs_easy,x_only,9,valid,0.6040746461773121,0.604074646177312
sk_varied_blobs_easy,x_only,10,valid,0.5868669349368516,0.586866934936852
sk_varied_blobs_easy,x_only,11,valid,0.5792871377625358,0.579287137762536
sk_varied_blobs_easy,x_only,12,valid,0.5968397593266546,0.596839759326655
sk_varied_blobs_easy,x_only,13,valid,0.6385887751090614,0.638588775109061
sk_varied_blobs_easy,x_only,14,valid,0.6875898454989438,0.687589845498944
sk_varied_blobs_easy,x_only,15,valid,0.6028838898055799,0.60288388980558
sk_varied_blobs_easy,x_only,16,valid,0.6031239864328033,0.603123986432803
sk_varied_blobs_easy,x_only,17,valid,0.6197727417931911,0.619772741793191
sk_varied_blobs_easy,x_only,18,valid,0.677506576194793,0.677506576194793
sk_varied_blobs_easy,x_only,19,valid,0.6359707564129674,0.635970756412968
sk_varied_blobs_easy,x_only,20,valid,0.6077617389341202,0.60776173893412
sk_varied_blobs_easy,x_only,21,valid,0.6077617389341202,0.60776173893412
sk_varied_blobs_easy,x_only,22,valid,1.671517186973431,1.67151718697343
sk_varied_blobs_easy,x_only,23,invalid,,1.56532672174103
sk_varied_blobs_easy,x_only,24,invalid,,1.74630752074672
sk_varied_blobs_easy,x_only,25,invalid,,1.6639090030131
sk_varied_blobs_easy,x_only,26,valid,1.8477781545121563,1.84777815451216
sk_varied_blobs_easy,x_only,27,valid,0.8098575602749967,0.809857560274997
sk_varied_blobs_easy,x_only,28,valid,0.5818585945052221,0.581858594505222
sk_varied_blobs_easy,x_only,29,valid,0.6077617389341202,0.60776173893412
sk_varied_blobs_easy,x_only,30,invalid,,1.0
sk_varied_blobs_easy,x_only,31,valid,0.6158302681801583,0.615830268180158
sk_varied_blobs_easy,xy_2d,0,valid,0.630207833879999,0.630207833879999
sk_varied_blobs_easy,xy_2d,1,valid,0.4595959460369825,0.459595946036983
sk_varied_blobs_easy,xy_2d,2,valid,0.4726728915608383,0.472672891560838
sk_varied_blobs_easy,xy_2d,3,valid,0.4285304578508939,0.428530457850894
sk_varied_blobs_easy,xy_2d,4,valid,0.630207833879999,0.630207833879999
sk_varied_blobs_easy,xy_2d,5,valid,0.4684460441895685,0.468446044189569
sk_varied_blobs_easy,xy_2d,6,valid,0.4751910561729759,0.475191056172976
sk_varied_blobs_easy,xy_2d,7,valid,0.4716873254524769,0.471687325452477
sk_varied_blobs_easy,xy_2d,8,valid,0.6262247934675094,0.626224793467509
sk_varied_blobs_easy,xy_2d,9,valid,0.4614382526945014,0.461438252694501
sk_varied_blobs_easy,xy_2d,10,valid,0.4801313969376556,0.480131396937656
sk_varied_blobs_easy,xy_2d,11,valid,0.4435763565384455,0.443576356538446
sk_varied_blobs_easy,xy_2d,12,valid,0.408120102797428,0.408120102797428
sk_varied_blobs_easy,xy_2d,13,valid,0.3991537689378616,0.399153768937861
sk_varied_blobs_easy,xy_2d,14,valid,0.6237229254575952,0.623722925457595
sk_varied_blobs_easy,xy_2d,15,valid,0.4563857601041504,0.45638576010415
sk_varied_blobs_easy,xy_2d,16,valid,0.4470932688364969,0.447093268836497
sk_varied_blobs_easy,xy_2d,17,valid,0.4173386525919294,0.417338652591929
sk_varied_blobs_easy,xy_2d,18,valid,0.6235494824770824,0.623549482477082
sk_varied_blobs_easy,xy_2d,19,valid,0.4880466520570874,0.488046652057087
sk_varied_blobs_easy,xy_2d,20,valid,0.5387909918162759,0.538790991816276
sk_varied_blobs_easy,xy_2d,21,valid,0.5324837973316568,0.532483797331657
sk_varied_blobs_easy,xy_2d,22,valid,1.227613414961986,1.22761341496199
sk_varied_blobs_easy,xy_2d,23,invalid,,1.98510528500628
sk_varied_blobs_easy,xy_2d,24,invalid,,1.99730192539588
sk_varied_blobs_easy,xy_2d,25,invalid,,1.0
sk_varied_blobs_easy,xy_2d,26,valid,1.06502281677704,1.06502281677704
sk_varied_blobs_easy,xy_2d,27,valid,1.06502281677704,1.06502281677704
sk_varied_blobs_easy,xy_2d,28,valid,0.3940869391066142,0.394086939106614
sk_varied_blobs_easy,xy_2d,29,valid,0.4625266961734919,0.462526696173492
sk_varied_blobs_easy,xy_2d,30,invalid,,1.0
sk_varied_blobs_easy,xy_2d,31,valid,0.4002048066833414,0.400204806683341
sk_varied_blobs_easy,y_only,0,valid,0.6966175218988135,0.696617521898814
sk_varied_blobs_easy,y_only,1,valid,0.5289194684771328,0.528919468477133
sk_varied_blobs_easy,y_only,2,valid,0.551828099107903,0.551828099107903
sk_varied_blobs_easy,y_only,3,valid,0.5354038706136103,0.53540387061361
sk_varied_blobs_easy,y_only,4,valid,0.7077964484815769,0.707796448481577
sk_varied_blobs_easy,y_only,5,valid,0.5460741632785687,0.546074163278569
sk_varied_blobs_easy,y_only,6,valid,0.5575593445050108,0.557559344505011
sk_varied_blobs_easy,y_only,7,valid,0.5339683314767003,0.5339683314767
sk_varied_blobs_easy,y_only,8,valid,0.6858298007452891,0.685829800745289
sk_varied_blobs_easy,y_only,9,valid,0.5252625747959202,0.52526257479592
sk_varied_blobs_easy,y_only,10,valid,0.5429107531646903,0.54291075316469
sk_varied_blobs_easy,y_only,11,valid,0.5276574532358863,0.527657453235886
sk_varied_blobs_easy,y_only,12,valid,0.540493147973537,0.540493147973537
sk_varied_blobs_easy,y_only,13,valid,0.5481106966226308,0.548110696622631
sk_varied_blobs_easy,y_only,14,valid,0.6425726834306427,0.642572683430643
sk_varied_blobs_easy,y_only,15,valid,0.5467164010425765,0.546716401042576
sk_varied_blobs_easy,y_only,16,valid,0.566561899563607,0.566561899563607
sk_varied_blobs_easy,y_only,17,valid,0.5180739927113771,0.518073992711377
sk_varied_blobs_easy,y_only,18,valid,0.657672230915537,0.657672230915537
sk_varied_blobs_easy,y_only,19,valid,0.5279291636066806,0.527929163606681
sk_varied_blobs_easy,y_only,20,valid,0.5279291636066806,0.527929163606681
sk_varied_blobs_easy,y_only,21,valid,0.5279291636066806,0.527929163606681
sk_varied_blobs_easy,y_only,22,invalid,,1.99866910899694
sk_varied_blobs_easy,y_only,23,invalid,,1.9992608306897
sk_varied_blobs_easy,y_only,24,invalid,,1.0
sk_varied_blobs_easy,y_only,25,invalid,,1.0
sk_varied_blobs_easy,y_only,26,valid,1.3907704479608838,1.39077044796088
sk_varied_blobs_easy,y_only,27,valid,1.0246003697206765,1.02460036972068
sk_varied_blobs_easy,y_only,28,valid,0.549332926243767,0.549332926243767
sk_varied_blobs_easy,y_only,29,valid,0.5279291636066806,0.527929163606681
sk_varied_blobs_easy,y_only,30,invalid,,1.0
sk_varied_blobs_easy,y_only,31,valid,0.5346345369308284,0.534634536930828
sk_varied_blobs_hard,x_only,0,valid,0.3712583079077644,0.371258307907764
sk_varied_blobs_hard,x_only,1,valid,0.3217241052628453,0.321724105262845
sk_varied_blobs_hard,x_only,2,valid,0.3236812221237969,0.323681222123797
sk_varied_blobs_hard,x_only,3,valid,0.3311554366062155,0.331155436606216
sk_varied_blobs_hard,x_only,4,valid,0.3712583079077644,0.371258307907764
sk_varied_blobs_hard,x_only,5,valid,0.3154271161410082,0.315427116141008
sk_varied_blobs_hard,x_only,6,valid,0.3353209766744479,0.335320976674448
sk_varied_blobs_hard,x_only,7,valid,0.3313576127464256,0.331357612746426
sk_varied_blobs_hard,x_only,8,valid,0.3622403092975499,0.36224030929755
sk_varied_blobs_hard,x_only,9,valid,0.3180426067656503,0.31804260676565
sk_varied_blobs_hard,x_only,10,valid,0.3593024171494431,0.359302417149443
sk_varied_blobs_hard,x_only,11,valid,0.4444276036930951,0.444427603693095
sk_varied_blobs_hard,x_only,12,valid,0.4239479219984878,0.423947921998488
sk_varied_blobs_hard,x_only,13,valid,0.3980549528715589,0.398054952871559
sk_varied_blobs_hard,x_only,14,valid,0.3622403092975499,0.36224030929755
sk_varied_blobs_hard,x_only,15,valid,0.3292689712463637,0.329268971246364
sk_varied_blobs_hard,x_only,16,valid,0.346341607726865,0.346341607726865
sk_varied_blobs_hard,x_only,17,valid,0.5213521225259055,0.521352122525906
sk_varied_blobs_hard,x_only,18,valid,0.3712583079077644,0.371258307907764
sk_varied_blobs_hard,x_only,19,valid,0.3712583079077644,0.371258307907764
sk_varied_blobs_hard,x_only,20,valid,0.3712583079077644,0.371258307907764
sk_varied_blobs_hard,x_only,21,valid,0.3712583079077644,0.371258307907764
sk_varied_blobs_hard,x_only,22,valid,1.2782199329539847,1.27821993295398
sk_varied_blobs_hard,x_only,23,valid,1.3454614661186763,1.34546146611868
sk_varied_blobs_hard,x_only,24,valid,0.3622403092975499,0.36224030929755
sk_varied_blobs_hard,x_only,25,valid,0.3622403092975499,0.36224030929755
sk_varied_blobs_hard,x_only,26,valid,1.6485145227424027,1.6485145227424
sk_varied_blobs_hard,x_only,27,valid,0.5156161626091014,0.515616162609101
sk_varied_blobs_hard,x_only,28,valid,0.5182135831305866,0.518213583130587
sk_varied_blobs_hard,x_only,29,valid,0.3712583079077644,0.371258307907764
sk_varied_blobs_hard,x_only,30,invalid,,1.0
sk_varied_blobs_hard,x_only,31,valid,0.4396831944614962,0.439683194461496
sk_varied_blobs_hard,xy_2d,0,valid,0.3622403092975499,0.36224030929755
sk_varied_blobs_hard,xy_2d,1,valid,0.2749122417830325,0.274912241783033
sk_varied_blobs_hard,xy_2d,2,valid,0.2856104343146189,0.285610434314619
sk_varied_blobs_hard,xy_2d,3,valid,0.266274283296197,0.266274283296197
sk_varied_blobs_hard,xy_2d,4,valid,0.3622403092975499,0.36224030929755
sk_varied_blobs_hard,xy_2d,5,valid,0.271397216869519,0.271397216869519
sk_varied_blobs_hard,xy_2d,6,valid,0.2670520243676287,0.267052024367629
sk_varied_blobs_hard,xy_2d,7,valid,0.3077570770432847,0.307757077043285
sk_varied_blobs_hard,xy_2d,8,valid,0.3622403092975499,0.36224030929755
sk_varied_blobs_hard,xy_2d,9,valid,0.2953359844145877,0.295335984414588
sk_varied_blobs_hard,xy_2d,10,valid,0.2347187446157528,0.234718744615753
sk_varied_blobs_hard,xy_2d,11,valid,0.2831561192424119,0.283156119242412
sk_varied_blobs_hard,xy_2d,12,valid,0.2686471038657796,0.26864710386578
sk_varied_blobs_hard,xy_2d,13,valid,0.3701443587315697,0.37014435873157
sk_varied_blobs_hard,xy_2d,14,valid,0.3622403092975499,0.36224030929755
sk_varied_blobs_hard,xy_2d,15,valid,0.2552306563683241,0.255230656368324
sk_varied_blobs_hard,xy_2d,16,valid,0.2584562093085671,0.258456209308567
sk_varied_blobs_hard,xy_2d,17,valid,0.2449999454818192,0.244999945481819
sk_varied_blobs_hard,xy_2d,18,valid,0.3622403092975499,0.36224030929755
sk_varied_blobs_hard,xy_2d,19,valid,0.2844989103680527,0.284498910368053
sk_varied_blobs_hard,xy_2d,20,valid,0.3533405337378827,0.353340533737883
sk_varied_blobs_hard,xy_2d,21,valid,0.2827138926846306,0.282713892684631
sk_varied_blobs_hard,xy_2d,22,valid,0.6344409994764686,0.634440999476469
sk_varied_blobs_hard,xy_2d,23,valid,1.0482789194521496,1.04827891945215
sk_varied_blobs_hard,xy_2d,24,valid,1.3605791485358372,1.36057914853584
sk_varied_blobs_hard,xy_2d,25,valid,0.3622403092975499,0.36224030929755
sk_varied_blobs_hard,xy_2d,26,valid,0.365693215123349,0.365693215123349
sk_varied_blobs_hard,xy_2d,27,valid,0.3622403092975499,0.36224030929755
sk_varied_blobs_hard,xy_2d,28,valid,0.2968451751823978,0.296845175182398
sk_varied_blobs_hard,xy_2d,29,valid,0.2827138926846306,0.282713892684631
sk_varied_blobs_hard,xy_2d,30,invalid,,1.0
sk_varied_blobs_hard,xy_2d,31,valid,0.2912704902149203,0.29127049021492
sk_varied_blobs_hard,y_only,0,valid,0.3728409192693201,0.37284091926932
sk_varied_blobs_hard,y_only,1,valid,0.2878896971125405,0.287889697112541
sk_varied_blobs_hard,y_only,2,valid,0.3028098143062012,0.302809814306201
sk_varied_blobs_hard,y_only,3,valid,0.2862058155519,0.2862058155519
sk_varied_blobs_hard,y_only,4,valid,0.3728409192693201,0.37284091926932
sk_varied_blobs_hard,y_only,5,valid,0.2887634461285034,0.288763446128503
sk_varied_blobs_hard,y_only,6,valid,0.3066072137919766,0.306607213791977
sk_varied_blobs_hard,y_only,7,valid,0.2773708917514978,0.277370891751498
sk_varied_blobs_hard,y_only,8,valid,0.3666123159173333,0.366612315917334
sk_varied_blobs_hard,y_only,9,valid,0.3012429972948469,0.301242997294847
sk_varied_blobs_hard,y_only,10,valid,0.3036600914872369,0.303660091487237
sk_varied_blobs_hard,y_only,11,valid,0.28368370832525,0.28368370832525
sk_varied_blobs_hard,y_only,12,valid,0.2674974085894957,0.267497408589496
sk_varied_blobs_hard,y_only,13,valid,0.2652123335169694,0.265212333516969
sk_varied_blobs_hard,y_only,14,valid,0.3728409192693201,0.37284091926932
sk_varied_blobs_hard,y_only,15,valid,0.2834356128889406,0.283435612888941
sk_varied_blobs_hard,y_only,16,valid,0.292240300404791,0.292240300404791
sk_varied_blobs_hard,y_only,17,valid,0.2981107826193107,0.298110782619311
sk_varied_blobs_hard,y_only,18,valid,0.3698240942670769,0.369824094267077
sk_varied_blobs_hard,y_only,19,valid,0.2871567107124367,0.287156710712437
sk_varied_blobs_hard,y_only,20,valid,0.2871567107124367,0.287156710712437
sk_varied_blobs_hard,y_only,21,valid,0.2871567107124367,0.287156710712437
sk_varied_blobs_hard,y_only,22,valid,1.362392588235478,1.36239258823548
sk_varied_blobs_hard,y_only,23,invalid,,1.99896710950879
sk_varied_blobs_hard,y_only,24,invalid,,1.99896710950879
sk_varied_blobs_hard,y_only,25,invalid,,1.0
sk_varied_blobs_hard,y_only,26,valid,1.330164176146092,1.33016417614609
sk_varied_blobs_hard,y_only,27,valid,0.4134459273256363,0.413445927325636
sk_varied_blobs_hard,y_only,28,valid,0.2815699563506995,0.2815699563507
sk_varied_blobs_hard,y_only,29,valid,0.2871567107124367,0.287156710712437
sk_varied_blobs_hard,y_only,30,invalid,,1.0
sk_varied_blobs_hard,y_only,31,valid,0.289589447806948,0.289589447806948
sk_varied_blobs_medium,x_only,0,valid,0.6118432883307763,0.611843288330776
sk_varied_blobs_medium,x_only,1,valid,0.4645320988520944,0.464532098852094
sk_varied_blobs_medium,x_only,2,valid,0.4714472025465374,0.471447202546537
sk_varied_blobs_medium,x_only,3,valid,0.4568890031060838,0.456889003106084
sk_varied_blobs_medium,x_only,4,valid,0.6097717486664198,0.60977174866642
sk_varied_blobs_medium,x_only,5,valid,0.4593980298752257,0.459398029875226
sk_varied_blobs_medium,x_only,6,valid,0.5096240130380126,0.509624013038013
sk_varied_blobs_medium,x_only,7,valid,0.496769806104516,0.496769806104516
sk_varied_blobs_medium,x_only,8,valid,0.6541830639480021,0.654183063948002
sk_varied_blobs_medium,x_only,9,valid,0.4606011157659454,0.460601115765945
sk_varied_blobs_medium,x_only,10,valid,0.4699555701704447,0.469955570170445
sk_varied_blobs_medium,x_only,11,valid,0.4481651829758156,0.448165182975816
sk_varied_blobs_medium,x_only,12,valid,0.4744606688842179,0.474460668884218
sk_varied_blobs_medium,x_only,13,valid,0.5149143807838934,0.514914380783894
sk_varied_blobs_medium,x_only,14,valid,0.6118432883307763,0.611843288330776
sk_varied_blobs_medium,x_only,15,valid,0.4853453273880262,0.485345327388026
sk_varied_blobs_medium,x_only,16,valid,0.5204098508722019,0.520409850872202
sk_varied_blobs_medium,x_only,17,valid,0.5171700767179506,0.517170076717951
sk_varied_blobs_medium,x_only,18,valid,0.6118609113281157,0.611860911328116
sk_varied_blobs_medium,x_only,19,valid,0.4658176400847196,0.46581764008472
sk_varied_blobs_medium,x_only,20,valid,0.4658176400847197,0.46581764008472
sk_varied_blobs_medium,x_only,21,valid,0.4658176400847197,0.46581764008472
sk_varied_blobs_medium,x_only,22,valid,1.4614177072088768,1.46141770720888
sk_varied_blobs_medium,x_only,23,valid,1.7191966993829275,1.71919669938293
sk_varied_blobs_medium,x_only,24,invalid,,1.99876376592079
sk_varied_blobs_medium,x_only,25,invalid,,1.0
sk_varied_blobs_medium,x_only,26,valid,1.5763564553214824,1.57635645532148
sk_varied_blobs_medium,x_only,27,valid,0.8263422171495107,0.826342217149511
sk_varied_blobs_medium,x_only,28,valid,0.5415548736411177,0.541554873641118
sk_varied_blobs_medium,x_only,29,valid,0.4658176400847197,0.46581764008472
sk_varied_blobs_medium,x_only,30,invalid,,1.0
sk_varied_blobs_medium,x_only,31,valid,0.6362072132284272,0.636207213228427
sk_varied_blobs_medium,xy_2d,0,valid,0.6011513105875799,0.60115131058758
sk_varied_blobs_medium,xy_2d,1,valid,0.4160421378650218,0.416042137865022
sk_varied_blobs_medium,xy_2d,2,valid,0.3924043436123447,0.392404343612345
sk_varied_blobs_medium,xy_2d,3,valid,0.3965046564983435,0.396504656498344
sk_varied_blobs_medium,xy_2d,4,valid,0.6216954999695341,0.621695499969534
sk_varied_blobs_medium,xy_2d,5,valid,0.4155961039731939,0.415596103973194
sk_varied_blobs_medium,xy_2d,6,valid,0.3995410013547575,0.399541001354758
sk_varied_blobs_medium,xy_2d,7,valid,0.3888240127764273,0.388824012776427
sk_varied_blobs_medium,xy_2d,8,valid,0.6115421132352229,0.611542113235223
sk_varied_blobs_medium,xy_2d,9,valid,0.4582364386072454,0.458236438607245
sk_varied_blobs_medium,xy_2d,10,valid,0.4124664650112853,0.412466465011285
sk_varied_blobs_medium,xy_2d,11,valid,0.4315221906114307,0.431522190611431
sk_varied_blobs_medium,xy_2d,12,valid,0.3921015646999126,0.392101564699913
sk_varied_blobs_medium,xy_2d,13,valid,0.3774214657222426,0.377421465722243
sk_varied_blobs_medium,xy_2d,14,valid,0.5989983515152203,0.598998351515221
sk_varied_blobs_medium,xy_2d,15,valid,0.4595964242182817,0.459596424218282
sk_varied_blobs_medium,xy_2d,16,valid,0.3742620433444968,0.374262043344497
sk_varied_blobs_medium,xy_2d,17,valid,0.3787475540015537,0.378747554001554
sk_varied_blobs_medium,xy_2d,18,valid,0.6008266599387356,0.600826659938736
sk_varied_blobs_medium,xy_2d,19,valid,0.6158511651628613,0.615851165162861
sk_varied_blobs_medium,xy_2d,20,valid,0.5988061733907334,0.598806173390733
sk_varied_blobs_medium,xy_2d,21,valid,1.4866049657931812,1.48660496579318
sk_varied_blobs_medium,xy_2d,22,valid,0.7802220246184937,0.780222024618494
sk_varied_blobs_medium,xy_2d,23,valid,1.316495679231054,1.31649567923105
sk_varied_blobs_medium,xy_2d,24,invalid,,1.93072246298876
sk_varied_blobs_medium,xy_2d,25,invalid,,2.0
sk_varied_blobs_medium,xy_2d,26,valid,0.5323247876661538,0.532324787666154
sk_varied_blobs_medium,xy_2d,27,valid,1.1646566974891028,1.1646566974891
sk_varied_blobs_medium,xy_2d,28,valid,0.3670749531297257,0.367074953129726
sk_varied_blobs_medium,xy_2d,29,valid,1.3453673425046957,1.3453673425047
sk_varied_blobs_medium,xy_2d,30,invalid,,2.0
sk_varied_blobs_medium,xy_2d,31,valid,0.4601193807357167,0.460119380735717
sk_varied_blobs_medium,y_only,0,valid,0.6235582631036123,0.623558263103612
sk_varied_blobs_medium,y_only,1,valid,0.4804562172183705,0.480456217218371
sk_varied_blobs_medium,y_only,2,valid,0.4790119834347499,0.47901198343475
sk_varied_blobs_medium,y_only,3,valid,0.4455918370070488,0.445591837007049
sk_varied_blobs_medium,y_only,4,valid,0.6244689113622708,0.624468911362271
sk_varied_blobs_medium,y_only,5,valid,0.4799865590799248,0.479986559079925
sk_varied_blobs_medium,y_only,6,valid,0.5069939042209395,0.506993904220939
sk_varied_blobs_medium,y_only,7,valid,0.4859004822962192,0.485900482296219
sk_varied_blobs_medium,y_only,8,valid,0.7414599722670839,0.741459972267084
sk_varied_blobs_medium,y_only,9,valid,0.4658611962246722,0.465861196224672
sk_varied_blobs_medium,y_only,10,valid,0.495041527818862,0.495041527818862
sk_varied_blobs_medium,y_only,11,valid,0.4605986709168507,0.460598670916851
sk_varied_blobs_medium,y_only,12,valid,0.4746157514371868,0.474615751437187
sk_varied_blobs_medium,y_only,13,valid,0.4729460385376908,0.472946038537691
sk_varied_blobs_medium,y_only,14,valid,0.6242363587845756,0.624236358784576
sk_varied_blobs_medium,y_only,15,valid,0.4987646709146512,0.498764670914651
sk_varied_blobs_medium,y_only,16,valid,0.490417358636288,0.490417358636288
sk_varied_blobs_medium,y_only,17,valid,0.4550163354619397,0.45501633546194
sk_varied_blobs_medium,y_only,18,valid,0.6357188750507253,0.635718875050725
sk_varied_blobs_medium,y_only,19,valid,0.6092862887827686,0.609286288782769
sk_varied_blobs_medium,y_only,20,valid,0.5068115248690434,0.506811524869043
sk_varied_blobs_medium,y_only,21,valid,0.5068115248690435,0.506811524869043
sk_varied_blobs_medium,y_only,22,valid,1.925075101687976,1.92507510168798
sk_varied_blobs_medium,y_only,23,invalid,,1.93112167238325
sk_varied_blobs_medium,y_only,24,invalid,,2.0
sk_varied_blobs_medium,y_only,25,invalid,,2.0
sk_varied_blobs_medium,y_only,26,valid,1.4578876333255986,1.4578876333256
sk_varied_blobs_medium,y_only,27,valid,0.6266570956078812,0.626657095607881
sk_varied_blobs_medium,y_only,28,valid,0.479459368042009,0.479459368042009
sk_varied_blobs_medium,y_only,29,valid,0.5068115248690435,0.506811524869043
sk_varied_blobs_medium,y_only,30,invalid,,2.0
sk_varied_blobs_medium,y_only,31,valid,0.4608528556131979,0.460852855613198
