dataset_id,view_id,family,overlap,exact_match,fo_only,fp_only,fo_only_new46,fo_minus_fp_ari,same_candidate
c2e_000001_43ffb990,x_only,polygons_rectangles_frames,3,0,avg_pca_isotropy|blobness_log_dog,gridness_fft_acf|min_centroid_distance,1,-0.010345972060506026,0
c2e_000001_43ffb990,xy_2d,polygons_rectangles_frames,4,0,hough_line_strength,blobness_log_dog,1,0.0,1
c2e_000001_43ffb990,y_only,polygons_rectangles_frames,3,0,gridness_fft_acf|hollow_score,neighborhood_purity_multi_k|silhouette,2,0.0,1
c2e_000001_a19f7a09,x_only,parabolic_curved_chains,2,0,connectivity_components|direction_entropy|noise_aware_silhouette,cluster_size_balance_entropy|min_centroid_distance|neighborhood_purity,2,0.017826992866172287,0
c2e_000001_a19f7a09,xy_2d,parabolic_curved_chains,3,0,direction_entropy|noise_aware_silhouette,cluster_size_balance_entropy|min_intercluster_distance,1,-0.03323658064745294,0
c2e_000001_a19f7a09,y_only,parabolic_curved_chains,3,0,connectivity_components|davies_bouldin,min_intercluster_distance|neighborhood_purity_multi_k,1,-0.02920969113813221,0
c2e_000003_fce8b713,x_only,texture_density_fields,4,0,noise_aware_silhouette,gridness_fft_acf,0,0.0,1
c2e_000003_fce8b713,xy_2d,texture_density_fields,3,0,davies_bouldin|hough_line_strength,min_centroid_distance|neighborhood_purity_multi_k,1,0.0032324565621423273,0
c2e_000003_fce8b713,y_only,texture_density_fields,0,0,bimodality_anti_thickness|cluster_size_imbalance_entropy|convexity_ratio|euler_holes_count|thickness_uniformity,gridness_fft_acf|min_centroid_distance|neighborhood_purity_multi_k|noise_aware_silhouette|silhouette,4,0.0121356827430116,0
c2e_000008_9cbad322,x_only,arcs_circles_rings,3,0,blobness_log_dog|direction_entropy,min_centroid_distance|silhouette,2,0.0,1
c2e_000008_9cbad322,xy_2d,arcs_circles_rings,4,0,noise_aware_silhouette,min_centroid_distance,0,0.0,1
c2e_000008_9cbad322,y_only,arcs_circles_rings,3,0,connected_components_count|noise_aware_silhouette,neighborhood_purity|neighborhood_purity_multi_k,1,0.0,1
c2e_000010_fb97ad60,x_only,hybrid_mixed_geometry,3,0,ellipse_fit_score|fractal_dimension,axial_symmetry|ribbon_thickness,2,0.135137585371684,0
c2e_000010_fb97ad60,xy_2d,hybrid_mixed_geometry,4,0,corner_junction_density,skeleton_connectivity,1,0.1284519830686316,1
c2e_000010_fb97ad60,y_only,hybrid_mixed_geometry,0,0,axial_symmetry|direction_entropy|gridness_fft_acf|min_centroid_distance|silhouette,alpha_shape_compactness|convexity_ratio|corner_junction_density|parallel_bands|ribbon_thickness,3,0.22456907666647338,0
c2e_000186_2ab2d102,x_only,texture_density_fields,2,0,glcm_haralick|radial_uniformity|ridge_strength,axial_symmetry|connected_components_count|contour_graph_connectivity,3,0.3895789495079659,0
c2e_000186_2ab2d102,xy_2d,texture_density_fields,2,0,blobness_log_dog|lbp_stationarity|min_centroid_distance,axial_symmetry|noise_aware_silhouette|silhouette,2,0.2180488335488684,1
c2e_000186_2ab2d102,y_only,texture_density_fields,2,0,blobness_log_dog|direction_entropy|min_centroid_distance,gridness_fft_acf|noise_aware_silhouette|silhouette,2,0.2180488335488684,1
c2e_000193_57b8ebe3,x_only,piecewise_polylines_corners,3,0,blobness_log_dog|noise_aware_silhouette,neighborhood_purity|neighborhood_purity_multi_k,1,0.0,1
c2e_000193_57b8ebe3,xy_2d,piecewise_polylines_corners,2,0,connected_components_count|connectivity_components|noise_aware_silhouette,blobness_log_dog|eccentricity_ratio|ribbon_thickness,2,0.013636877462760322,0
c2e_000193_57b8ebe3,y_only,piecewise_polylines_corners,3,0,connected_components_count|direction_entropy,min_centroid_distance|silhouette,2,0.03233324936080184,0
c2e_000196_74549b8b,x_only,hollow_topological_components,1,0,blobness_log_dog|curvature_consistency|direction_entropy|ladderness,arc_circle_fit|neighborhood_purity|neighborhood_purity_multi_k|silhouette,4,0.0,1
c2e_000196_74549b8b,xy_2d,hollow_topological_components,3,0,gridness_fft_acf|min_centroid_distance,arc_circle_fit|hollow_score,1,0.0,1
c2e_000196_74549b8b,y_only,hollow_topological_components,3,0,hough_circle_arc_strength|neighborhood_purity,arc_circle_fit|noise_aware_silhouette,1,0.0,1
c2e_000208_04419bc6,x_only,arcs_circles_rings,3,0,contour_graph_connectivity|gridness_fft_acf,min_centroid_distance|noise_aware_silhouette,2,0.0,1
c2e_000208_04419bc6,xy_2d,arcs_circles_rings,4,0,dbcv,min_centroid_distance,0,0.0,1
c2e_000208_04419bc6,y_only,arcs_circles_rings,2,0,avg_pca_isotropy|davies_bouldin|min_centroid_distance,gridness_fft_acf|neighborhood_purity|neighborhood_purity_multi_k,0,0.0,1
c2e_000255_b996994a,x_only,hybrid_mixed_geometry,1,0,blobness_log_dog|curvature_consistency|direction_entropy|ladderness,gridness_fft_acf|neighborhood_purity|noise_aware_silhouette|silhouette,4,0.0,1
c2e_000255_b996994a,xy_2d,hybrid_mixed_geometry,3,0,direction_entropy|min_intercluster_distance,min_centroid_distance|silhouette,1,0.0,1
c2e_000255_b996994a,y_only,hybrid_mixed_geometry,1,0,arc_circle_fit|blobness_log_dog|hough_circle_arc_strength|min_centroid_distance,davies_bouldin|neighborhood_purity|neighborhood_purity_multi_k|noise_aware_silhouette,3,0.0,1
c2e_000306_59e124ce,x_only,standard_clustering_blobs,5,1,,,0,0.0,1
c2e_000306_59e124ce,xy_2d,standard_clustering_blobs,4,0,avg_pca_isotropy,neighborhood_purity_multi_k,0,0.026745785816821188,0
c2e_000306_59e124ce,y_only,standard_clustering_blobs,4,0,avg_pca_isotropy,min_centroid_distance,0,0.016361037638269016,0
c2e_000321_74a7f1af,x_only,polygons_rectangles_frames,4,0,direction_entropy,gridness_fft_acf,1,0.01458528656342395,0
c2e_000321_74a7f1af,xy_2d,polygons_rectangles_frames,2,0,bimodality_anti_thickness|hough_line_strength|morphological_band_count,arc_circle_fit|neighborhood_purity|neighborhood_purity_multi_k,3,0.0,1
c2e_000321_74a7f1af,y_only,polygons_rectangles_frames,3,0,min_centroid_distance|neighborhood_purity,arc_circle_fit|silhouette,0,0.0,1
c2e_000364_2cfe9e46,x_only,radial_spiral_meander,3,0,direction_entropy|silhouette,gridness_fft_acf|noise_aware_silhouette,1,0.0,1
c2e_000364_2cfe9e46,xy_2d,radial_spiral_meander,4,0,morphological_band_count,noise_aware_silhouette,1,0.0,1
c2e_000364_2cfe9e46,y_only,radial_spiral_meander,3,0,direction_entropy|morphological_band_count,neighborhood_purity_multi_k|noise_aware_silhouette,2,0.0015101719016189508,0
c2e_000365_0819aea1,x_only,parabolic_curved_chains,3,0,hough_line_strength|noise_aware_silhouette,direction_entropy|silhouette,1,0.0,1
c2e_000365_0819aea1,xy_2d,parabolic_curved_chains,2,0,axial_symmetry|connected_components_count|orientation_histogram_entropy,min_centroid_distance|parabolicity|piecewise_linearity,3,0.055787335100380364,1
c2e_000365_0819aea1,y_only,parabolic_curved_chains,1,0,arc_circle_fit|connected_components_count|silhouette|thickness_uniformity,cluster_size_balance_entropy|corner_junction_density|hollow_score|parabolicity,3,-0.0032204771378357977,0
c2e_000395_80974acf,x_only,piecewise_polylines_corners,2,0,blobness_log_dog|gridness_fft_acf|ladderness,neighborhood_purity|neighborhood_purity_multi_k|silhouette,3,0.0,1
c2e_000395_80974acf,xy_2d,piecewise_polylines_corners,3,0,davies_bouldin|min_centroid_distance,noise_aware_silhouette|parabolicity,0,0.0,1
c2e_000395_80974acf,y_only,piecewise_polylines_corners,2,0,davies_bouldin|min_centroid_distance|parabolicity,blobness_log_dog|neighborhood_purity|silhouette,1,0.0,1
c2e_000397_7c1e4099,x_only,hollow_topological_components,4,0,noise_aware_silhouette,min_centroid_distance,0,0.055054837138015594,0
c2e_000397_7c1e4099,xy_2d,hollow_topological_components,4,0,hough_line_strength,parabolicity,1,0.0,1
c2e_000397_7c1e4099,y_only,hollow_topological_components,1,0,connectivity_components|contour_graph_connectivity|hough_circle_arc_strength|piecewise_linearity,gridness_fft_acf|neighborhood_purity_multi_k|noise_aware_silhouette|silhouette,4,0.0,1
c2e_000404_f0d2873b,x_only,arcs_circles_rings,3,0,blobness_log_dog|min_centroid_distance,davies_bouldin|silhouette,1,0.0,1
c2e_000404_f0d2873b,xy_2d,arcs_circles_rings,4,0,davies_bouldin,noise_aware_silhouette,0,0.0,1
c2e_000404_f0d2873b,y_only,arcs_circles_rings,4,0,noise_aware_silhouette,gridness_fft_acf,0,0.0,1
c2e_000427_0809463a,x_only,linear_bands_parallel_stripes,0,0,connected_components_count|contour_graph_connectivity|direction_entropy|euler_holes_count|morphological_band_count,alpha_shape_compactness|gridness_fft_acf|neighborhood_purity|parallel_bands|silhouette,5,0.000996766405157,0
c2e_000427_0809463a,xy_2d,linear_bands_parallel_stripes,2,0,curvature_consistency|fractal_dimension|rectangularity,connected_components_count|contour_graph_connectivity|skeleton_connectivity,3,0.028183217372332606,0
c2e_000427_0809463a,y_only,linear_bands_parallel_stripes,3,0,hough_line_strength|min_centroid_distance,neighborhood_purity|noise_aware_silhouette,1,-0.01492267894313859,0
c2e_000483_47d48091,x_only,deinterleaving_pri_toa_amp_like,0,0,dbcv|edge_coherence|hough_circle_arc_strength|orientation_histogram_entropy|polygonality,circularity_compactness|eccentricity_ratio|ellipse_fit_score|gridness_2d|parabolicity,4,0.0,1
c2e_000483_47d48091,xy_2d,deinterleaving_pri_toa_amp_like,1,0,eccentricity_ratio|ladderness|line_straightness|radial_uniformity,connected_components_count|connectivity_components|contour_graph_connectivity|convexity_ratio,4,0.0,1
c2e_000483_47d48091,y_only,deinterleaving_pri_toa_amp_like,1,0,dbcv|ladderness|morphological_band_count|symmetry_score,bimodality_anti_thickness|min_centroid_distance|neighborhood_purity|neighborhood_purity_multi_k,3,0.0,1
c2e_000509_d7017858,x_only,hybrid_mixed_geometry,1,0,arc_circle_fit|avg_pca_isotropy|direction_entropy|ladderness,min_centroid_distance|neighborhood_purity|noise_aware_silhouette|silhouette,3,0.0,1
c2e_000509_d7017858,xy_2d,hybrid_mixed_geometry,4,0,direction_entropy,hollow_score,1,0.0,1
c2e_000509_d7017858,y_only,hybrid_mixed_geometry,3,0,blobness_log_dog|gridness_fft_acf,arc_circle_fit|avg_pca_isotropy,2,0.0,1
c2e_000542_b740f52a,x_only,radial_spiral_meander,1,0,connected_components_count|convexity_ratio|min_intercluster_distance|parallel_bands,cluster_size_balance_entropy|contour_graph_connectivity|noise_aware_silhouette|silhouette,3,-0.0007669674612333002,0
c2e_000542_b740f52a,xy_2d,radial_spiral_meander,3,0,bimodality_anti_thickness|turning_points_count,dbcv|gridness_fft_acf,2,0.0,1
c2e_000542_b740f52a,y_only,radial_spiral_meander,2,0,connected_components_count|direction_entropy|turning_points_count,min_centroid_distance|neighborhood_purity|neighborhood_purity_multi_k,3,0.0,1
c2e_000576_049c6e6c,x_only,ladder_grid_lattice,2,0,blobness_log_dog|convexity_ratio|direction_entropy,cluster_size_balance_entropy|neighborhood_purity|neighborhood_purity_multi_k,3,-0.0840221266003561,0
c2e_000576_049c6e6c,xy_2d,ladder_grid_lattice,3,0,calinski_harabasz|hough_line_strength,avg_pca_isotropy|morphological_band_count,1,0.0,1
c2e_000576_049c6e6c,y_only,ladder_grid_lattice,5,1,,,0,0.0,1
c2e_000586_c923cbc4,x_only,piecewise_polylines_corners,4,0,min_centroid_distance,gridness_fft_acf,0,0.0,1
c2e_000586_c923cbc4,xy_2d,piecewise_polylines_corners,2,0,blobness_log_dog|hough_line_strength|min_centroid_distance,davies_bouldin|noise_aware_silhouette|silhouette,2,0.0,1
c2e_000586_c923cbc4,y_only,piecewise_polylines_corners,2,0,blobness_log_dog|direction_entropy|noise_aware_silhouette,min_centroid_distance|neighborhood_purity|neighborhood_purity_multi_k,2,0.0,1
c2e_000602_4fe9f80d,x_only,standard_clustering_blobs,4,0,min_intercluster_distance,avg_pca_isotropy,0,0.0,1
c2e_000602_4fe9f80d,xy_2d,standard_clustering_blobs,3,0,avg_pca_isotropy|blobness_log_dog,calinski_harabasz|neighborhood_purity_multi_k,1,0.0,1
c2e_000602_4fe9f80d,y_only,standard_clustering_blobs,4,0,direction_entropy,avg_pca_isotropy,1,0.018120307526317436,0
c2e_000654_2295d965,x_only,polygons_rectangles_frames,3,0,blobness_log_dog|polygonality,gridness_fft_acf|neighborhood_purity_multi_k,2,0.0,1
c2e_000654_2295d965,xy_2d,polygons_rectangles_frames,3,0,hough_line_strength|polygonality,arc_circle_fit|hollow_score,2,0.0,1
c2e_000654_2295d965,y_only,polygons_rectangles_frames,4,0,noise_aware_silhouette,neighborhood_purity_multi_k,0,0.0,1
c2e_000736_1f82a154,x_only,parabolic_curved_chains,3,0,connected_components_count|contour_graph_connectivity,periodicity_1d|ribbon_thickness,2,0.0016915983858416996,0
c2e_000736_1f82a154,xy_2d,parabolic_curved_chains,4,0,hollow_score,piecewise_linearity,1,-0.06457059900529849,0
c2e_000736_1f82a154,y_only,parabolic_curved_chains,4,0,convexity_ratio,neighborhood_purity,1,0.0,1
c2e_000766_5bdb4a5a,x_only,ladder_grid_lattice,3,0,connectivity_components|euler_holes_count,cluster_size_balance_entropy|neighborhood_purity,2,-0.06170620128129822,0
c2e_000766_5bdb4a5a,xy_2d,ladder_grid_lattice,4,0,euler_holes_count,blobness_log_dog,1,0.0,1
c2e_000766_5bdb4a5a,y_only,ladder_grid_lattice,3,0,blobness_log_dog|noise_aware_silhouette,neighborhood_purity|neighborhood_purity_multi_k,1,0.0,1
c2e_000772_4a5a4546,x_only,hybrid_mixed_geometry,2,0,alpha_shape_compactness|contour_graph_connectivity|ridge_strength,corner_junction_density|parallel_bands|ribbon_thickness,3,-0.0024890981049525973,0
c2e_000772_4a5a4546,xy_2d,hybrid_mixed_geometry,5,1,,,0,0.0,1
c2e_000772_4a5a4546,y_only,hybrid_mixed_geometry,3,0,davies_bouldin|neighborhood_purity,arc_circle_fit|avg_pca_isotropy,0,0.0,1
c2e_000797_63ae7c66,x_only,hollow_topological_components,3,0,blobness_log_dog|direction_entropy,neighborhood_purity|neighborhood_purity_multi_k,2,0.0,1
c2e_000797_63ae7c66,xy_2d,hollow_topological_components,4,0,connected_components_count,neighborhood_purity_multi_k,1,0.0,1
c2e_000797_63ae7c66,y_only,hollow_topological_components,4,0,avg_pca_isotropy,noise_aware_silhouette,0,0.0013423340989402455,0
c2e_000808_1feb31de,x_only,arcs_circles_rings,1,0,avg_pca_isotropy|connected_components_count|gridness_fft_acf|hough_circle_arc_strength,blobness_log_dog|neighborhood_purity|neighborhood_purity_multi_k|noise_aware_silhouette,3,0.0,1
c2e_000808_1feb31de,xy_2d,arcs_circles_rings,4,0,gridness_fft_acf,hollow_score,1,0.0,1
c2e_000808_1feb31de,y_only,arcs_circles_rings,2,0,contour_graph_connectivity|dbcv|hough_circle_arc_strength,avg_pca_isotropy|neighborhood_purity|neighborhood_purity_multi_k,2,0.0,1
c2e_000822_66067c4f,x_only,polygons_rectangles_frames,3,0,connected_components_count|neighborhood_purity,avg_pca_isotropy|min_centroid_distance,1,-0.004791917821047154,0
c2e_000822_66067c4f,xy_2d,polygons_rectangles_frames,4,0,blobness_log_dog,neighborhood_purity,1,0.0,1
c2e_000822_66067c4f,y_only,polygons_rectangles_frames,3,0,cluster_size_balance_entropy|convexity_ratio,min_centroid_distance|neighborhood_purity_multi_k,1,-0.015623067891968656,0
c2e_000842_d0182495,x_only,linear_bands_parallel_stripes,3,0,cluster_size_balance_entropy|gridness_fft_acf,min_centroid_distance|noise_aware_silhouette,1,0.0,1
c2e_000842_d0182495,xy_2d,linear_bands_parallel_stripes,2,0,blobness_log_dog|morphological_band_count|noise_aware_silhouette,gridness_fft_acf|hough_line_strength|ribbon_thickness,2,-0.20073549774698551,0
c2e_000842_d0182495,y_only,linear_bands_parallel_stripes,4,0,gridness_2d,neighborhood_purity_multi_k,1,0.08345326380106222,0
c2e_000903_7a3386cf,x_only,standard_clustering_blobs,3,0,cluster_size_balance_entropy|min_intercluster_distance,gridness_fft_acf|neighborhood_purity_multi_k,0,0.0,1
c2e_000903_7a3386cf,xy_2d,standard_clustering_blobs,3,0,axial_symmetry|hough_line_strength,noise_aware_silhouette|silhouette,2,0.009387222313726795,0
c2e_000903_7a3386cf,y_only,standard_clustering_blobs,3,0,avg_pca_isotropy|neighborhood_purity,min_centroid_distance|noise_aware_silhouette,0,0.0,1
c2e_000913_406a3ad1,x_only,parabolic_curved_chains,3,0,direction_entropy|silhouette,min_centroid_distance|noise_aware_silhouette,1,0.0,1
c2e_000913_406a3ad1,xy_2d,parabolic_curved_chains,3,0,edge_coherence|hough_circle_arc_strength,connectivity_components|glcm_haralick,2,0.0,1
c2e_000913_406a3ad1,y_only,parabolic_curved_chains,2,0,circularity_compactness|convexity_ratio|radial_uniformity,corner_junction_density|eccentricity_ratio|parallel_bands,3,0.018423413811991397,1
c2e_000961_c2ee97ef,x_only,ladder_grid_lattice,4,0,direction_entropy,cluster_size_balance_entropy,1,0.003761833568987405,0
c2e_000961_c2ee97ef,xy_2d,ladder_grid_lattice,1,0,blobness_log_dog|hough_line_strength|neighborhood_purity|neighborhood_purity_multi_k,avg_pca_isotropy|min_centroid_distance|noise_aware_silhouette|silhouette,2,0.0,1
c2e_000961_c2ee97ef,y_only,ladder_grid_lattice,4,0,morphological_band_count,min_centroid_distance,1,0.0,1
c2e_000964_248a4c07,x_only,deinterleaving_pri_toa_amp_like,0,0,avg_pca_isotropy|blobness_log_dog|gridness_2d|hollow_score|silhouette,cluster_size_balance_entropy|connected_components_count|contour_graph_connectivity|corner_junction_density|glcm_haralick,3,0.0963632953366619,0
c2e_000964_248a4c07,xy_2d,deinterleaving_pri_toa_amp_like,2,0,calinski_harabasz|noise_aware_silhouette|silhouette,connected_components_count|glcm_haralick|skeleton_connectivity,0,0.053412825084178106,0
c2e_000964_248a4c07,y_only,deinterleaving_pri_toa_amp_like,3,0,edge_coherence|orientation_histogram_entropy,min_centroid_distance|neighborhood_purity,2,0.06548749921556396,0
c2e_000991_eba76260,x_only,hollow_topological_components,3,0,gridness_fft_acf|neighborhood_purity,arc_circle_fit|connected_components_count,1,-0.0011595775806605424,0
c2e_000991_eba76260,xy_2d,hollow_topological_components,4,0,noise_aware_silhouette,hollow_score,0,0.0,1
c2e_000991_eba76260,y_only,hollow_topological_components,2,0,blobness_log_dog|direction_entropy|min_centroid_distance,connected_components_count|neighborhood_purity|noise_aware_silhouette,2,0.0,1
c2e_001001_58cfdc10,x_only,piecewise_polylines_corners,3,0,blobness_log_dog|parabolicity,min_centroid_distance|neighborhood_purity,2,0.0,1
c2e_001001_58cfdc10,xy_2d,piecewise_polylines_corners,3,0,davies_bouldin|parabolicity,min_centroid_distance|noise_aware_silhouette,1,0.0,1
c2e_001001_58cfdc10,y_only,piecewise_polylines_corners,3,0,blobness_log_dog|parabolicity,noise_aware_silhouette|silhouette,2,0.0,1
c2e_001050_df1824e0,x_only,linear_bands_parallel_stripes,1,0,curvature_consistency|gridness_2d|ladderness|parabolicity,ellipse_fit_score|hough_line_strength|peak_to_background_hough|radial_uniformity,4,0.00016435706201510002,0
c2e_001050_df1824e0,xy_2d,linear_bands_parallel_stripes,0,0,axial_symmetry|curvature_consistency|dbcv|lbp_stationarity|symmetry_score,connected_components_count|contour_graph_connectivity|corner_junction_density|glcm_haralick|skeleton_connectivity,4,0.055823983524929094,0
c2e_001050_df1824e0,y_only,linear_bands_parallel_stripes,2,0,convexity_ratio|direction_entropy|noise_aware_silhouette,neighborhood_purity|neighborhood_purity_multi_k|silhouette,2,0.0019132680849689998,0
c2e_001083_fc588cb4,x_only,texture_density_fields,1,0,avg_pca_isotropy|gridness_fft_acf|min_centroid_distance|neighborhood_purity_multi_k,axial_symmetry|contour_graph_connectivity|convexity_ratio|noise_aware_silhouette,1,0.1366368087502643,1
c2e_001083_fc588cb4,xy_2d,texture_density_fields,2,0,connectivity_components|min_centroid_distance|silhouette,calinski_harabasz|connected_components_count|dbcv,1,0.27006335093158573,0
c2e_001083_fc588cb4,y_only,texture_density_fields,2,0,gridness_fft_acf|min_centroid_distance|noise_aware_silhouette,axial_symmetry|connected_components_count|contour_graph_connectivity,1,0.21726291221108107,0
c2e_001143_dd61a24e,x_only,ladder_grid_lattice,3,0,connectivity_components|direction_entropy,glcm_haralick|ribbon_thickness,2,0.0676131497261395,0
c2e_001143_dd61a24e,xy_2d,ladder_grid_lattice,3,0,cluster_size_balance_entropy|ribbon_thickness,hough_line_strength|min_centroid_distance,1,0.004528732638820587,0
c2e_001143_dd61a24e,y_only,ladder_grid_lattice,0,0,avg_within_cluster_dispersion|davies_bouldin|fractal_dimension|lbp_stationarity|skeleton_connectivity,min_centroid_distance|min_intercluster_distance|neighborhood_purity|neighborhood_purity_multi_k|silhouette,3,0.04334356011921869,0
c2e_001206_e9b96392,x_only,piecewise_polylines_corners,5,1,,,0,0.0,1
c2e_001206_e9b96392,xy_2d,piecewise_polylines_corners,3,0,dbcv|hough_line_strength,noise_aware_silhouette|silhouette,1,0.0,1
c2e_001206_e9b96392,y_only,piecewise_polylines_corners,4,0,gridness_fft_acf,min_centroid_distance,1,0.0,1
c2e_001220_0a1eb8be,x_only,deinterleaving_pri_toa_amp_like,0,0,min_intercluster_distance|neighborhood_purity|neighborhood_purity_multi_k|noise_aware_silhouette|silhouette,calinski_harabasz|corner_junction_density|fractal_dimension|ribbon_thickness|s_dbw,0,0.011311372496684798,0
c2e_001220_0a1eb8be,xy_2d,deinterleaving_pri_toa_amp_like,2,0,curvature_consistency|ellipse_fit_score|s_dbw,edge_coherence|orientation_histogram_entropy|periodicity_1d,2,0.0,1
c2e_001220_0a1eb8be,y_only,deinterleaving_pri_toa_amp_like,3,0,min_intercluster_distance|neighborhood_purity,cluster_size_balance_entropy|gridness_fft_acf,0,0.0,1
c2e_001222_e9e1078b,x_only,arcs_circles_rings,4,0,min_intercluster_distance,min_centroid_distance,0,0.0,1
c2e_001222_e9e1078b,xy_2d,arcs_circles_rings,3,0,gridness_fft_acf|parabolicity,hough_line_strength|noise_aware_silhouette,2,0.0,1
c2e_001222_e9e1078b,y_only,arcs_circles_rings,3,0,davies_bouldin|dbcv,gridness_fft_acf|neighborhood_purity_multi_k,0,0.0,1
c2e_001288_0d256bd0,x_only,hybrid_mixed_geometry,3,0,hough_line_strength|noise_aware_silhouette,neighborhood_purity|neighborhood_purity_multi_k,1,0.0,1
c2e_001288_0d256bd0,xy_2d,hybrid_mixed_geometry,0,0,connectivity_components|hollow_score|hough_line_strength|min_centroid_distance|noise_aware_silhouette,alpha_shape_compactness|contour_graph_connectivity|corner_junction_density|glcm_haralick|periodicity_1d,3,0.5417802988315077,0
c2e_001288_0d256bd0,y_only,hybrid_mixed_geometry,1,0,cluster_size_imbalance_entropy|fractal_dimension|glcm_haralick|turning_points_count,connected_components_count|gridness_fft_acf|hough_line_strength|parallel_bands,3,0.0103567698886308,0
c2e_001289_223406d7,x_only,linear_bands_parallel_stripes,0,0,cluster_size_balance_entropy|min_intercluster_distance|neighborhood_purity|noise_aware_silhouette|silhouette,connected_components_count|connectivity_components|contour_graph_connectivity|dbcv|ribbon_thickness,0,0.0013128496895925,0
c2e_001289_223406d7,xy_2d,linear_bands_parallel_stripes,5,1,,,0,0.0,1
c2e_001289_223406d7,y_only,linear_bands_parallel_stripes,4,0,morphological_band_count,min_centroid_distance,1,0.09428476009224451,0
c2e_001557_03aac907,x_only,hybrid_mixed_geometry,2,0,axial_symmetry|parabolicity|thickness_uniformity,min_intercluster_distance|neighborhood_purity|silhouette,3,0.25951380178602285,0
c2e_001557_03aac907,xy_2d,hybrid_mixed_geometry,2,0,avg_pca_isotropy|hollow_score|thickness_uniformity,calinski_harabasz|noise_aware_silhouette|silhouette,2,0.0,1
c2e_001557_03aac907,y_only,hybrid_mixed_geometry,1,0,contour_graph_connectivity|corner_junction_density|radial_uniformity|thickness_uniformity,cluster_size_balance_entropy|noise_aware_silhouette|ribbon_thickness|silhouette,4,0.002081242267895911,0
c2h_000023_796abd51,x_only,radial_spiral_meander,4,0,dbcv,gridness_fft_acf,0,0.0,1
c2h_000023_796abd51,xy_2d,radial_spiral_meander,4,0,noise_aware_silhouette,silhouette,0,0.0,1
c2h_000023_796abd51,y_only,radial_spiral_meander,3,0,avg_pca_isotropy|blobness_log_dog,neighborhood_purity|neighborhood_purity_multi_k,1,0.0,1
c2h_000024_eb8e043b,x_only,hollow_topological_components,2,0,connected_components_count|direction_entropy|neighborhood_purity,blobness_log_dog|gridness_fft_acf|min_centroid_distance,2,0.0,1
c2h_000024_eb8e043b,xy_2d,hollow_topological_components,3,0,min_centroid_distance|silhouette,avg_pca_isotropy|gridness_fft_acf,0,-0.039415629019821985,0
c2h_000024_eb8e043b,y_only,hollow_topological_components,4,0,direction_entropy,neighborhood_purity,1,0.0,1
c2h_000026_7a243d04,x_only,standard_clustering_blobs,4,0,noise_aware_silhouette,neighborhood_purity_multi_k,0,0.0,1
c2h_000026_7a243d04,xy_2d,standard_clustering_blobs,3,0,axial_symmetry|silhouette,calinski_harabasz|neighborhood_purity_multi_k,1,0.009870086599646832,0
c2h_000026_7a243d04,y_only,standard_clustering_blobs,4,0,neighborhood_purity,noise_aware_silhouette,0,0.0,1
c2h_000026_baf14ea6,x_only,parabolic_curved_chains,3,0,cluster_size_balance_entropy|parabolicity,noise_aware_silhouette|silhouette,1,0.09686207767137595,0
c2h_000026_baf14ea6,xy_2d,parabolic_curved_chains,3,0,direction_entropy|glcm_haralick,hollow_score|parabolicity,2,-0.0023798286646264932,0
c2h_000026_baf14ea6,y_only,parabolic_curved_chains,1,0,alpha_shape_compactness|corner_junction_density|davies_bouldin|parallel_bands,min_intercluster_distance|neighborhood_purity|neighborhood_purity_multi_k|silhouette,3,0.057161539784715096,1
c2h_000026_ece952ec,x_only,texture_density_fields,4,0,neighborhood_purity,min_centroid_distance,0,0.0,1
c2h_000026_ece952ec,xy_2d,texture_density_fields,5,1,,,0,0.0,1
c2h_000026_ece952ec,y_only,texture_density_fields,4,0,neighborhood_purity,noise_aware_silhouette,0,0.0,1
c2h_000030_19688622,x_only,linear_bands_parallel_stripes,2,0,axial_symmetry|cluster_size_balance_entropy|connectivity_components,corner_junction_density|glcm_haralick|s_dbw,2,0.0017101751218531998,0
c2h_000030_19688622,xy_2d,linear_bands_parallel_stripes,0,0,curvature_consistency|eccentricity_ratio|line_straightness|parallel_bands|thickness_uniformity,corner_junction_density|fractal_dimension|glcm_haralick|ridge_strength|skeleton_connectivity,5,0.0406057527884683,0
c2h_000030_19688622,y_only,linear_bands_parallel_stripes,0,0,connectivity_components|min_centroid_distance|neighborhood_purity|neighborhood_purity_multi_k|silhouette,cluster_size_balance_entropy|contour_graph_connectivity|gridness_fft_acf|noise_aware_silhouette|ribbon_thickness,1,0.007356963413862716,0
c2h_000030_265f365b,x_only,deinterleaving_pri_toa_amp_like,1,0,axial_symmetry|connected_components_count|ellipse_fit_score|lbp_stationarity,convexity_ratio|corner_junction_density|glcm_haralick|ribbon_thickness,4,0.0026262198878739002,0
c2h_000030_265f365b,xy_2d,deinterleaving_pri_toa_amp_like,4,0,line_straightness,ladderness,1,0.0,1
c2h_000030_265f365b,y_only,deinterleaving_pri_toa_amp_like,3,0,convexity_ratio|min_intercluster_distance,connectivity_components|silhouette,1,0.0,1
c2h_000036_1116c19d,x_only,hybrid_mixed_geometry,2,0,cluster_size_balance_entropy|gridness_fft_acf|morphological_band_count,axial_symmetry|convexity_ratio|glcm_haralick,2,0.0005562868789692001,0
c2h_000036_1116c19d,xy_2d,hybrid_mixed_geometry,2,0,connected_components_count|hollow_score|orientation_histogram_entropy,corner_junction_density|fractal_dimension|glcm_haralick,3,0.0,1
c2h_000036_1116c19d,y_only,hybrid_mixed_geometry,3,0,connectivity_components|silhouette,neighborhood_purity|neighborhood_purity_multi_k,1,0.0,1
c2h_000178_0d4d1145,x_only,polygons_rectangles_frames,3,0,connectivity_components|hough_line_strength,gridness_fft_acf|min_centroid_distance,2,0.07510439471635333,0
c2h_000178_0d4d1145,xy_2d,polygons_rectangles_frames,3,0,neighborhood_purity|neighborhood_purity_multi_k,calinski_harabasz|gridness_fft_acf,0,0.0,1
c2h_000178_0d4d1145,y_only,polygons_rectangles_frames,4,0,neighborhood_purity,noise_aware_silhouette,0,0.0,1
c2h_000207_bf79f909,x_only,radial_spiral_meander,4,0,connected_components_count,gridness_fft_acf,1,0.007884703508747148,0
c2h_000207_bf79f909,xy_2d,radial_spiral_meander,2,0,contour_graph_connectivity|ellipse_fit_score|min_centroid_distance,avg_pca_isotropy|calinski_harabasz|rectangularity,2,0.0,1
c2h_000207_bf79f909,y_only,radial_spiral_meander,3,0,alpha_shape_compactness|direction_entropy,neighborhood_purity_multi_k|noise_aware_silhouette,2,0.005984189258084749,0
c2h_000207_c185cb3d,x_only,parabolic_curved_chains,0,0,avg_within_cluster_dispersion|circularity_compactness|mst_smoothness|s_dbw|skeleton_connectivity,calinski_harabasz|corner_junction_density|fractal_dimension|periodicity_1d|ribbon_thickness,3,-0.00021023511496420007,0
c2h_000207_c185cb3d,xy_2d,parabolic_curved_chains,3,0,dbcv|hollow_score,min_centroid_distance|min_intercluster_distance,1,0.0,1
c2h_000207_c185cb3d,y_only,parabolic_curved_chains,2,0,connectivity_components|min_centroid_distance|parabolicity,min_intercluster_distance|neighborhood_purity_multi_k|noise_aware_silhouette,2,0.0,1
c2h_000210_d0553e73,x_only,texture_density_fields,3,0,axial_symmetry|direction_entropy,min_centroid_distance|neighborhood_purity,2,-0.001806915327002806,0
c2h_000210_d0553e73,xy_2d,texture_density_fields,4,0,min_centroid_distance,noise_aware_silhouette,0,0.0,1
c2h_000210_d0553e73,y_only,texture_density_fields,5,1,,,0,0.0,1
c2h_000213_8cb25855,x_only,piecewise_polylines_corners,4,0,noise_aware_silhouette,neighborhood_purity,0,0.005538828540274765,0
c2h_000213_8cb25855,xy_2d,piecewise_polylines_corners,2,0,blobness_log_dog|hough_line_strength|polygonality,calinski_harabasz|gridness_fft_acf|silhouette,3,0.031116369793507292,0
c2h_000213_8cb25855,y_only,piecewise_polylines_corners,4,0,noise_aware_silhouette,neighborhood_purity_multi_k,0,0.0,1
c2h_000214_22b0171f,x_only,ladder_grid_lattice,0,0,axial_symmetry|connectivity_components|convexity_ratio|hough_circle_arc_strength|symmetry_score,gridness_fft_acf|min_centroid_distance|neighborhood_purity|neighborhood_purity_multi_k|silhouette,5,0.009910364456494,1
c2h_000214_22b0171f,xy_2d,ladder_grid_lattice,0,0,connectivity_components|gridness_fft_acf|hough_line_strength|radial_uniformity|symmetry_score,alpha_shape_compactness|calinski_harabasz|cluster_size_balance_entropy|convexity_ratio|hollow_score,5,0.0981491634458078,0
c2h_000214_22b0171f,y_only,ladder_grid_lattice,4,0,axial_symmetry,gridness_fft_acf,1,0.0027754261765526034,0
c2h_000215_164446f5,x_only,hollow_topological_components,5,1,,,0,0.0,1
c2h_000215_164446f5,xy_2d,hollow_topological_components,4,0,connected_components_count,blobness_log_dog,1,-0.02247340727699343,0
c2h_000215_164446f5,y_only,hollow_topological_components,3,0,contour_graph_connectivity|direction_entropy,min_centroid_distance|neighborhood_purity_multi_k,2,0.0017443445060055006,0
c2h_000227_45f85815,x_only,arcs_circles_rings,2,0,arc_circle_fit|avg_pca_isotropy|contour_graph_connectivity,gridness_fft_acf|neighborhood_purity|neighborhood_purity_multi_k,2,0.0007617260168532036,0
c2h_000227_45f85815,xy_2d,arcs_circles_rings,4,0,polygonality,gridness_fft_acf,1,0.0,1
c2h_000227_45f85815,y_only,arcs_circles_rings,1,0,axial_symmetry|blobness_log_dog|noise_aware_silhouette|symmetry_score,min_centroid_distance|neighborhood_purity|neighborhood_purity_multi_k|silhouette,3,0.019054898594778,0
c2h_000247_7514ade1,x_only,linear_bands_parallel_stripes,0,0,avg_within_cluster_dispersion|calinski_harabasz|periodicity_1d|s_dbw|skeleton_connectivity,alpha_shape_compactness|avg_pca_isotropy|cluster_size_balance_entropy|connectivity_components|silhouette,2,0.0007594871405528413,0
c2h_000247_7514ade1,xy_2d,linear_bands_parallel_stripes,4,0,radial_uniformity,thickness_uniformity,1,0.0,1
c2h_000247_7514ade1,y_only,linear_bands_parallel_stripes,3,0,axial_symmetry|connectivity_components,gridness_fft_acf|min_intercluster_distance,2,0.017068577310379293,0
c2h_000286_d54d1960,x_only,hybrid_mixed_geometry,3,0,blobness_log_dog|morphological_band_count,gridness_fft_acf|min_centroid_distance,2,0.05210373101499652,0
c2h_000286_d54d1960,xy_2d,hybrid_mixed_geometry,3,0,blobness_log_dog|hough_line_strength,polygonality|silhouette,2,0.0,1
c2h_000286_d54d1960,y_only,hybrid_mixed_geometry,5,1,,,0,0.0,1
c2h_000387_d37844e2,x_only,texture_density_fields,4,0,hough_line_strength,neighborhood_purity,1,-0.0045308441471269,0
c2h_000387_d37844e2,xy_2d,texture_density_fields,4,0,morphological_band_count,avg_pca_isotropy,1,0.0,1
c2h_000387_d37844e2,y_only,texture_density_fields,4,0,noise_aware_silhouette,min_centroid_distance,0,0.0,1
c2h_000389_e5c195aa,x_only,parabolic_curved_chains,0,0,arc_circle_fit|contour_graph_connectivity|convexity_ratio|corner_junction_density|parallel_bands,gridness_fft_acf|min_centroid_distance|neighborhood_purity|neighborhood_purity_multi_k|silhouette,5,0.0025299801026404,0
c2h_000389_e5c195aa,xy_2d,parabolic_curved_chains,0,0,connected_components_count|curvature_consistency|hough_circle_arc_strength|s_dbw|symmetry_score,convexity_solidity_image|corner_junction_density|glcm_haralick|periodicity_1d|rectangularity,4,0.09923567779573508,0
c2h_000389_e5c195aa,y_only,parabolic_curved_chains,2,0,contour_graph_connectivity|davies_bouldin|min_intercluster_distance,alpha_shape_compactness|corner_junction_density|ribbon_thickness,1,-0.015452798243980992,0
c2h_000414_0f4b32f4,x_only,hollow_topological_components,4,0,min_centroid_distance,gridness_fft_acf,0,0.0,1
c2h_000414_0f4b32f4,xy_2d,hollow_topological_components,3,0,direction_entropy|noise_aware_silhouette,blobness_log_dog|hough_line_strength,1,0.0,1
c2h_000414_0f4b32f4,y_only,hollow_topological_components,2,0,avg_pca_isotropy|blobness_log_dog|radial_uniformity,min_centroid_distance|neighborhood_purity_multi_k|noise_aware_silhouette,2,0.0,1
c2h_000418_fa9e3008,x_only,piecewise_polylines_corners,4,0,contour_graph_connectivity,gridness_fft_acf,1,0.0,1
c2h_000418_fa9e3008,xy_2d,piecewise_polylines_corners,2,0,eccentricity_ratio|line_straightness|peak_to_background_hough,blobness_log_dog|gridness_fft_acf|neighborhood_purity,3,0.0,1
c2h_000418_fa9e3008,y_only,piecewise_polylines_corners,0,0,direction_entropy|min_centroid_distance|neighborhood_purity|neighborhood_purity_multi_k|silhouette,axial_symmetry|parallel_bands|radial_uniformity|ribbon_thickness|symmetry_score,1,0.0101182070130591,0
c2h_000431_2ef3fca2,x_only,arcs_circles_rings,3,0,avg_pca_isotropy|davies_bouldin,gridness_fft_acf|neighborhood_purity,0,0.0,1
c2h_000431_2ef3fca2,xy_2d,arcs_circles_rings,4,0,min_centroid_distance,hough_line_strength,0,0.0,1
c2h_000431_2ef3fca2,y_only,arcs_circles_rings,4,0,avg_pca_isotropy,gridness_fft_acf,0,0.0,1
c2h_000449_6a224304,x_only,linear_bands_parallel_stripes,1,0,alpha_shape_compactness|arc_circle_fit|avg_pca_isotropy|avg_within_cluster_dispersion,cluster_size_balance_entropy|corner_junction_density|glcm_haralick|ribbon_thickness,2,0.0012565877856515,0
c2h_000449_6a224304,xy_2d,linear_bands_parallel_stripes,0,0,alpha_shape_compactness|calinski_harabasz|davies_bouldin|gridness_fft_acf|hollow_score,connected_components_count|contour_graph_connectivity|corner_junction_density|curvature_consistency|glcm_haralick,3,0.1603761728369366,0
c2h_000449_6a224304,y_only,linear_bands_parallel_stripes,2,0,connectivity_components|min_centroid_distance|silhouette,cluster_size_balance_entropy|gridness_fft_acf|neighborhood_purity_multi_k,1,-0.020676578141827995,0
c2h_000501_6f34779a,x_only,polygons_rectangles_frames,3,0,axial_symmetry|direction_entropy,avg_pca_isotropy|neighborhood_purity,2,0.0,1
c2h_000501_6f34779a,xy_2d,polygons_rectangles_frames,3,0,hollow_score|polygonality,calinski_harabasz|gridness_fft_acf,2,0.000253555206735645,0
c2h_000501_6f34779a,y_only,polygons_rectangles_frames,3,0,direction_entropy|noise_aware_silhouette,neighborhood_purity|neighborhood_purity_multi_k,1,0.0,1
c2h_000541_1623ab18,x_only,hybrid_mixed_geometry,2,0,axial_symmetry|direction_entropy|morphological_band_count,min_centroid_distance|neighborhood_purity|neighborhood_purity_multi_k,3,0.0,1
c2h_000541_1623ab18,xy_2d,hybrid_mixed_geometry,5,1,,,0,0.0,1
c2h_000541_1623ab18,y_only,hybrid_mixed_geometry,4,0,min_intercluster_distance,neighborhood_purity_multi_k,0,0.0,1
c2h_000565_3263c8fa,x_only,texture_density_fields,4,0,cluster_size_balance_entropy,neighborhood_purity_multi_k,0,0.0011170324180524022,0
c2h_000565_3263c8fa,xy_2d,texture_density_fields,2,0,hough_line_strength|min_centroid_distance|polygonality,calinski_harabasz|cluster_size_balance_entropy|morphological_band_count,2,0.0,1
c2h_000565_3263c8fa,y_only,texture_density_fields,5,1,,,0,0.0,1
c2h_000614_94831f19,x_only,piecewise_polylines_corners,2,0,avg_pca_isotropy|cluster_size_balance_entropy|neighborhood_purity,gridness_fft_acf|min_centroid_distance|neighborhood_purity_multi_k,0,0.0,1
c2h_000614_94831f19,xy_2d,piecewise_polylines_corners,4,0,blobness_log_dog,noise_aware_silhouette,1,-0.0018129944656504193,0
c2h_000614_94831f19,y_only,piecewise_polylines_corners,4,0,axial_symmetry,neighborhood_purity_multi_k,1,0.0,1
c2h_000619_16263a10,x_only,standard_clustering_blobs,4,0,direction_entropy,min_centroid_distance,1,0.0,1
c2h_000619_16263a10,xy_2d,standard_clustering_blobs,2,0,neighborhood_purity|neighborhood_purity_multi_k|polygonality,avg_pca_isotropy|gridness_fft_acf|silhouette,1,0.05443879304064836,0
c2h_000619_16263a10,y_only,standard_clustering_blobs,4,0,noise_aware_silhouette,min_centroid_distance,0,0.0,1
c2h_000619_ff1cfeb6,x_only,hollow_topological_components,3,0,curvature_consistency|ladderness,noise_aware_silhouette|silhouette,2,0.0,1
c2h_000619_ff1cfeb6,xy_2d,hollow_topological_components,4,0,calinski_harabasz,hough_line_strength,0,0.0,1
c2h_000619_ff1cfeb6,y_only,hollow_topological_components,3,0,neighborhood_purity|noise_aware_silhouette,avg_pca_isotropy|min_centroid_distance,0,0.013646441184907765,0
c2h_000631_6d0d4791,x_only,arcs_circles_rings,4,0,neighborhood_purity,noise_aware_silhouette,0,0.0,1
c2h_000631_6d0d4791,xy_2d,arcs_circles_rings,2,0,min_centroid_distance|neighborhood_purity_multi_k|silhouette,avg_pca_isotropy|convexity_solidity_image|rectangularity,0,-0.013383291691438481,0
c2h_000631_6d0d4791,y_only,arcs_circles_rings,2,0,blobness_log_dog|connectivity_components|hough_line_strength,gridness_fft_acf|min_centroid_distance|silhouette,3,0.09417852774102459,0
c2h_000676_68e02a23,x_only,polygons_rectangles_frames,3,0,arc_circle_fit|hollow_score,neighborhood_purity|neighborhood_purity_multi_k,2,0.0,1
c2h_000676_68e02a23,xy_2d,polygons_rectangles_frames,4,0,polygonality,gridness_fft_acf,1,0.0,1
c2h_000676_68e02a23,y_only,polygons_rectangles_frames,4,0,blobness_log_dog,silhouette,1,0.0,1
c2h_000748_9716c428,x_only,radial_spiral_meander,2,0,arc_circle_fit|blobness_log_dog|ladderness,neighborhood_purity|noise_aware_silhouette|silhouette,3,0.0,1
c2h_000748_9716c428,xy_2d,radial_spiral_meander,5,1,,,0,0.0,1
c2h_000748_9716c428,y_only,radial_spiral_meander,3,0,neighborhood_purity|radial_uniformity,gridness_fft_acf|noise_aware_silhouette,1,0.0,1
c2h_000750_f6306486,x_only,texture_density_fields,3,0,avg_pca_isotropy|neighborhood_purity,axial_symmetry|min_centroid_distance,0,0.0,1
c2h_000750_f6306486,xy_2d,texture_density_fields,0,0,min_centroid_distance|neighborhood_purity|neighborhood_purity_multi_k|noise_aware_silhouette|silhouette,avg_pca_isotropy|corner_junction_density|corner_sharpness|glcm_haralick|periodicity_1d,0,0.5168048959015662,0
c2h_000750_f6306486,y_only,texture_density_fields,1,0,gridness_fft_acf|min_centroid_distance|neighborhood_purity|neighborhood_purity_multi_k,avg_pca_isotropy|axial_symmetry|connectivity_components|contour_graph_connectivity,1,0.0,1
c2h_000751_cc2d926b,x_only,deinterleaving_pri_toa_amp_like,0,0,cluster_size_imbalance_entropy|contour_graph_connectivity|curvature_consistency|lbp_stationarity|polygonality,axial_symmetry|connectivity_components|convexity_ratio|parallel_bands|symmetry_score,4,0.007947027325067694,0
c2h_000751_cc2d926b,xy_2d,deinterleaving_pri_toa_amp_like,2,0,bimodality_anti_thickness|edge_coherence|ladderness,connected_components_count|ribbon_thickness|skeleton_connectivity,3,0.0,1
c2h_000751_cc2d926b,y_only,deinterleaving_pri_toa_amp_like,2,0,axial_symmetry|neighborhood_purity|noise_aware_silhouette,connectivity_components|gridness_fft_acf|min_centroid_distance,1,0.0,1
c2h_000756_82b8b8ed,x_only,parabolic_curved_chains,0,0,alpha_shape_compactness|connectivity_components|convexity_ratio|eccentricity_ratio|hough_circle_arc_strength,connected_components_count|corner_junction_density|glcm_haralick|parallel_bands|ribbon_thickness,5,0.0013227430640722,0
c2h_000756_82b8b8ed,xy_2d,parabolic_curved_chains,3,0,min_intercluster_distance|piecewise_linearity,blobness_log_dog|parabolicity,1,0.0,1
c2h_000756_82b8b8ed,y_only,parabolic_curved_chains,4,0,connectivity_components,neighborhood_purity,1,0.0,1
c2h_000771_03617976,x_only,standard_clustering_blobs,4,0,noise_aware_silhouette,gridness_fft_acf,0,0.0007241945786105996,0
c2h_000771_03617976,xy_2d,standard_clustering_blobs,4,0,corner_sharpness,calinski_harabasz,1,0.0,1
c2h_000771_03617976,y_only,standard_clustering_blobs,4,0,noise_aware_silhouette,neighborhood_purity_multi_k,0,0.015366007291798323,0
c2h_000787_8f7fa85d,x_only,ladder_grid_lattice,5,1,,,0,0.0,1
c2h_000787_8f7fa85d,xy_2d,ladder_grid_lattice,3,0,blobness_log_dog|connectivity_components,cluster_size_balance_entropy|silhouette,2,0.0081770587778911,0
c2h_000787_8f7fa85d,y_only,ladder_grid_lattice,3,0,blobness_log_dog|morphological_band_count,connectivity_components|gridness_fft_acf,2,0.0,1
c2h_000801_dfd7aa3d,x_only,hybrid_mixed_geometry,1,0,connected_components_count|connectivity_components|contour_graph_connectivity|noise_aware_silhouette,gridness_fft_acf|min_centroid_distance|neighborhood_purity|neighborhood_purity_multi_k,3,0.04769437056925821,0
c2h_000801_dfd7aa3d,xy_2d,hybrid_mixed_geometry,3,0,euler_holes_count|polygonality,blobness_log_dog|calinski_harabasz,2,0.04602762570726132,0
c2h_000801_dfd7aa3d,y_only,hybrid_mixed_geometry,2,0,contour_graph_connectivity|euler_holes_count|noise_aware_silhouette,gridness_fft_acf|neighborhood_purity|neighborhood_purity_multi_k,2,0.0,1
c2h_000808_baf5eed6,x_only,piecewise_polylines_corners,4,0,noise_aware_silhouette,blobness_log_dog,0,0.0,1
c2h_000808_baf5eed6,xy_2d,piecewise_polylines_corners,5,1,,,0,0.0,1
c2h_000808_baf5eed6,y_only,piecewise_polylines_corners,4,0,axial_symmetry,neighborhood_purity_multi_k,1,0.0,1
c2h_000820_7094ecba,x_only,hollow_topological_components,2,0,connected_components_count|neighborhood_purity|noise_aware_silhouette,direction_entropy|gridness_fft_acf|min_centroid_distance,1,0.00030584488066009996,0
c2h_000820_7094ecba,xy_2d,hollow_topological_components,3,0,corner_sharpness|silhouette,calinski_harabasz|min_centroid_distance,1,0.0,1
c2h_000820_7094ecba,y_only,hollow_topological_components,4,0,direction_entropy,silhouette,1,0.0,1
c2h_000827_30b7ac26,x_only,arcs_circles_rings,4,0,neighborhood_purity,avg_pca_isotropy,0,0.0,1
c2h_000827_30b7ac26,xy_2d,arcs_circles_rings,5,1,,,0,0.0,1
c2h_000827_30b7ac26,y_only,arcs_circles_rings,2,0,arc_circle_fit|davies_bouldin|noise_aware_silhouette,gridness_fft_acf|neighborhood_purity|neighborhood_purity_multi_k,1,0.0,1
c2h_000845_a890adb6,x_only,polygons_rectangles_frames,3,0,avg_pca_isotropy|curvature_consistency,blobness_log_dog|silhouette,1,0.0,1
c2h_000845_a890adb6,xy_2d,polygons_rectangles_frames,5,1,,,0,0.0,1
c2h_000845_a890adb6,y_only,polygons_rectangles_frames,2,0,arc_circle_fit|avg_pca_isotropy|min_centroid_distance,gridness_fft_acf|neighborhood_purity|silhouette,1,0.0,1
c2h_000869_479bfd26,x_only,linear_bands_parallel_stripes,2,0,arc_circle_fit|hollow_score|min_centroid_distance,cluster_size_balance_entropy|neighborhood_purity|noise_aware_silhouette,2,-0.0015915651368467038,0
c2h_000869_479bfd26,xy_2d,linear_bands_parallel_stripes,3,0,convexity_ratio|ellipse_fit_score,fractal_dimension|glcm_haralick,2,0.04588873243933969,1
c2h_000869_479bfd26,y_only,linear_bands_parallel_stripes,5,1,,,0,0.0,1
c2h_000922_89b8787e,x_only,texture_density_fields,3,0,direction_entropy|noise_aware_silhouette,neighborhood_purity|neighborhood_purity_multi_k,1,0.0,1
c2h_000922_89b8787e,xy_2d,texture_density_fields,3,0,calinski_harabasz|ellipse_fit_score,gridness_fft_acf|neighborhood_purity_multi_k,1,0.0,1
c2h_000922_89b8787e,y_only,texture_density_fields,3,0,blobness_log_dog|hough_line_strength,min_centroid_distance|neighborhood_purity,2,0.016247479405245124,0
c2h_000995_17fccd79,x_only,deinterleaving_pri_toa_amp_like,4,0,connectivity_components,cluster_size_balance_entropy,1,-0.16675373296481943,0
c2h_000995_17fccd79,xy_2d,deinterleaving_pri_toa_amp_like,3,0,axial_symmetry|cluster_size_balance_entropy,min_centroid_distance|neighborhood_purity,1,1.833814628682262e-05,0
c2h_000995_17fccd79,y_only,deinterleaving_pri_toa_amp_like,4,0,alpha_shape_compactness,silhouette,1,0.0029832591205444237,0
c2h_001018_afbf67cf,x_only,polygons_rectangles_frames,4,0,noise_aware_silhouette,neighborhood_purity,0,0.0,1
c2h_001018_afbf67cf,xy_2d,polygons_rectangles_frames,4,0,peak_to_background_hough,noise_aware_silhouette,1,0.0,1
c2h_001018_afbf67cf,y_only,polygons_rectangles_frames,3,0,dbcv|noise_aware_silhouette,arc_circle_fit|gridness_fft_acf,0,0.0013985315301312529,0
c2h_001021_d25bc40d,x_only,hollow_topological_components,1,0,avg_pca_isotropy|connected_components_count|davies_bouldin|noise_aware_silhouette,blobness_log_dog|gridness_fft_acf|neighborhood_purity|neighborhood_purity_multi_k,1,0.0,1
c2h_001021_d25bc40d,xy_2d,hollow_topological_components,4,0,polygonality,hough_line_strength,1,0.0,1
c2h_001021_d25bc40d,y_only,hollow_topological_components,3,0,hough_line_strength|morphological_band_count,neighborhood_purity|neighborhood_purity_multi_k,2,0.016580326519119615,0
c2h_001027_6a75b103,x_only,arcs_circles_rings,0,0,axial_symmetry|parallel_bands|radial_uniformity|ribbon_thickness|symmetry_score,gridness_fft_acf|min_centroid_distance|neighborhood_purity|neighborhood_purity_multi_k|noise_aware_silhouette,5,0.0354826522398014,0
c2h_001027_6a75b103,xy_2d,arcs_circles_rings,4,0,noise_aware_silhouette,hough_line_strength,0,0.0,1
c2h_001027_6a75b103,y_only,arcs_circles_rings,3,0,direction_entropy|min_centroid_distance,avg_pca_isotropy|neighborhood_purity_multi_k,1,0.0,1
c2h_001060_3d270d4f,x_only,hybrid_mixed_geometry,5,1,,,0,0.0,1
c2h_001060_3d270d4f,xy_2d,hybrid_mixed_geometry,2,0,cluster_size_balance_entropy|direction_entropy|gridness_fft_acf,neighborhood_purity|neighborhood_purity_multi_k|noise_aware_silhouette,2,0.0,1
c2h_001060_3d270d4f,y_only,hybrid_mixed_geometry,4,0,piecewise_linearity,min_intercluster_distance,1,0.0,1
c2h_001075_daee19d5,x_only,linear_bands_parallel_stripes,0,0,arc_circle_fit|blobness_log_dog|cluster_size_imbalance_entropy|euler_holes_count|parabolicity,alpha_shape_compactness|axial_symmetry|corner_junction_density|glcm_haralick|parallel_bands,4,0.0017597839571951998,0
c2h_001075_daee19d5,xy_2d,linear_bands_parallel_stripes,2,0,blobness_log_dog|hough_line_strength|polygonality,axial_symmetry|connectivity_components|gridness_fft_acf,3,-0.013090647154807122,0
c2h_001075_daee19d5,y_only,linear_bands_parallel_stripes,3,0,cluster_size_balance_entropy|min_centroid_distance,alpha_shape_compactness|neighborhood_purity,0,0.025606983404524275,0
c2h_001102_eb1d7b43,x_only,radial_spiral_meander,4,0,direction_entropy,connectivity_components,1,-0.012493191022289185,0
c2h_001102_eb1d7b43,xy_2d,radial_spiral_meander,1,0,connected_components_count|gridness_fft_acf|neighborhood_purity|neighborhood_purity_multi_k,alpha_shape_compactness|convexity_solidity_image|noise_aware_silhouette|rectangularity,2,0.4099104384847216,0
c2h_001102_eb1d7b43,y_only,radial_spiral_meander,4,0,morphological_band_count,neighborhood_purity_multi_k,1,0.0,1
c2h_001104_c88cd12d,x_only,texture_density_fields,3,0,avg_pca_isotropy|min_intercluster_distance,gridness_fft_acf|silhouette,0,0.01157310297925096,0
c2h_001104_c88cd12d,xy_2d,texture_density_fields,5,1,,,0,0.0,1
c2h_001104_c88cd12d,y_only,texture_density_fields,5,1,,,0,0.0,1
c2h_001116_020e6469,x_only,parabolic_curved_chains,3,0,connectivity_components|ridge_strength,parallel_bands|periodicity_1d,2,0.003057111605497799,0
c2h_001116_020e6469,xy_2d,parabolic_curved_chains,3,0,alpha_shape_compactness|rectangularity,avg_within_cluster_dispersion|fractal_dimension,2,0.016273977237633103,0
c2h_001116_020e6469,y_only,parabolic_curved_chains,3,0,blobness_log_dog|direction_entropy,min_centroid_distance|silhouette,2,0.04787782818881259,0
c2h_001214_479e016b,x_only,hollow_topological_components,4,0,noise_aware_silhouette,min_centroid_distance,0,0.021283998048268193,0
c2h_001214_479e016b,xy_2d,hollow_topological_components,5,1,,,0,0.0,1
c2h_001214_479e016b,y_only,hollow_topological_components,4,0,noise_aware_silhouette,avg_pca_isotropy,0,0.0,1
c2h_001230_b4d4b887,x_only,piecewise_polylines_corners,4,0,dbcv,gridness_fft_acf,0,0.0,1
c2h_001230_b4d4b887,xy_2d,piecewise_polylines_corners,4,0,min_centroid_distance,noise_aware_silhouette,0,0.0,1
c2h_001230_b4d4b887,y_only,piecewise_polylines_corners,2,0,avg_pca_isotropy|direction_entropy|min_centroid_distance,gridness_fft_acf|noise_aware_silhouette|silhouette,1,0.0,1
c2h_001250_894931c9,x_only,deinterleaving_pri_toa_amp_like,3,0,cluster_size_balance_entropy|connectivity_components,gridness_fft_acf|noise_aware_silhouette,1,0.0,1
c2h_001250_894931c9,xy_2d,deinterleaving_pri_toa_amp_like,2,0,morphological_band_count|polygonality|silhouette,alpha_shape_compactness|arc_circle_fit|gridness_fft_acf,2,0.04475365597974901,0
c2h_001250_894931c9,y_only,deinterleaving_pri_toa_amp_like,1,0,connected_components_count|contour_graph_connectivity|hough_line_strength|morphological_band_count,curvature_consistency|glcm_haralick|radial_uniformity|ribbon_thickness,4,0.0019150712108545998,1
c2h_001268_af954cd9,x_only,arcs_circles_rings,3,0,avg_pca_isotropy|direction_entropy,gridness_fft_acf|min_centroid_distance,1,0.11543370707496392,0
c2h_001268_af954cd9,xy_2d,arcs_circles_rings,3,0,connectivity_components|davies_bouldin,calinski_harabasz|min_centroid_distance,1,0.0,1
c2h_001268_af954cd9,y_only,arcs_circles_rings,3,0,alpha_shape_compactness|morphological_band_count,min_centroid_distance|neighborhood_purity_multi_k,2,-0.004307684651253418,0
c2h_001311_748f3947,x_only,linear_bands_parallel_stripes,4,0,parabolicity,ribbon_thickness,1,0.011598478925211802,0
c2h_001311_748f3947,xy_2d,linear_bands_parallel_stripes,1,0,line_straightness|parabolicity|piecewise_linearity|ribbon_thickness,hough_line_strength|min_intercluster_distance|neighborhood_purity|neighborhood_purity_multi_k,4,0.0,1
c2h_001311_748f3947,y_only,linear_bands_parallel_stripes,4,0,min_intercluster_distance,noise_aware_silhouette,0,0.0,1
c2h_001311_ebee249a,x_only,hybrid_mixed_geometry,4,0,neighborhood_purity,min_centroid_distance,0,0.0,1
c2h_001311_ebee249a,xy_2d,hybrid_mixed_geometry,4,0,blobness_log_dog,gridness_fft_acf,1,0.0,1
c2h_001311_ebee249a,y_only,hybrid_mixed_geometry,2,0,avg_pca_isotropy|davies_bouldin|min_centroid_distance,gridness_fft_acf|neighborhood_purity|neighborhood_purity_multi_k,0,0.0,1
c2h_001504_be689733,x_only,deinterleaving_pri_toa_amp_like,0,0,gridness_fft_acf|neighborhood_purity|neighborhood_purity_multi_k|noise_aware_silhouette|silhouette,corner_junction_density|lbp_stationarity|orientation_histogram_entropy|parallel_bands|radial_uniformity,1,0.0022368699109803,0
c2h_001504_be689733,xy_2d,deinterleaving_pri_toa_amp_like,3,0,curvature_consistency|gridness_fft_acf,blobness_log_dog|ladderness,2,0.0,1
c2h_001504_be689733,y_only,deinterleaving_pri_toa_amp_like,3,0,davies_bouldin|gridness_fft_acf,neighborhood_purity|neighborhood_purity_multi_k,1,0.0,1
c2h_001589_12f6f72b,x_only,hybrid_mixed_geometry,2,0,avg_pca_isotropy|cluster_size_imbalance_entropy|radial_uniformity,convexity_ratio|noise_aware_silhouette|ribbon_thickness,1,0.0364226713517071,0
c2h_001589_12f6f72b,xy_2d,hybrid_mixed_geometry,2,0,blobness_log_dog|hough_line_strength|min_intercluster_distance,min_centroid_distance|noise_aware_silhouette|silhouette,2,0.0,1
c2h_001589_12f6f72b,y_only,hybrid_mixed_geometry,4,0,dbcv,neighborhood_purity,0,0.0,1
c2h_001863_6f7274be,x_only,hybrid_mixed_geometry,0,0,cluster_size_imbalance_entropy|gridness_fft_acf|min_intercluster_distance|neighborhood_purity_multi_k|silhouette,alpha_shape_compactness|axial_symmetry|connected_components_count|convexity_ratio|ribbon_thickness,1,0.02990892711674059,0
c2h_001863_6f7274be,xy_2d,hybrid_mixed_geometry,3,0,corner_sharpness|morphological_band_count,connectivity_components|curvature_consistency,2,0.0,1
c2h_001863_6f7274be,y_only,hybrid_mixed_geometry,4,0,axial_symmetry,neighborhood_purity_multi_k,1,0.0,1
c2m_000008_c13d026f,x_only,texture_density_fields,2,0,contour_graph_connectivity|gridness_2d|min_intercluster_distance,hough_line_strength|radial_uniformity|ribbon_thickness,2,0.0,1
c2m_000008_c13d026f,xy_2d,texture_density_fields,4,0,avg_pca_isotropy,gridness_fft_acf,0,-0.02224881453244043,0
c2m_000008_c13d026f,y_only,texture_density_fields,3,0,blobness_log_dog|neighborhood_purity,avg_pca_isotropy|noise_aware_silhouette,1,0.013583699759857182,0
c2m_000010_8d3fc76b,x_only,parabolic_curved_chains,4,0,hough_line_strength,direction_entropy,1,-0.007276694003941819,0
c2m_000010_8d3fc76b,xy_2d,parabolic_curved_chains,2,0,neighborhood_purity|neighborhood_purity_multi_k|piecewise_linearity,calinski_harabasz|glcm_haralick|s_dbw,1,0.25843551260616154,0
c2m_000010_8d3fc76b,y_only,parabolic_curved_chains,2,0,connected_components_count|davies_bouldin|piecewise_linearity,corner_junction_density|min_intercluster_distance|ribbon_thickness,2,0.053249585148909415,0
c2m_000010_c4e62c5e,x_only,polygons_rectangles_frames,2,0,avg_pca_isotropy|davies_bouldin|dbcv,gridness_fft_acf|neighborhood_purity|neighborhood_purity_multi_k,0,0.0,1
c2m_000010_c4e62c5e,xy_2d,polygons_rectangles_frames,4,0,min_intercluster_distance,arc_circle_fit,0,0.0,1
c2m_000010_c4e62c5e,y_only,polygons_rectangles_frames,2,0,alpha_shape_compactness|arc_circle_fit|hollow_score,neighborhood_purity_multi_k|noise_aware_silhouette|silhouette,3,0.0,1
c2m_000011_1d0812f6,x_only,linear_bands_parallel_stripes,1,0,axial_symmetry|euler_holes_count|hough_line_strength|parabolicity,circularity_compactness|curvature_consistency|ellipse_fit_score|orientation_histogram_entropy,4,0.0022189795860671,0
c2m_000011_1d0812f6,xy_2d,linear_bands_parallel_stripes,2,0,contour_graph_connectivity|morphological_band_count|radial_uniformity,eccentricity_ratio|line_straightness|ribbon_thickness,3,0.4462707725254796,0
c2m_000011_1d0812f6,y_only,linear_bands_parallel_stripes,4,0,bimodality_anti_thickness,silhouette,1,0.0,1
c2m_000013_011c9e29,x_only,radial_spiral_meander,4,0,min_intercluster_distance,gridness_fft_acf,0,0.0,1
c2m_000013_011c9e29,xy_2d,radial_spiral_meander,2,0,dbcv|radial_uniformity|silhouette,gridness_fft_acf|min_centroid_distance|neighborhood_purity_multi_k,1,0.003562463890094403,0
c2m_000013_011c9e29,y_only,radial_spiral_meander,4,0,blobness_log_dog,min_centroid_distance,1,0.0,1
c2m_000013_0ad81ea5,x_only,standard_clustering_blobs,3,0,avg_pca_isotropy|min_intercluster_distance,gridness_fft_acf|neighborhood_purity,0,0.008651295579384155,0
c2m_000013_0ad81ea5,xy_2d,standard_clustering_blobs,2,0,neighborhood_purity|neighborhood_purity_multi_k|silhouette,blobness_log_dog|calinski_harabasz|min_centroid_distance,0,-0.005772404646959384,0
c2m_000013_0ad81ea5,y_only,standard_clustering_blobs,4,0,contour_graph_connectivity,neighborhood_purity,1,0.0,1
c2m_000015_7f7a57fe,x_only,arcs_circles_rings,2,0,curvature_consistency|direction_entropy|morphological_band_count,blobness_log_dog|noise_aware_silhouette|silhouette,3,0.0,1
c2m_000015_7f7a57fe,xy_2d,arcs_circles_rings,3,0,davies_bouldin|ribbon_thickness,blobness_log_dog|noise_aware_silhouette,1,0.0,1
c2m_000015_7f7a57fe,y_only,arcs_circles_rings,3,0,arc_circle_fit|blobness_log_dog,neighborhood_purity|noise_aware_silhouette,2,0.0,1
c2m_000019_ca2c9e65,x_only,piecewise_polylines_corners,2,0,blobness_log_dog|curvature_consistency|gridness_fft_acf,neighborhood_purity|neighborhood_purity_multi_k|noise_aware_silhouette,3,0.0,1
c2m_000019_ca2c9e65,xy_2d,piecewise_polylines_corners,3,0,gridness_fft_acf|ribbon_thickness,noise_aware_silhouette|silhouette,2,0.0,1
c2m_000019_ca2c9e65,y_only,piecewise_polylines_corners,2,0,arc_circle_fit|blobness_log_dog|min_centroid_distance,neighborhood_purity|neighborhood_purity_multi_k|noise_aware_silhouette,2,0.0,1
c2m_000022_fdab1bda,x_only,hybrid_mixed_geometry,4,0,neighborhood_purity,direction_entropy,0,0.0,1
c2m_000022_fdab1bda,xy_2d,hybrid_mixed_geometry,0,0,blobness_log_dog|direction_entropy|hough_line_strength|min_centroid_distance|morphological_band_count,dbcv|neighborhood_purity|neighborhood_purity_multi_k|noise_aware_silhouette|silhouette,4,0.0,1
c2m_000022_fdab1bda,y_only,hybrid_mixed_geometry,5,1,,,0,0.0,1
c2m_000025_4ba6bf54,x_only,deinterleaving_pri_toa_amp_like,1,0,bimodality_anti_thickness|eccentricity_ratio|lbp_stationarity|piecewise_linearity,cluster_size_imbalance_entropy|ellipse_fit_score|gridness_2d|turning_points_count,4,-5.652963349810005e-05,1
c2m_000025_4ba6bf54,xy_2d,deinterleaving_pri_toa_amp_like,3,0,cluster_size_imbalance_entropy|line_straightness,contour_graph_connectivity|curvature_consistency,1,0.0,1
c2m_000025_4ba6bf54,y_only,deinterleaving_pri_toa_amp_like,3,0,hough_line_strength|ribbon_thickness,fractal_dimension|glcm_haralick,2,0.158073121554541,0
c2m_000170_b3203fe3,x_only,polygons_rectangles_frames,2,0,arc_circle_fit|blobness_log_dog|direction_entropy,neighborhood_purity|noise_aware_silhouette|silhouette,3,0.0,1
c2m_000170_b3203fe3,xy_2d,polygons_rectangles_frames,2,0,avg_pca_isotropy|min_centroid_distance|noise_aware_silhouette,arc_circle_fit|neighborhood_purity|neighborhood_purity_multi_k,0,-0.017384993506126878,0
c2m_000170_b3203fe3,y_only,polygons_rectangles_frames,4,0,morphological_band_count,noise_aware_silhouette,1,0.0,1
c2m_000189_00605bd1,x_only,parabolic_curved_chains,3,0,morphological_band_count|parallel_bands,gridness_fft_acf|neighborhood_purity,2,0.003332523288180903,0
c2m_000189_00605bd1,xy_2d,parabolic_curved_chains,0,0,blobness_log_dog|direction_entropy|hough_line_strength|piecewise_linearity|turning_points_count,connectivity_components|glcm_haralick|neighborhood_purity|neighborhood_purity_multi_k|parabolicity,5,0.09227027929060327,1
c2m_000189_00605bd1,y_only,parabolic_curved_chains,4,0,connected_components_count,noise_aware_silhouette,1,0.0,1
c2m_000190_0abd3341,x_only,texture_density_fields,4,0,axial_symmetry,gridness_fft_acf,1,0.0,1
c2m_000190_0abd3341,xy_2d,texture_density_fields,4,0,silhouette,blobness_log_dog,0,0.0,1
c2m_000190_0abd3341,y_only,texture_density_fields,4,0,davies_bouldin,gridness_fft_acf,0,0.0,1
c2m_000192_d5a7e2dc,x_only,radial_spiral_meander,5,1,,,0,0.0,1
c2m_000192_d5a7e2dc,xy_2d,radial_spiral_meander,4,0,axial_symmetry,blobness_log_dog,1,0.0,1
c2m_000192_d5a7e2dc,y_only,radial_spiral_meander,2,0,alpha_shape_compactness|arc_circle_fit|min_centroid_distance,avg_pca_isotropy|neighborhood_purity|neighborhood_purity_multi_k,2,0.0,1
c2m_000198_d1943857,x_only,ladder_grid_lattice,4,0,convexity_ratio,min_centroid_distance,1,-0.03175616143092691,0
c2m_000198_d1943857,xy_2d,ladder_grid_lattice,3,0,min_intercluster_distance|neighborhood_purity,cluster_size_balance_entropy|noise_aware_silhouette,0,0.28347065890356615,0
c2m_000198_d1943857,y_only,ladder_grid_lattice,3,0,cluster_size_balance_entropy|piecewise_linearity,gridness_fft_acf|min_centroid_distance,1,0.009770793995294513,0
c2m_000201_ca6c9efa,x_only,hollow_topological_components,0,0,blobness_log_dog|gridness_fft_acf|min_centroid_distance|neighborhood_purity|neighborhood_purity_multi_k,corner_junction_density|glcm_haralick|parallel_bands|ribbon_thickness|symmetry_score,2,0.0059332238505502,0
c2m_000201_ca6c9efa,xy_2d,hollow_topological_components,4,0,peak_to_background_hough,arc_circle_fit,1,0.0,1
c2m_000201_ca6c9efa,y_only,hollow_topological_components,2,0,blobness_log_dog|direction_entropy|min_centroid_distance,neighborhood_purity_multi_k|noise_aware_silhouette|silhouette,2,0.0,1
c2m_000203_2af3113c,x_only,piecewise_polylines_corners,4,0,min_intercluster_distance,neighborhood_purity_multi_k,0,0.0,1
c2m_000203_2af3113c,xy_2d,piecewise_polylines_corners,2,0,davies_bouldin|hough_line_strength|parabolicity,blobness_log_dog|noise_aware_silhouette|silhouette,2,0.0,1
c2m_000203_2af3113c,y_only,piecewise_polylines_corners,3,0,noise_aware_silhouette|radial_uniformity,gridness_fft_acf|neighborhood_purity,1,0.0029109337341239883,0
c2m_000209_3a2e7ca7,x_only,arcs_circles_rings,2,0,avg_pca_isotropy|hollow_score|ladderness,blobness_log_dog|neighborhood_purity|neighborhood_purity_multi_k,2,0.0,1
c2m_000209_3a2e7ca7,xy_2d,arcs_circles_rings,4,0,arc_circle_fit,gridness_fft_acf,1,0.0,1
c2m_000209_3a2e7ca7,y_only,arcs_circles_rings,3,0,cluster_size_balance_entropy|gridness_2d,gridness_fft_acf|min_centroid_distance,1,0.0,1
c2m_000236_0cd7a574,x_only,linear_bands_parallel_stripes,0,0,contour_graph_connectivity|neighborhood_purity|neighborhood_purity_multi_k|noise_aware_silhouette|silhouette,arc_circle_fit|avg_pca_isotropy|cluster_size_imbalance_entropy|euler_holes_count|turning_points_count,1,0.0008851329442794,0
c2m_000236_0cd7a574,xy_2d,linear_bands_parallel_stripes,2,0,orientation_histogram_entropy|radial_uniformity|ribbon_thickness,cluster_size_imbalance_entropy|curvature_consistency|thickness_uniformity,3,-0.011781615401118897,0
c2m_000236_0cd7a574,y_only,linear_bands_parallel_stripes,3,0,noise_aware_silhouette|radial_uniformity,alpha_shape_compactness|convexity_ratio,1,0.0037129166858825002,1
c2m_000264_429eb45e,x_only,hybrid_mixed_geometry,3,0,neighborhood_purity|neighborhood_purity_multi_k,avg_pca_isotropy|gridness_fft_acf,0,0.0,1
c2m_000264_429eb45e,xy_2d,hybrid_mixed_geometry,1,0,blobness_log_dog|hough_line_strength|neighborhood_purity|neighborhood_purity_multi_k,contour_graph_connectivity|corner_junction_density|hough_circle_arc_strength|parallel_bands,2,0.25416737597344063,0
c2m_000264_429eb45e,y_only,hybrid_mixed_geometry,2,0,avg_pca_isotropy|direction_entropy|gridness_fft_acf,connected_components_count|connectivity_components|contour_graph_connectivity,2,0.19335057596495953,0
c2m_000265_0a6c0c12,x_only,deinterleaving_pri_toa_amp_like,1,0,arc_circle_fit|gridness_2d|lbp_stationarity|mst_smoothness,cluster_size_imbalance_entropy|euler_holes_count|ladderness|orientation_histogram_entropy,4,0.0007254004490412,0
c2m_000265_0a6c0c12,xy_2d,deinterleaving_pri_toa_amp_like,2,0,fractal_dimension|noise_aware_silhouette|silhouette,connected_components_count|contour_graph_connectivity|ladderness,1,0.0,1
c2m_000265_0a6c0c12,y_only,deinterleaving_pri_toa_amp_like,0,0,dbcv|min_centroid_distance|morphological_band_count|neighborhood_purity|silhouette,bimodality_anti_thickness|cluster_size_balance_entropy|gridness_fft_acf|ladderness|parallel_bands,1,0.01656423481991648,0
c2m_000310_31beaaf9,x_only,standard_clustering_blobs,2,0,axial_symmetry|blobness_log_dog|direction_entropy,min_centroid_distance|neighborhood_purity_multi_k|noise_aware_silhouette,3,0.021659499625900747,0
c2m_000310_31beaaf9,xy_2d,standard_clustering_blobs,3,0,cluster_size_balance_entropy|radial_uniformity,calinski_harabasz|silhouette,1,0.004105128871516706,0
c2m_000310_31beaaf9,y_only,standard_clustering_blobs,5,1,,,0,0.0,1
c2m_000392_529d3c03,x_only,ladder_grid_lattice,0,0,axial_symmetry|convexity_ratio|parallel_bands|radial_uniformity|ribbon_thickness,gridness_fft_acf|min_centroid_distance|neighborhood_purity|neighborhood_purity_multi_k|silhouette,5,0.0574362725024491,0
c2m_000392_529d3c03,xy_2d,ladder_grid_lattice,1,0,arc_circle_fit|axial_symmetry|hollow_score|piecewise_linearity,calinski_harabasz|connected_components_count|connectivity_components|contour_graph_connectivity,4,0.5021493053341847,0
c2m_000392_529d3c03,y_only,ladder_grid_lattice,1,0,blobness_log_dog|direction_entropy|hollow_score|min_centroid_distance,cluster_size_balance_entropy|gridness_fft_acf|noise_aware_silhouette|silhouette,3,0.31458898358390514,0
c2m_000410_7015b30b,x_only,piecewise_polylines_corners,4,0,noise_aware_silhouette,blobness_log_dog,0,0.0,1
c2m_000410_7015b30b,xy_2d,piecewise_polylines_corners,1,0,eccentricity_ratio|line_straightness|parabolicity|ribbon_thickness,gridness_fft_acf|min_centroid_distance|neighborhood_purity|neighborhood_purity_multi_k,4,0.0,1
c2m_000410_7015b30b,y_only,piecewise_polylines_corners,2,0,blobness_log_dog|davies_bouldin|noise_aware_silhouette,min_centroid_distance|neighborhood_purity|neighborhood_purity_multi_k,1,0.006185603075868795,0
c2m_000411_485137e4,x_only,hollow_topological_components,2,0,morphological_band_count|silhouette|symmetry_score,contour_graph_connectivity|radial_uniformity|ribbon_thickness,2,0.051636751998880404,1
c2m_000411_485137e4,xy_2d,hollow_topological_components,4,0,parabolicity,noise_aware_silhouette,1,0.0,1
c2m_000411_485137e4,y_only,hollow_topological_components,4,0,arc_circle_fit,noise_aware_silhouette,1,0.0,1
c2m_000421_a3bc7d51,x_only,arcs_circles_rings,3,0,neighborhood_purity|noise_aware_silhouette,blobness_log_dog|min_centroid_distance,0,0.0,1
c2m_000421_a3bc7d51,xy_2d,arcs_circles_rings,4,0,eccentricity_ratio,gridness_fft_acf,1,0.0,1
c2m_000421_a3bc7d51,y_only,arcs_circles_rings,5,1,,,0,0.0,1
c2m_000429_0abf178f,x_only,linear_bands_parallel_stripes,2,0,hough_line_strength|ladderness|peak_to_background_hough,edge_coherence|gridness_2d|parabolicity,3,0.0,1
c2m_000429_0abf178f,xy_2d,linear_bands_parallel_stripes,3,0,axial_symmetry|rectangularity,corner_junction_density|glcm_haralick,2,0.0,1
c2m_000429_0abf178f,y_only,linear_bands_parallel_stripes,3,0,blobness_log_dog|noise_aware_silhouette,gridness_fft_acf|silhouette,1,0.020631330090154706,0
c2m_000494_be28fce9,x_only,deinterleaving_pri_toa_amp_like,1,0,cluster_size_balance_entropy|hollow_score|polygonality|symmetry_score,cluster_size_imbalance_entropy|davies_bouldin|gridness_fft_acf|line_straightness,3,0.000379899672669103,0
c2m_000494_be28fce9,xy_2d,deinterleaving_pri_toa_amp_like,2,0,cluster_size_imbalance_entropy|line_straightness|ribbon_thickness,connected_components_count|contour_graph_connectivity|curvature_consistency,2,0.0693919990341922,0
c2m_000494_be28fce9,y_only,deinterleaving_pri_toa_amp_like,4,0,connected_components_count,glcm_haralick,1,0.0,1
c2m_000507_05ebc2da,x_only,deinterleaving_pri_toa_amp_like,1,0,gridness_fft_acf|min_centroid_distance|neighborhood_purity_multi_k|silhouette,avg_pca_isotropy|connectivity_components|convexity_ratio|hollow_score,1,0.0007716286390859001,0
c2m_000507_05ebc2da,xy_2d,deinterleaving_pri_toa_amp_like,1,0,curvature_consistency|gridness_2d|hough_circle_arc_strength|piecewise_linearity,eccentricity_ratio|lbp_stationarity|line_straightness|thickness_uniformity,4,0.0,1
c2m_000507_05ebc2da,y_only,deinterleaving_pri_toa_amp_like,2,0,cluster_size_balance_entropy|contour_graph_connectivity|curvature_consistency,connected_components_count|connectivity_components|min_centroid_distance,2,0.0353830438263744,0
c2m_000529_584846e2,x_only,hybrid_mixed_geometry,2,0,bimodality_anti_thickness|curvature_consistency|ribbon_thickness,arc_circle_fit|morphological_band_count|silhouette,3,0.48250249862530875,0
c2m_000529_584846e2,xy_2d,hybrid_mixed_geometry,2,0,axial_symmetry|bimodality_anti_thickness|cluster_size_balance_entropy,dbcv|gridness_fft_acf|ribbon_thickness,2,0.3316153105932751,0
c2m_000529_584846e2,y_only,hybrid_mixed_geometry,4,0,min_intercluster_distance,noise_aware_silhouette,0,0.0,1
c2m_000548_f5cdab53,x_only,radial_spiral_meander,0,0,alpha_shape_compactness|axial_symmetry|convexity_ratio|hollow_score|ribbon_thickness,corner_junction_density|fractal_dimension|glcm_haralick|periodicity_1d|ridge_strength,5,0.00310606787508,0
c2m_000548_f5cdab53,xy_2d,radial_spiral_meander,2,0,curvature_consistency|parabolicity|skeleton_connectivity,avg_within_cluster_dispersion|contour_graph_connectivity|periodicity_1d,3,0.0,1
c2m_000548_f5cdab53,y_only,radial_spiral_meander,4,0,connectivity_components,silhouette,1,0.051655580901157905,0
c2m_000551_d93f13b9,x_only,texture_density_fields,4,0,axial_symmetry,gridness_fft_acf,1,0.04658565713361712,0
c2m_000551_d93f13b9,xy_2d,texture_density_fields,1,0,arc_circle_fit|avg_pca_isotropy|edge_coherence|orientation_histogram_entropy,gridness_fft_acf|min_centroid_distance|noise_aware_silhouette|silhouette,3,0.005571028320121907,0
c2m_000551_d93f13b9,y_only,texture_density_fields,0,0,axial_symmetry|min_intercluster_distance|parallel_bands|piecewise_linearity|ribbon_thickness,cluster_size_balance_entropy|gridness_fft_acf|min_centroid_distance|noise_aware_silhouette|silhouette,4,0.09031621776241029,1
c2m_000583_a62750f2,x_only,ladder_grid_lattice,0,0,contour_graph_connectivity|neighborhood_purity|neighborhood_purity_multi_k|parallel_bands|radial_uniformity,corner_junction_density|fractal_dimension|glcm_haralick|ribbon_thickness|skeleton_connectivity,3,-0.007212047174634001,0
c2m_000583_a62750f2,xy_2d,ladder_grid_lattice,2,0,cluster_size_balance_entropy|ladderness|symmetry_score,blobness_log_dog|noise_aware_silhouette|silhouette,2,-0.0012068479936404586,0
c2m_000583_a62750f2,y_only,ladder_grid_lattice,4,0,blobness_log_dog,connectivity_components,1,0.0,1
c2m_000589_b416cd5b,x_only,piecewise_polylines_corners,4,0,noise_aware_silhouette,gridness_fft_acf,0,0.02708018159972503,0
c2m_000589_b416cd5b,xy_2d,piecewise_polylines_corners,4,0,min_centroid_distance,hough_line_strength,0,0.0,1
c2m_000589_b416cd5b,y_only,piecewise_polylines_corners,3,0,blobness_log_dog|min_centroid_distance,neighborhood_purity|noise_aware_silhouette,1,0.0,1
c2m_000607_4b0cb565,x_only,standard_clustering_blobs,5,1,,,0,0.0,1
c2m_000607_4b0cb565,xy_2d,standard_clustering_blobs,3,0,min_centroid_distance|silhouette,calinski_harabasz|cluster_size_balance_entropy,0,0.0,1
c2m_000607_4b0cb565,y_only,standard_clustering_blobs,3,0,axial_symmetry|neighborhood_purity,direction_entropy|min_centroid_distance,1,0.004867734997140605,0
c2m_000620_ea1f68b0,x_only,arcs_circles_rings,3,0,avg_pca_isotropy|ladderness,arc_circle_fit|neighborhood_purity,1,0.0,1
c2m_000620_ea1f68b0,xy_2d,arcs_circles_rings,2,0,gridness_fft_acf|hough_line_strength|peak_to_background_hough,arc_circle_fit|blobness_log_dog|hollow_score,3,0.0,1
c2m_000620_ea1f68b0,y_only,arcs_circles_rings,1,0,ladderness|morphological_band_count|parallel_bands|radial_uniformity,gridness_fft_acf|neighborhood_purity|neighborhood_purity_multi_k|silhouette,4,0.0444757185182694,1
c2m_000633_d8311571,x_only,linear_bands_parallel_stripes,0,0,contour_graph_connectivity|direction_entropy|hough_line_strength|neighborhood_purity|neighborhood_purity_multi_k,circularity_compactness|cluster_size_imbalance_entropy|edge_coherence|orientation_histogram_entropy|thickness_uniformity,3,0.0012652179155284,0
c2m_000633_d8311571,xy_2d,linear_bands_parallel_stripes,1,0,glcm_haralick|hough_circle_arc_strength|lbp_stationarity|periodicity_1d,connectivity_components|ladderness|line_straightness|ribbon_thickness,4,0.0012376423198866976,1
c2m_000633_d8311571,y_only,linear_bands_parallel_stripes,3,0,axial_symmetry|connectivity_components,gridness_fft_acf|silhouette,2,-0.00022390841411380064,0
c2m_000669_d662c2e7,x_only,polygons_rectangles_frames,5,1,,,0,0.0,1
c2m_000669_d662c2e7,xy_2d,polygons_rectangles_frames,1,0,arc_circle_fit|avg_pca_isotropy|hollow_score|min_centroid_distance,calinski_harabasz|convexity_solidity_image|noise_aware_silhouette|rectangularity,2,0.016837815146454216,0
c2m_000669_d662c2e7,y_only,polygons_rectangles_frames,3,0,direction_entropy|noise_aware_silhouette,neighborhood_purity|neighborhood_purity_multi_k,1,0.0,1
c2m_000731_35153280,x_only,radial_spiral_meander,3,0,dbcv|noise_aware_silhouette,gridness_fft_acf|neighborhood_purity,0,0.0,1
c2m_000731_35153280,xy_2d,radial_spiral_meander,4,0,morphological_band_count,hough_line_strength,1,0.0,1
c2m_000731_35153280,y_only,radial_spiral_meander,4,0,noise_aware_silhouette,neighborhood_purity_multi_k,0,0.0,1
c2m_000732_74e27955,x_only,texture_density_fields,4,0,gridness_2d,convexity_ratio,1,0.0698441218125188,1
c2m_000732_74e27955,xy_2d,texture_density_fields,0,0,ellipse_fit_score|min_centroid_distance|noise_aware_silhouette|rectangularity|silhouette,calinski_harabasz|cluster_size_balance_entropy|connected_components_count|corner_junction_density|glcm_haralick,2,0.23538838951481916,0
c2m_000732_74e27955,y_only,texture_density_fields,4,0,neighborhood_purity,min_centroid_distance,0,0.0,1
c2m_000738_53a86758,x_only,parabolic_curved_chains,4,0,cluster_size_balance_entropy,noise_aware_silhouette,0,0.09832018520590524,0
c2m_000738_53a86758,xy_2d,parabolic_curved_chains,2,0,avg_pca_isotropy|blobness_log_dog|morphological_band_count,dbcv|min_intercluster_distance|neighborhood_purity_multi_k,2,0.0,0
c2m_000738_53a86758,y_only,parabolic_curved_chains,4,0,convexity_ratio,neighborhood_purity,1,0.020848967911918315,0
c2m_000747_d5d0b02e,x_only,deinterleaving_pri_toa_amp_like,0,0,blobness_log_dog|min_centroid_distance|neighborhood_purity|neighborhood_purity_multi_k|silhouette,cluster_size_imbalance_entropy|curvature_consistency|edge_coherence|gridness_2d|line_straightness,1,0.0010129316587691,0
c2m_000747_d5d0b02e,xy_2d,deinterleaving_pri_toa_amp_like,2,0,bimodality_anti_thickness|eccentricity_ratio|periodicity_1d,connected_components_count|contour_graph_connectivity|skeleton_connectivity,3,0.023259008374792604,0
c2m_000747_d5d0b02e,y_only,deinterleaving_pri_toa_amp_like,1,0,axial_symmetry|min_intercluster_distance|parallel_bands|symmetry_score,cluster_size_balance_entropy|connectivity_components|curvature_consistency|ribbon_thickness,3,0.2528971439863565,0
c2m_000764_9b4b68df,x_only,standard_clustering_blobs,3,0,avg_pca_isotropy|min_centroid_distance,noise_aware_silhouette|silhouette,0,0.0,1
c2m_000764_9b4b68df,xy_2d,standard_clustering_blobs,4,0,morphological_band_count,calinski_harabasz,1,0.0,1
c2m_000764_9b4b68df,y_only,standard_clustering_blobs,4,0,neighborhood_purity,noise_aware_silhouette,0,0.0,1
c2m_000770_ceefb921,x_only,ladder_grid_lattice,4,0,hough_line_strength,cluster_size_balance_entropy,1,0.008197815189141894,0
c2m_000770_ceefb921,xy_2d,ladder_grid_lattice,3,0,hough_line_strength|ladderness,noise_aware_silhouette|silhouette,2,0.0,1
c2m_000770_ceefb921,y_only,ladder_grid_lattice,3,0,connectivity_components|min_intercluster_distance,cluster_size_balance_entropy|neighborhood_purity,1,-0.031624078949124224,0
c2m_000786_7abd602a,x_only,hybrid_mixed_geometry,2,0,avg_pca_isotropy|gridness_fft_acf|min_centroid_distance,blobness_log_dog|neighborhood_purity|neighborhood_purity_multi_k,1,0.0,1
c2m_000786_7abd602a,xy_2d,hybrid_mixed_geometry,4,0,hough_line_strength,silhouette,1,0.0,1
c2m_000786_7abd602a,y_only,hybrid_mixed_geometry,2,0,avg_pca_isotropy|noise_aware_silhouette|radial_uniformity,gridness_fft_acf|neighborhood_purity|neighborhood_purity_multi_k,1,0.0007996806382439825,0
c2m_000798_4e6dbf61,x_only,piecewise_polylines_corners,1,0,davies_bouldin|min_centroid_distance|min_intercluster_distance|noise_aware_silhouette,gridness_fft_acf|neighborhood_purity|neighborhood_purity_multi_k|silhouette,0,0.0,1
c2m_000798_4e6dbf61,xy_2d,piecewise_polylines_corners,5,1,,,0,0.0,1
c2m_000798_4e6dbf61,y_only,piecewise_polylines_corners,1,0,arc_circle_fit|avg_pca_isotropy|direction_entropy|min_centroid_distance,neighborhood_purity|neighborhood_purity_multi_k|noise_aware_silhouette|silhouette,2,0.0,1
c2m_000800_51525791,x_only,hollow_topological_components,4,0,min_intercluster_distance,neighborhood_purity,0,0.0032784194412339707,0
c2m_000800_51525791,xy_2d,hollow_topological_components,3,0,calinski_harabasz|polygonality,blobness_log_dog|hough_line_strength,1,0.0,1
c2m_000800_51525791,y_only,hollow_topological_components,3,0,min_centroid_distance|noise_aware_silhouette,neighborhood_purity|neighborhood_purity_multi_k,0,0.0,1
c2m_000820_e2d0e4ed,x_only,arcs_circles_rings,3,0,arc_circle_fit|avg_pca_isotropy,ladderness|silhouette,1,0.0,1
c2m_000820_e2d0e4ed,xy_2d,arcs_circles_rings,4,0,direction_entropy,hollow_score,1,0.0,1
c2m_000820_e2d0e4ed,y_only,arcs_circles_rings,4,0,blobness_log_dog,silhouette,1,0.0,1
c2m_000833_646cf441,x_only,polygons_rectangles_frames,3,0,hough_circle_arc_strength|min_centroid_distance,avg_pca_isotropy|gridness_fft_acf,1,1.1534329047435676e-11,0
c2m_000833_646cf441,xy_2d,polygons_rectangles_frames,5,1,,,0,0.0,1
c2m_000833_646cf441,y_only,polygons_rectangles_frames,4,0,noise_aware_silhouette,avg_pca_isotropy,0,4.223887906107393e-11,0
c2m_000861_55d989d6,x_only,linear_bands_parallel_stripes,4,0,min_centroid_distance,cluster_size_balance_entropy,0,0.0,1
c2m_000861_55d989d6,xy_2d,linear_bands_parallel_stripes,5,1,,,0,0.0,1
c2m_000861_55d989d6,y_only,linear_bands_parallel_stripes,2,0,connectivity_components|gridness_fft_acf|ribbon_thickness,min_centroid_distance|noise_aware_silhouette|silhouette,3,0.26562129472034834,0
c2m_000906_c4e71953,x_only,standard_clustering_blobs,1,0,arc_circle_fit|blobness_log_dog|direction_entropy|ladderness,neighborhood_purity|neighborhood_purity_multi_k|noise_aware_silhouette|silhouette,4,0.0,1
c2m_000906_c4e71953,xy_2d,standard_clustering_blobs,4,0,peak_to_background_hough,hough_line_strength,1,0.0,1
c2m_000906_c4e71953,y_only,standard_clustering_blobs,3,0,noise_aware_silhouette|radial_uniformity,min_centroid_distance|neighborhood_purity,1,0.0,1
c2m_000914_c9575e65,x_only,radial_spiral_meander,2,0,avg_pca_isotropy|direction_entropy|noise_aware_silhouette,min_centroid_distance|neighborhood_purity|neighborhood_purity_multi_k,1,0.006878903508039769,0
c2m_000914_c9575e65,xy_2d,radial_spiral_meander,3,0,davies_bouldin|silhouette,neighborhood_purity|neighborhood_purity_multi_k,0,-0.016736796001049492,0
c2m_000914_c9575e65,y_only,radial_spiral_meander,3,0,avg_pca_isotropy|noise_aware_silhouette,min_centroid_distance|neighborhood_purity,0,0.0016044875501288747,0
c2m_000921_63c0bac4,x_only,parabolic_curved_chains,3,0,arc_circle_fit|parabolicity,cluster_size_balance_entropy|silhouette,2,0.0209745002911179,0
c2m_000921_63c0bac4,xy_2d,parabolic_curved_chains,0,0,calinski_harabasz|convexity_ratio|noise_aware_silhouette|polygonality|silhouette,arc_circle_fit|connectivity_components|hollow_score|parabolicity|piecewise_linearity,2,0.1378673390374013,0
c2m_000921_63c0bac4,y_only,parabolic_curved_chains,4,0,davies_bouldin,silhouette,0,0.0,1
c2m_000972_e4b93218,x_only,deinterleaving_pri_toa_amp_like,5,1,,,0,0.0,1
c2m_000972_e4b93218,xy_2d,deinterleaving_pri_toa_amp_like,3,0,axial_symmetry|blobness_log_dog,noise_aware_silhouette|silhouette,2,0.0,1
c2m_000972_e4b93218,y_only,deinterleaving_pri_toa_amp_like,3,0,contour_graph_connectivity|min_centroid_distance,neighborhood_purity|noise_aware_silhouette,1,0.0,1
c2m_000975_6f27bea9,x_only,ladder_grid_lattice,4,0,noise_aware_silhouette,neighborhood_purity,0,0.0,1
c2m_000975_6f27bea9,xy_2d,ladder_grid_lattice,1,0,calinski_harabasz|neighborhood_purity|neighborhood_purity_multi_k|silhouette,gridness_fft_acf|hough_line_strength|min_centroid_distance|noise_aware_silhouette,0,-0.08403381555160105,0
c2m_000975_6f27bea9,y_only,ladder_grid_lattice,3,0,gridness_fft_acf|hough_line_strength,cluster_size_balance_entropy|min_centroid_distance,2,0.0,1
c2m_001000_f04853ec,x_only,polygons_rectangles_frames,3,0,blobness_log_dog|neighborhood_purity,min_centroid_distance|noise_aware_silhouette,1,0.0,1
c2m_001000_f04853ec,xy_2d,polygons_rectangles_frames,3,0,axial_symmetry|min_centroid_distance,calinski_harabasz|silhouette,1,0.38576839989152345,0
c2m_001000_f04853ec,y_only,polygons_rectangles_frames,2,0,arc_circle_fit|axial_symmetry|blobness_log_dog,gridness_fft_acf|min_centroid_distance|neighborhood_purity_multi_k,3,0.0,1
c2m_001001_dbcba996,x_only,hollow_topological_components,2,0,arc_circle_fit|ladderness|min_centroid_distance,blobness_log_dog|neighborhood_purity|neighborhood_purity_multi_k,2,0.0,1
c2m_001001_dbcba996,xy_2d,hollow_topological_components,3,0,arc_circle_fit|peak_to_background_hough,blobness_log_dog|hollow_score,2,0.0,1
c2m_001001_dbcba996,y_only,hollow_topological_components,0,0,axial_symmetry|curvature_consistency|ladderness|parallel_bands|ribbon_thickness,gridness_fft_acf|min_centroid_distance|neighborhood_purity|neighborhood_purity_multi_k|noise_aware_silhouette,5,0.006281919117454,0
c2m_001018_8f53f320,x_only,arcs_circles_rings,3,0,ladderness|min_intercluster_distance,neighborhood_purity|neighborhood_purity_multi_k,1,0.0,1
c2m_001018_8f53f320,xy_2d,arcs_circles_rings,3,0,davies_bouldin|direction_entropy,ladderness|silhouette,1,0.0,1
c2m_001018_8f53f320,y_only,arcs_circles_rings,4,0,gridness_fft_acf,min_centroid_distance,1,0.0,1
c2m_001021_08416b8b,x_only,piecewise_polylines_corners,5,1,,,0,0.0,1
c2m_001021_08416b8b,xy_2d,piecewise_polylines_corners,4,0,bimodality_anti_thickness,gridness_fft_acf,1,0.0,1
c2m_001021_08416b8b,y_only,piecewise_polylines_corners,5,1,,,0,0.0,1
c2m_001046_6528ebcf,x_only,hybrid_mixed_geometry,2,0,arc_circle_fit|connectivity_components|hollow_score,min_centroid_distance|neighborhood_purity|neighborhood_purity_multi_k,3,0.0,1
c2m_001046_6528ebcf,xy_2d,hybrid_mixed_geometry,2,0,cluster_size_balance_entropy|neighborhood_purity|neighborhood_purity_multi_k,blobness_log_dog|connectivity_components|min_centroid_distance,0,0.0,1
c2m_001046_6528ebcf,y_only,hybrid_mixed_geometry,3,0,contour_graph_connectivity|radial_uniformity,corner_junction_density|curvature_consistency,2,0.0,1
c2m_001052_6d8a4aaa,x_only,linear_bands_parallel_stripes,0,0,alpha_shape_compactness|axial_symmetry|cluster_size_balance_entropy|parallel_bands|ribbon_thickness,circularity_compactness|cluster_size_imbalance_entropy|ellipse_fit_score|gridness_2d|parabolicity,4,0.001785342632167353,0
c2m_001052_6d8a4aaa,xy_2d,linear_bands_parallel_stripes,2,0,axial_symmetry|connected_components_count|dbcv,curvature_consistency|radial_uniformity|ribbon_thickness,2,0.34399183411723067,0
c2m_001052_6d8a4aaa,y_only,linear_bands_parallel_stripes,4,0,alpha_shape_compactness,min_intercluster_distance,1,0.0953119884944722,0
c2m_001098_21ebbdee,x_only,texture_density_fields,3,0,connectivity_components|contour_graph_connectivity,gridness_fft_acf|min_centroid_distance,2,0.0,1
c2m_001098_21ebbdee,xy_2d,texture_density_fields,4,0,hollow_score,axial_symmetry,1,0.0,1
c2m_001098_21ebbdee,y_only,texture_density_fields,2,0,cluster_size_balance_entropy|direction_entropy|neighborhood_purity,connectivity_components|gridness_fft_acf|noise_aware_silhouette,1,0.005266057537540836,0
c2m_001100_b54333d9,x_only,radial_spiral_meander,1,0,axial_symmetry|hollow_score|min_intercluster_distance|neighborhood_purity,alpha_shape_compactness|cluster_size_balance_entropy|fractal_dimension|ribbon_thickness,2,-0.0008541242324823003,1
c2m_001100_b54333d9,xy_2d,radial_spiral_meander,3,0,blobness_log_dog|hough_line_strength,curvature_consistency|ladderness,2,0.0,1
c2m_001100_b54333d9,y_only,radial_spiral_meander,3,0,arc_circle_fit|avg_pca_isotropy,noise_aware_silhouette|silhouette,1,0.0,1
c2m_001106_b0784087,x_only,parabolic_curved_chains,4,0,min_intercluster_distance,min_centroid_distance,0,-0.015852538341157713,0
c2m_001106_b0784087,xy_2d,parabolic_curved_chains,3,0,dbcv|ribbon_thickness,neighborhood_purity|neighborhood_purity_multi_k,1,0.0,1
c2m_001106_b0784087,y_only,parabolic_curved_chains,4,0,blobness_log_dog,neighborhood_purity,1,0.0,1
c2m_001160_d5128557,x_only,ladder_grid_lattice,4,0,direction_entropy,min_centroid_distance,1,0.0,1
c2m_001160_d5128557,xy_2d,ladder_grid_lattice,0,0,alpha_shape_compactness|convexity_ratio|gridness_2d|morphological_band_count|mst_smoothness,cluster_size_balance_entropy|gridness_fft_acf|min_centroid_distance|noise_aware_silhouette|silhouette,5,0.051751205781965806,0
c2m_001160_d5128557,y_only,ladder_grid_lattice,1,0,contour_graph_connectivity|davies_bouldin|gridness_fft_acf|parallel_bands,cluster_size_balance_entropy|neighborhood_purity|neighborhood_purity_multi_k|silhouette,3,0.048203848555664994,1
c2m_001206_88fcf788,x_only,hollow_topological_components,3,0,avg_pca_isotropy|ladderness,neighborhood_purity|neighborhood_purity_multi_k,1,0.0,1
c2m_001206_88fcf788,xy_2d,hollow_topological_components,3,0,gridness_fft_acf|min_centroid_distance,arc_circle_fit|hollow_score,1,0.0,1
c2m_001206_88fcf788,y_only,hollow_topological_components,2,0,gridness_fft_acf|min_centroid_distance|noise_aware_silhouette,avg_pca_isotropy|neighborhood_purity_multi_k|silhouette,1,0.0,1
c2m_001215_70c90fba,x_only,piecewise_polylines_corners,3,0,avg_pca_isotropy|min_centroid_distance,neighborhood_purity|noise_aware_silhouette,0,0.0,1
c2m_001215_70c90fba,xy_2d,piecewise_polylines_corners,4,0,min_centroid_distance,calinski_harabasz,0,0.0,1
c2m_001215_70c90fba,y_only,piecewise_polylines_corners,4,0,avg_pca_isotropy,gridness_fft_acf,0,0.0,1
c2m_001233_bff0811a,x_only,deinterleaving_pri_toa_amp_like,1,0,connectivity_components|hollow_score|min_centroid_distance|morphological_band_count,arc_circle_fit|cluster_size_balance_entropy|neighborhood_purity|neighborhood_purity_multi_k,3,0.0,1
c2m_001233_bff0811a,xy_2d,deinterleaving_pri_toa_amp_like,2,0,axial_symmetry|blobness_log_dog|connectivity_components,cluster_size_balance_entropy|gridness_fft_acf|min_centroid_distance,3,0.022562749085136335,0
c2m_001233_bff0811a,y_only,deinterleaving_pri_toa_amp_like,3,0,hollow_score|silhouette,neighborhood_purity|parallel_bands,1,0.27809406412027426,0
c2m_001237_feb15c03,x_only,arcs_circles_rings,1,0,axial_symmetry|cluster_size_balance_entropy|connected_components_count|contour_graph_connectivity,min_centroid_distance|neighborhood_purity|neighborhood_purity_multi_k|ribbon_thickness,3,-0.0017119749618316991,1
c2m_001237_feb15c03,xy_2d,arcs_circles_rings,3,0,direction_entropy|peak_to_background_hough,blobness_log_dog|gridness_fft_acf,2,0.0,1
c2m_001237_feb15c03,y_only,arcs_circles_rings,3,0,arc_circle_fit|blobness_log_dog,gridness_fft_acf|noise_aware_silhouette,2,0.0,1
c2m_001293_6b5418f7,x_only,hybrid_mixed_geometry,3,0,avg_pca_isotropy|noise_aware_silhouette,neighborhood_purity|neighborhood_purity_multi_k,0,0.0,1
c2m_001293_6b5418f7,xy_2d,hybrid_mixed_geometry,2,0,blobness_log_dog|gridness_fft_acf|hough_line_strength,davies_bouldin|noise_aware_silhouette|silhouette,3,0.0,1
c2m_001293_6b5418f7,y_only,hybrid_mixed_geometry,2,0,arc_circle_fit|blobness_log_dog|davies_bouldin,neighborhood_purity|noise_aware_silhouette|silhouette,2,0.0,1
c2m_001296_871e340b,x_only,linear_bands_parallel_stripes,4,0,direction_entropy,noise_aware_silhouette,1,0.0,1
c2m_001296_871e340b,xy_2d,linear_bands_parallel_stripes,0,0,connected_components_count|corner_junction_density|corner_sharpness|glcm_haralick|mst_smoothness,axial_symmetry|eccentricity_ratio|gridness_fft_acf|line_straightness|ribbon_thickness,5,0.1799399957697559,0
c2m_001296_871e340b,y_only,linear_bands_parallel_stripes,2,0,connected_components_count|connectivity_components|min_intercluster_distance,alpha_shape_compactness|neighborhood_purity_multi_k|silhouette,2,0.013235913005660703,0
c2m_001307_ef480d67,x_only,hybrid_mixed_geometry,3,0,min_centroid_distance|min_intercluster_distance,gridness_fft_acf|noise_aware_silhouette,0,0.0,1
c2m_001307_ef480d67,xy_2d,hybrid_mixed_geometry,2,0,blobness_log_dog|neighborhood_purity_multi_k|polygonality,min_centroid_distance|noise_aware_silhouette|silhouette,2,0.0,1
c2m_001307_ef480d67,y_only,hybrid_mixed_geometry,4,0,noise_aware_silhouette,min_centroid_distance,0,0.0,1
c2m_001495_1ff13c31,x_only,deinterleaving_pri_toa_amp_like,0,0,cluster_size_imbalance_entropy|euler_holes_count|ladderness|lbp_stationarity|ribbon_thickness,alpha_shape_compactness|connectivity_components|contour_graph_connectivity|convexity_ratio|glcm_haralick,4,0.031885384281126,0
c2m_001495_1ff13c31,xy_2d,deinterleaving_pri_toa_amp_like,0,0,bimodality_anti_thickness|cluster_size_imbalance_entropy|curvature_consistency|line_straightness|turning_points_count,corner_junction_density|fractal_dimension|glcm_haralick|periodicity_1d|skeleton_connectivity,4,0.23593013454522838,0
c2m_001495_1ff13c31,y_only,deinterleaving_pri_toa_amp_like,3,0,direction_entropy|silhouette,neighborhood_purity|noise_aware_silhouette,1,0.0,1
c2m_001516_6652fef6,x_only,arcs_circles_rings,2,0,alpha_shape_compactness|cluster_size_balance_entropy|contour_graph_connectivity,corner_junction_density|fractal_dimension|glcm_haralick,2,0.1037396319215578,0
c2m_001516_6652fef6,xy_2d,arcs_circles_rings,1,0,connected_components_count|contour_graph_connectivity|hough_circle_arc_strength|ridge_strength,cluster_size_imbalance_entropy|gridness_2d|thickness_uniformity|turning_points_count,4,-0.2742393253012281,1
c2m_001516_6652fef6,y_only,arcs_circles_rings,1,0,connected_components_count|contour_graph_connectivity|hough_circle_arc_strength|parallel_bands,corner_junction_density|fractal_dimension|lbp_stationarity|periodicity_1d,4,-0.003361347246111701,1
c2m_001574_dbbaeaab,x_only,hybrid_mixed_geometry,3,0,avg_pca_isotropy|curvature_consistency,gridness_fft_acf|neighborhood_purity,1,-0.0013523277882747653,0
c2m_001574_dbbaeaab,xy_2d,hybrid_mixed_geometry,3,0,arc_circle_fit|hollow_score,gridness_fft_acf|hough_line_strength,2,0.0,1
c2m_001574_dbbaeaab,y_only,hybrid_mixed_geometry,2,0,avg_pca_isotropy|blobness_log_dog|direction_entropy,neighborhood_purity|neighborhood_purity_multi_k|noise_aware_silhouette,2,0.0,1
c2m_001842_af7eaa8d,x_only,hybrid_mixed_geometry,4,0,radial_uniformity,convexity_ratio,1,0.0019117189399822099,0
c2m_001842_af7eaa8d,xy_2d,hybrid_mixed_geometry,2,0,cluster_size_balance_entropy|eccentricity_ratio|line_straightness,axial_symmetry|gridness_fft_acf|ladderness,2,0.0,1
c2m_001842_af7eaa8d,y_only,hybrid_mixed_geometry,5,1,,,0,0.0,1
c2vh_000033_944899ec,x_only,radial_spiral_meander,3,0,blobness_log_dog|direction_entropy,neighborhood_purity|neighborhood_purity_multi_k,2,0.0,1
c2vh_000033_944899ec,xy_2d,radial_spiral_meander,3,0,ellipse_fit_score|neighborhood_purity,axial_symmetry|calinski_harabasz,1,0.016378562052096646,0
c2vh_000033_944899ec,y_only,radial_spiral_meander,3,0,direction_entropy|hough_line_strength,neighborhood_purity|neighborhood_purity_multi_k,2,-0.03041341887417559,0
c2vh_000036_fb2a4d13,x_only,parabolic_curved_chains,5,1,,,0,0.0,1
c2vh_000036_fb2a4d13,xy_2d,parabolic_curved_chains,0,0,blobness_log_dog|hough_line_strength|min_centroid_distance|morphological_band_count|parabolicity,alpha_shape_compactness|calinski_harabasz|connectivity_components|convexity_ratio|noise_aware_silhouette,4,0.21627802347508263,0
c2vh_000036_fb2a4d13,y_only,parabolic_curved_chains,1,0,min_centroid_distance|neighborhood_purity|neighborhood_purity_multi_k|silhouette,corner_junction_density|gridness_fft_acf|parallel_bands|ribbon_thickness,0,0.1679374751552589,0
c2vh_000042_2c471a6c,x_only,linear_bands_parallel_stripes,1,0,alpha_shape_compactness|axial_symmetry|morphological_band_count|polygonality,corner_junction_density|glcm_haralick|ribbon_thickness|skeleton_connectivity,4,0.007265117465577901,1
c2vh_000042_2c471a6c,xy_2d,linear_bands_parallel_stripes,2,0,alpha_shape_compactness|axial_symmetry|ridge_strength,connectivity_components|curvature_consistency|gridness_fft_acf,3,-0.007180304408028498,1
c2vh_000042_2c471a6c,y_only,linear_bands_parallel_stripes,3,0,gridness_fft_acf|morphological_band_count,min_centroid_distance|silhouette,2,0.12666567650820887,0
c2vh_000044_1f467c26,x_only,hybrid_mixed_geometry,2,0,avg_pca_isotropy|axial_symmetry|noise_aware_silhouette,gridness_fft_acf|min_centroid_distance|neighborhood_purity_multi_k,1,0.23531432241592928,0
c2vh_000044_1f467c26,xy_2d,hybrid_mixed_geometry,2,0,connectivity_components|contour_graph_connectivity|radial_uniformity,blobness_log_dog|calinski_harabasz|min_centroid_distance,3,0.0,1
c2vh_000044_1f467c26,y_only,hybrid_mixed_geometry,5,1,,,0,0.0,1
c2vh_000212_3679f806,x_only,radial_spiral_meander,5,1,,,0,0.0,1
c2vh_000212_3679f806,xy_2d,radial_spiral_meander,4,0,avg_pca_isotropy,blobness_log_dog,0,0.015035803256385982,0
c2vh_000212_3679f806,y_only,radial_spiral_meander,3,0,direction_entropy|neighborhood_purity,noise_aware_silhouette|silhouette,1,0.0,1
c2vh_000213_13115db2,x_only,texture_density_fields,4,0,neighborhood_purity_multi_k,min_centroid_distance,0,0.0,1
c2vh_000213_13115db2,xy_2d,texture_density_fields,3,0,calinski_harabasz|min_centroid_distance,neighborhood_purity|neighborhood_purity_multi_k,0,0.00011013729999753696,0
c2vh_000213_13115db2,y_only,texture_density_fields,2,0,axial_symmetry|gridness_fft_acf|neighborhood_purity,avg_pca_isotropy|min_centroid_distance|noise_aware_silhouette,2,0.0057953232936232,0
c2vh_000225_80d7714b,x_only,hollow_topological_components,3,0,avg_pca_isotropy|axial_symmetry,neighborhood_purity_multi_k|noise_aware_silhouette,1,0.0,1
c2vh_000225_80d7714b,xy_2d,hollow_topological_components,2,0,blobness_log_dog|polygonality|rectangularity,avg_pca_isotropy|calinski_harabasz|min_centroid_distance,3,0.0024546075214869623,0
c2vh_000225_80d7714b,y_only,hollow_topological_components,3,0,direction_entropy|gridness_2d,neighborhood_purity|neighborhood_purity_multi_k,2,0.0,1
c2vh_000260_80bca07b,x_only,linear_bands_parallel_stripes,1,0,avg_within_cluster_dispersion|davies_bouldin|mst_smoothness|parallel_bands,corner_junction_density|eccentricity_ratio|ribbon_thickness|skeleton_connectivity,2,0.001890344440081,0
c2vh_000260_80bca07b,xy_2d,linear_bands_parallel_stripes,2,0,cluster_size_imbalance_entropy|lbp_stationarity|radial_uniformity,ribbon_thickness|ridge_strength|thickness_uniformity,2,0.1780850281226483,0
c2vh_000260_80bca07b,y_only,linear_bands_parallel_stripes,4,0,parallel_bands,cluster_size_balance_entropy,1,0.031178407028502386,1
c2vh_000282_4fb24d58,x_only,deinterleaving_pri_toa_amp_like,0,0,avg_within_cluster_dispersion|bimodality_anti_thickness|connected_components_count|s_dbw|skeleton_connectivity,calinski_harabasz|corner_junction_density|glcm_haralick|parallel_bands|ribbon_thickness,3,0.0133104887090659,0
c2vh_000282_4fb24d58,xy_2d,deinterleaving_pri_toa_amp_like,4,0,contour_graph_connectivity,ridge_strength,1,0.0,1
c2vh_000282_4fb24d58,y_only,deinterleaving_pri_toa_amp_like,2,0,contour_graph_connectivity|direction_entropy|neighborhood_purity_multi_k,gridness_fft_acf|parallel_bands|ribbon_thickness,2,0.0,1
c2vh_000294_30338662,x_only,hybrid_mixed_geometry,4,0,min_centroid_distance,neighborhood_purity_multi_k,0,0.0,1
c2vh_000294_30338662,xy_2d,hybrid_mixed_geometry,2,0,avg_pca_isotropy|min_intercluster_distance|neighborhood_purity,calinski_harabasz|gridness_fft_acf|neighborhood_purity_multi_k,0,0.0,1
c2vh_000294_30338662,y_only,hybrid_mixed_geometry,3,0,cluster_size_balance_entropy|gridness_2d,gridness_fft_acf|neighborhood_purity_multi_k,1,0.0068591973848911025,0
c2vh_000350_4d620d0f,x_only,polygons_rectangles_frames,0,0,avg_within_cluster_dispersion|dbcv|eccentricity_ratio|line_straightness|turning_points_count,cluster_size_balance_entropy|min_centroid_distance|neighborhood_purity|neighborhood_purity_multi_k|noise_aware_silhouette,3,0.00140165468364078,0
c2vh_000350_4d620d0f,xy_2d,polygons_rectangles_frames,4,0,calinski_harabasz,convexity_solidity_image,0,0.0,1
c2vh_000350_4d620d0f,y_only,polygons_rectangles_frames,3,0,cluster_size_balance_entropy|neighborhood_purity,neighborhood_purity_multi_k|silhouette,0,0.0,1
c2vh_000392_229721c6,x_only,texture_density_fields,4,0,silhouette,cluster_size_balance_entropy,0,-0.001546362566941302,0
c2vh_000392_229721c6,xy_2d,texture_density_fields,3,0,avg_pca_isotropy|neighborhood_purity,calinski_harabasz|gridness_fft_acf,0,0.0,1
c2vh_000392_229721c6,y_only,texture_density_fields,4,0,alpha_shape_compactness,neighborhood_purity_multi_k,1,0.0003937071974355888,0
c2vh_000426_bf022727,x_only,hollow_topological_components,3,0,contour_graph_connectivity|min_intercluster_distance,gridness_fft_acf|neighborhood_purity_multi_k,1,0.0,1
c2vh_000426_bf022727,xy_2d,hollow_topological_components,3,0,neighborhood_purity|neighborhood_purity_multi_k,gridness_fft_acf|silhouette,0,0.0,1
c2vh_000426_bf022727,y_only,hollow_topological_components,1,0,avg_pca_isotropy|blobness_log_dog|direction_entropy|min_centroid_distance,hough_line_strength|neighborhood_purity_multi_k|noise_aware_silhouette|parallel_bands,2,0.0039634699210134,0
c2vh_000439_be099c89,x_only,arcs_circles_rings,4,0,noise_aware_silhouette,min_centroid_distance,0,0.0,1
c2vh_000439_be099c89,xy_2d,arcs_circles_rings,3,0,connected_components_count|silhouette,calinski_harabasz|neighborhood_purity_multi_k,1,0.009204523076249083,0
c2vh_000439_be099c89,y_only,arcs_circles_rings,3,0,avg_pca_isotropy|hough_line_strength,neighborhood_purity|neighborhood_purity_multi_k,1,0.0,1
c2vh_000528_bbce3d65,x_only,deinterleaving_pri_toa_amp_like,1,0,axial_symmetry|connected_components_count|ribbon_thickness|symmetry_score,convexity_ratio|corner_junction_density|glcm_haralick|skeleton_connectivity,4,0.0,1
c2vh_000528_bbce3d65,xy_2d,deinterleaving_pri_toa_amp_like,1,0,cluster_size_imbalance_entropy|eccentricity_ratio|gridness_2d|ladderness,connected_components_count|fractal_dimension|skeleton_connectivity|thickness_uniformity,3,0.1503442589658312,0
c2vh_000528_bbce3d65,y_only,deinterleaving_pri_toa_amp_like,2,0,axial_symmetry|connected_components_count|symmetry_score,gridness_fft_acf|min_centroid_distance|neighborhood_purity,3,0.0668255227120263,0
c2vh_000554_cb65a4c5,x_only,hybrid_mixed_geometry,0,0,arc_circle_fit|avg_pca_isotropy|blobness_log_dog|hough_line_strength|parabolicity,alpha_shape_compactness|axial_symmetry|convexity_ratio|ribbon_thickness|silhouette,4,0.1352035216147507,0
c2vh_000554_cb65a4c5,xy_2d,hybrid_mixed_geometry,0,0,direction_entropy|min_intercluster_distance|neighborhood_purity|neighborhood_purity_multi_k|peak_to_background_hough,connected_components_count|connectivity_components|convexity_ratio|noise_aware_silhouette|silhouette,2,0.30550779125913013,0
c2vh_000554_cb65a4c5,y_only,hybrid_mixed_geometry,4,0,gridness_fft_acf,silhouette,1,0.0,1
c2vh_000603_a7e94504,x_only,ladder_grid_lattice,3,0,connectivity_components|direction_entropy,cluster_size_balance_entropy|noise_aware_silhouette,2,0.02591347628829882,0
c2vh_000603_a7e94504,xy_2d,ladder_grid_lattice,2,0,axial_symmetry|gridness_fft_acf|min_centroid_distance,calinski_harabasz|corner_junction_density|glcm_haralick,2,0.13769931044868738,0
c2vh_000603_a7e94504,y_only,ladder_grid_lattice,0,0,curvature_consistency|glcm_haralick|parallel_bands|radial_uniformity|ribbon_thickness,cluster_size_balance_entropy|gridness_fft_acf|min_centroid_distance|neighborhood_purity_multi_k|noise_aware_silhouette,5,0.010431079074128699,0
c2vh_000640_ac1c8703,x_only,arcs_circles_rings,4,0,direction_entropy,neighborhood_purity_multi_k,1,0.0,1
c2vh_000640_ac1c8703,xy_2d,arcs_circles_rings,2,0,hough_line_strength|morphological_band_count|polygonality,calinski_harabasz|min_centroid_distance|noise_aware_silhouette,3,-0.0015937740406410938,0
c2vh_000640_ac1c8703,y_only,arcs_circles_rings,4,0,direction_entropy,min_centroid_distance,1,0.07270458410567121,0
c2vh_000796_2c33d5aa,x_only,ladder_grid_lattice,2,0,cluster_size_balance_entropy|hough_line_strength|neighborhood_purity,connectivity_components|gridness_fft_acf|min_centroid_distance,1,0.014670313616128194,0
c2vh_000796_2c33d5aa,xy_2d,ladder_grid_lattice,2,0,eccentricity_ratio|morphological_band_count|radial_uniformity,calinski_harabasz|noise_aware_silhouette|silhouette,3,-0.0006852006827887946,0
c2vh_000796_2c33d5aa,y_only,ladder_grid_lattice,2,0,connected_components_count|parallel_bands|symmetry_score,gridness_fft_acf|min_centroid_distance|neighborhood_purity_multi_k,3,0.0187185173071943,0
c2vh_000814_01d2606c,x_only,hybrid_mixed_geometry,4,0,axial_symmetry,avg_pca_isotropy,1,0.0005063358739106905,0
c2vh_000814_01d2606c,xy_2d,hybrid_mixed_geometry,3,0,avg_pca_isotropy|silhouette,gridness_fft_acf|neighborhood_purity_multi_k,0,0.0005809546243731312,0
c2vh_000814_01d2606c,y_only,hybrid_mixed_geometry,2,0,axial_symmetry|min_centroid_distance|radial_uniformity,gridness_fft_acf|neighborhood_purity_multi_k|silhouette,2,0.0012503460445526526,0
c2vh_000835_e7040dec,x_only,arcs_circles_rings,2,0,direction_entropy|min_centroid_distance|min_intercluster_distance,gridness_fft_acf|neighborhood_purity|neighborhood_purity_multi_k,1,0.0,1
c2vh_000835_e7040dec,xy_2d,arcs_circles_rings,3,0,polygonality|silhouette,gridness_fft_acf|neighborhood_purity_multi_k,1,0.0025705064514490727,0
c2vh_000835_e7040dec,y_only,arcs_circles_rings,1,0,cluster_size_balance_entropy|connectivity_components|direction_entropy|morphological_band_count,gridness_fft_acf|min_centroid_distance|neighborhood_purity|neighborhood_purity_multi_k,3,0.005581036173094699,0
c2vh_000935_e3a47361,x_only,texture_density_fields,3,0,avg_pca_isotropy|connected_components_count,gridness_fft_acf|silhouette,1,-3.0987474555876915e-05,0
c2vh_000935_e3a47361,xy_2d,texture_density_fields,2,0,ellipse_fit_score|neighborhood_purity_multi_k|polygonality,calinski_harabasz|gridness_fft_acf|silhouette,2,0.0014112279156694996,0
c2vh_000935_e3a47361,y_only,texture_density_fields,3,0,blobness_log_dog|noise_aware_silhouette,min_centroid_distance|neighborhood_purity,1,0.008127780199460297,0
c2vh_000994_5a24e826,x_only,ladder_grid_lattice,1,0,direction_entropy|min_centroid_distance|neighborhood_purity|silhouette,axial_symmetry|convexity_ratio|parallel_bands|ribbon_thickness,1,0.18768474481133063,0
c2vh_000994_5a24e826,xy_2d,ladder_grid_lattice,3,0,connectivity_components|min_centroid_distance,calinski_harabasz|cluster_size_balance_entropy,1,0.04104263133066899,0
c2vh_000994_5a24e826,y_only,ladder_grid_lattice,1,0,connected_components_count|convexity_ratio|morphological_band_count|symmetry_score,connectivity_components|gridness_fft_acf|noise_aware_silhouette|ribbon_thickness,4,0.014519715392362596,0
c2vh_001026_850426c7,x_only,polygons_rectangles_frames,4,0,connected_components_count,noise_aware_silhouette,1,0.0,1
c2vh_001026_850426c7,xy_2d,polygons_rectangles_frames,3,0,calinski_harabasz|ellipse_fit_score,neighborhood_purity_multi_k|silhouette,1,-0.006711184588730323,0
c2vh_001026_850426c7,y_only,polygons_rectangles_frames,4,0,cluster_size_balance_entropy,gridness_fft_acf,0,0.0,1
c2vh_001066_0ab8d930,x_only,hybrid_mixed_geometry,4,0,gridness_fft_acf,cluster_size_balance_entropy,1,0.0,1
c2vh_001066_0ab8d930,xy_2d,hybrid_mixed_geometry,0,0,gridness_fft_acf|min_centroid_distance|neighborhood_purity|neighborhood_purity_multi_k|noise_aware_silhouette,convexity_ratio|convexity_solidity_image|corner_junction_density|ellipse_fit_score|rectangularity,1,0.4481323257668435,0
c2vh_001066_0ab8d930,y_only,hybrid_mixed_geometry,3,0,avg_pca_isotropy|cluster_size_balance_entropy,gridness_fft_acf|neighborhood_purity_multi_k,0,0.0,1
c2vh_001114_db748667,x_only,texture_density_fields,4,0,neighborhood_purity,noise_aware_silhouette,0,0.0,1
c2vh_001114_db748667,xy_2d,texture_density_fields,2,0,min_centroid_distance|morphological_band_count|silhouette,avg_pca_isotropy|calinski_harabasz|radial_uniformity,1,0.16920955666625281,0
c2vh_001114_db748667,y_only,texture_density_fields,4,0,neighborhood_purity,noise_aware_silhouette,0,0.0,1
c2vh_001178_c0dc81ee,x_only,ladder_grid_lattice,1,0,blobness_log_dog|direction_entropy|min_centroid_distance|silhouette,axial_symmetry|connectivity_components|convexity_ratio|symmetry_score,2,0.1110946910740972,0
c2vh_001178_c0dc81ee,xy_2d,ladder_grid_lattice,1,0,blobness_log_dog|gridness_fft_acf|polygonality|silhouette,alpha_shape_compactness|calinski_harabasz|corner_junction_density|glcm_haralick,3,0.19639006263582562,1
c2vh_001178_c0dc81ee,y_only,ladder_grid_lattice,0,0,cluster_size_balance_entropy|connectivity_components|hough_line_strength|parallel_bands|ribbon_thickness,gridness_fft_acf|min_centroid_distance|neighborhood_purity|neighborhood_purity_multi_k|silhouette,4,0.003481585226559697,0
c2vh_001256_47f70bc1,x_only,deinterleaving_pri_toa_amp_like,2,0,arc_circle_fit|cluster_size_balance_entropy|connectivity_components,min_centroid_distance|neighborhood_purity|noise_aware_silhouette,2,0.13588562139471738,0
c2vh_001256_47f70bc1,xy_2d,deinterleaving_pri_toa_amp_like,3,0,arc_circle_fit|blobness_log_dog,gridness_fft_acf|min_centroid_distance,2,0.07815890027822503,0
c2vh_001256_47f70bc1,y_only,deinterleaving_pri_toa_amp_like,2,0,axial_symmetry|min_intercluster_distance|parallel_bands,cluster_size_balance_entropy|noise_aware_silhouette|silhouette,2,-0.0110251355977493,0
c2vh_001275_ff9338c2,x_only,arcs_circles_rings,2,0,hough_line_strength|morphological_band_count|neighborhood_purity,connectivity_components|gridness_fft_acf|min_centroid_distance,2,0.0035818913021044008,0
c2vh_001275_ff9338c2,xy_2d,arcs_circles_rings,3,0,blobness_log_dog|ellipse_fit_score,calinski_harabasz|min_centroid_distance,2,0.0,1
c2vh_001275_ff9338c2,y_only,arcs_circles_rings,3,0,blobness_log_dog|noise_aware_silhouette,neighborhood_purity|neighborhood_purity_multi_k,1,0.0,1
c2vh_001332_f96fed84,x_only,hybrid_mixed_geometry,3,0,axial_symmetry|connected_components_count,gridness_fft_acf|noise_aware_silhouette,2,0.0029119338344579977,0
c2vh_001332_f96fed84,xy_2d,hybrid_mixed_geometry,2,0,avg_pca_isotropy|dbcv|gridness_fft_acf,calinski_harabasz|neighborhood_purity|neighborhood_purity_multi_k,1,-0.000990402944141211,0
c2vh_001332_f96fed84,y_only,hybrid_mixed_geometry,3,0,contour_graph_connectivity|neighborhood_purity,avg_pca_isotropy|noise_aware_silhouette,1,0.0013170137182165753,0
c2vh_001522_dca1d87b,x_only,deinterleaving_pri_toa_amp_like,4,0,silhouette,cluster_size_balance_entropy,0,0.0612303996007043,0
c2vh_001522_dca1d87b,xy_2d,deinterleaving_pri_toa_amp_like,0,0,axial_symmetry|curvature_consistency|direction_entropy|hough_line_strength|ladderness,alpha_shape_compactness|calinski_harabasz|connectivity_components|convexity_ratio|gridness_fft_acf,5,0.2880119495366203,1
c2vh_001522_dca1d87b,y_only,deinterleaving_pri_toa_amp_like,2,0,direction_entropy|hough_line_strength|neighborhood_purity,min_centroid_distance|noise_aware_silhouette|silhouette,2,0.06836195061476197,0
c2vh_001538_fac4fc6a,x_only,arcs_circles_rings,0,0,connected_components_count|contour_graph_connectivity|glcm_haralick|parallel_bands|ribbon_thickness,gridness_fft_acf|min_centroid_distance|neighborhood_purity|neighborhood_purity_multi_k|silhouette,5,0.0539316535847274,0
c2vh_001538_fac4fc6a,xy_2d,arcs_circles_rings,0,0,curvature_consistency|fractal_dimension|skeleton_connectivity|symmetry_score|thickness_uniformity,avg_pca_isotropy|connectivity_components|convexity_solidity_image|gridness_fft_acf|noise_aware_silhouette,5,0.0613970529769144,1
c2vh_001538_fac4fc6a,y_only,arcs_circles_rings,2,0,convexity_ratio|corner_junction_density|radial_uniformity,gridness_fft_acf|neighborhood_purity|noise_aware_silhouette,3,-0.0015535873448990073,1
c2vh_001871_8ef20511,x_only,hybrid_mixed_geometry,2,0,gridness_fft_acf|neighborhood_purity|symmetry_score,convexity_ratio|hough_line_strength|ribbon_thickness,2,0.039479689901279896,0
c2vh_001871_8ef20511,xy_2d,hybrid_mixed_geometry,0,0,calinski_harabasz|cluster_size_balance_entropy|connectivity_components|ellipse_fit_score|morphological_band_count,alpha_shape_compactness|convexity_solidity_image|corner_junction_density|glcm_haralick|periodicity_1d,3,0.25087484219377965,1
c2vh_001871_8ef20511,y_only,hybrid_mixed_geometry,3,0,axial_symmetry|connected_components_count,min_centroid_distance|neighborhood_purity_multi_k,2,0.0,1
c3e_000038_18c5e658,x_only,radial_spiral_meander,3,0,direction_entropy|neighborhood_purity_multi_k,contour_graph_connectivity|noise_aware_silhouette,1,-0.1412311854750311,1
c3e_000038_18c5e658,xy_2d,radial_spiral_meander,3,0,radial_uniformity|s_dbw,connected_components_count|noise_aware_silhouette,1,0.0,1
c3e_000038_18c5e658,y_only,radial_spiral_meander,3,0,cluster_size_balance_entropy|radial_uniformity,connected_components_count|contour_graph_connectivity,1,0.1345523928811556,0
c3e_000038_a8c88061,x_only,polygons_rectangles_frames,4,0,arc_circle_fit,cluster_size_balance_entropy,1,0.0,1
c3e_000038_a8c88061,xy_2d,polygons_rectangles_frames,2,0,cluster_size_balance_entropy|convexity_ratio|s_dbw,avg_pca_isotropy|noise_aware_silhouette|silhouette,1,0.0,1
c3e_000038_a8c88061,y_only,polygons_rectangles_frames,2,0,axial_symmetry|cluster_size_balance_entropy|contour_graph_connectivity,neighborhood_purity|neighborhood_purity_multi_k|noise_aware_silhouette,2,0.0,1
c3e_000041_d8ccc9c7,x_only,parabolic_curved_chains,4,0,noise_aware_silhouette,cluster_size_balance_entropy,0,-0.05500909754598843,0
c3e_000041_d8ccc9c7,xy_2d,parabolic_curved_chains,0,0,cluster_size_balance_entropy|min_centroid_distance|min_intercluster_distance|neighborhood_purity|neighborhood_purity_multi_k,calinski_harabasz|connectivity_components|noise_aware_silhouette|parabolicity|silhouette,0,-0.0014542317667703974,0
c3e_000041_d8ccc9c7,y_only,parabolic_curved_chains,1,0,calinski_harabasz|connected_components_count|contour_graph_connectivity|corner_junction_density,min_intercluster_distance|neighborhood_purity|neighborhood_purity_multi_k|turning_points_count,3,-0.0092840519067693,0
c3e_000042_e5bfa568,x_only,piecewise_polylines_corners,4,0,parabolicity,arc_circle_fit,1,-0.023438683699909313,1
c3e_000042_e5bfa568,xy_2d,piecewise_polylines_corners,1,0,bimodality_anti_thickness|curvature_consistency|direction_entropy|piecewise_linearity,arc_circle_fit|hough_line_strength|morphological_band_count|parabolicity,4,0.03161875169588679,0
c3e_000042_e5bfa568,y_only,piecewise_polylines_corners,0,0,blobness_log_dog|gridness_fft_acf|min_centroid_distance|neighborhood_purity_multi_k|noise_aware_silhouette,alpha_shape_compactness|axial_symmetry|parallel_bands|radial_uniformity|ribbon_thickness,2,0.03446079356567311,0
c3e_000043_1130207c,x_only,arcs_circles_rings,4,0,piecewise_linearity,gridness_fft_acf,1,0.1379552377021691,1
c3e_000043_1130207c,xy_2d,arcs_circles_rings,4,0,arc_circle_fit,dbcv,1,0.0,1
c3e_000043_1130207c,y_only,arcs_circles_rings,3,0,arc_circle_fit|parallel_bands,connected_components_count|connectivity_components,2,0.0,1
c3e_000047_e107b171,x_only,texture_density_fields,2,0,alpha_shape_compactness|corner_junction_density|ridge_strength,connected_components_count|convexity_ratio|ribbon_thickness,3,0.01913653750856059,1
c3e_000047_e107b171,xy_2d,texture_density_fields,3,0,axial_symmetry|silhouette,connected_components_count|corner_junction_density,1,0.4298559744804732,0
c3e_000047_e107b171,y_only,texture_density_fields,3,0,axial_symmetry|radial_uniformity,davies_bouldin|min_intercluster_distance,2,0.0,1
c3e_000052_1c90ac9f,x_only,deinterleaving_pri_toa_amp_like,0,0,gridness_fft_acf|hollow_score|neighborhood_purity|neighborhood_purity_multi_k|silhouette,eccentricity_ratio|ellipse_fit_score|gridness_2d|parabolicity|radial_uniformity,2,0.0013617037993305606,0
c3e_000052_1c90ac9f,xy_2d,deinterleaving_pri_toa_amp_like,3,0,bimodality_anti_thickness|contour_graph_connectivity,connectivity_components|convexity_ratio,2,0.0,1
c3e_000052_1c90ac9f,y_only,deinterleaving_pri_toa_amp_like,0,0,axial_symmetry|ladderness|neighborhood_purity|neighborhood_purity_multi_k|noise_aware_silhouette,calinski_harabasz|cluster_size_balance_entropy|curvature_consistency|gridness_fft_acf|ribbon_thickness,2,-0.0304516813777419,0
c3e_000055_17e51faa,x_only,hybrid_mixed_geometry,2,0,cluster_size_imbalance_entropy|gridness_fft_acf|silhouette,alpha_shape_compactness|avg_pca_isotropy|connectivity_components,1,0.03134067192064649,0
c3e_000055_17e51faa,xy_2d,hybrid_mixed_geometry,1,0,avg_pca_isotropy|convexity_ratio|mst_smoothness|symmetry_score,calinski_harabasz|connectivity_components|davies_bouldin|silhouette,3,0.06296236645016856,0
c3e_000055_17e51faa,y_only,hybrid_mixed_geometry,1,0,alpha_shape_compactness|parallel_bands|radial_uniformity|ribbon_thickness,gridness_fft_acf|min_centroid_distance|noise_aware_silhouette|silhouette,4,0.030945812014261498,0
c3e_000189_877dca90,x_only,standard_clustering_blobs,4,0,morphological_band_count,neighborhood_purity_multi_k,1,0.0,1
c3e_000189_877dca90,xy_2d,standard_clustering_blobs,1,0,axial_symmetry|connectivity_components|noise_aware_silhouette|silhouette,alpha_shape_compactness|avg_pca_isotropy|calinski_harabasz|convexity_ratio,2,0.27157694791329434,0
c3e_000189_877dca90,y_only,standard_clustering_blobs,4,0,gridness_fft_acf,avg_pca_isotropy,1,0.0,1
c3e_000194_fa481376,x_only,polygons_rectangles_frames,3,0,arc_circle_fit|axial_symmetry,avg_pca_isotropy|convexity_ratio,2,0.0,1
c3e_000194_fa481376,xy_2d,polygons_rectangles_frames,1,0,axial_symmetry|curvature_consistency|ladderness|symmetry_score,arc_circle_fit|avg_pca_isotropy|calinski_harabasz|hollow_score,4,0.13047788613536737,1
c3e_000194_fa481376,y_only,polygons_rectangles_frames,3,0,arc_circle_fit|axial_symmetry,avg_pca_isotropy|dbcv,2,0.0,1
c3e_000227_161c0e4b,x_only,ladder_grid_lattice,3,0,direction_entropy|min_centroid_distance,noise_aware_silhouette|ribbon_thickness,1,0.050294325006430884,0
c3e_000227_161c0e4b,xy_2d,ladder_grid_lattice,2,0,min_centroid_distance|neighborhood_purity|neighborhood_purity_multi_k,calinski_harabasz|gridness_fft_acf|silhouette,0,0.03338248811932451,0
c3e_000227_161c0e4b,y_only,ladder_grid_lattice,4,0,silhouette,ribbon_thickness,0,0.0,1
c3e_000227_c1d41712,x_only,parabolic_curved_chains,4,0,noise_aware_silhouette,cluster_size_balance_entropy,0,0.006144923577807493,0
c3e_000227_c1d41712,xy_2d,parabolic_curved_chains,2,0,cluster_size_balance_entropy|convexity_ratio|min_intercluster_distance,avg_within_cluster_dispersion|glcm_haralick|skeleton_connectivity,1,0.0,1
c3e_000227_c1d41712,y_only,parabolic_curved_chains,2,0,calinski_harabasz|fractal_dimension|noise_aware_silhouette,corner_junction_density|curvature_consistency|thickness_uniformity,1,0.0030105194128928897,0
c3e_000239_a8e11170,x_only,hollow_topological_components,2,0,davies_bouldin|dbcv|hough_circle_arc_strength,avg_pca_isotropy|neighborhood_purity_multi_k|noise_aware_silhouette,1,0.0,1
c3e_000239_a8e11170,xy_2d,hollow_topological_components,3,0,ellipse_fit_score|hough_circle_arc_strength,avg_pca_isotropy|cluster_size_balance_entropy,2,-0.02069666006686599,0
c3e_000239_a8e11170,y_only,hollow_topological_components,4,0,noise_aware_silhouette,gridness_fft_acf,0,0.0,1
c3e_000241_bc27bd2b,x_only,piecewise_polylines_corners,2,0,cluster_size_balance_entropy|direction_entropy|noise_aware_silhouette,min_centroid_distance|neighborhood_purity|neighborhood_purity_multi_k,1,-0.004619623809375861,0
c3e_000241_bc27bd2b,xy_2d,piecewise_polylines_corners,2,0,cluster_size_balance_entropy|curvature_consistency|dbcv,connectivity_components|contour_graph_connectivity|ribbon_thickness,1,0.2733698768433698,1
c3e_000241_bc27bd2b,y_only,piecewise_polylines_corners,3,0,cluster_size_balance_entropy|connectivity_components,davies_bouldin|silhouette,1,0.0,1
c3e_000245_5f5f7583,x_only,arcs_circles_rings,5,1,,,0,0.0,1
c3e_000245_5f5f7583,xy_2d,arcs_circles_rings,2,0,arc_circle_fit|davies_bouldin|dbcv,connected_components_count|connectivity_components|parallel_bands,1,0.0,1
c3e_000245_5f5f7583,y_only,arcs_circles_rings,3,0,connected_components_count|connectivity_components,neighborhood_purity|noise_aware_silhouette,2,0.10253138654611482,0
c3e_000264_edd8e222,x_only,linear_bands_parallel_stripes,0,0,corner_junction_density|fractal_dimension|glcm_haralick|lbp_stationarity|skeleton_connectivity,cluster_size_imbalance_entropy|gridness_2d|orientation_histogram_entropy|parabolicity|turning_points_count,5,0.0003607661415017,0
c3e_000264_edd8e222,xy_2d,linear_bands_parallel_stripes,2,0,axial_symmetry|dbcv|min_centroid_distance,connectivity_components|convexity_ratio|curvature_consistency,1,0.06793098605212822,1
c3e_000264_edd8e222,y_only,linear_bands_parallel_stripes,4,0,silhouette,min_intercluster_distance,0,0.0,1
c3e_000309_8159baf8,x_only,hybrid_mixed_geometry,4,0,min_centroid_distance,gridness_fft_acf,0,0.0,1
c3e_000309_8159baf8,xy_2d,hybrid_mixed_geometry,0,0,axial_symmetry|bimodality_anti_thickness|direction_entropy|hollow_score|ladderness,cluster_size_balance_entropy|corner_junction_density|curvature_consistency|parallel_bands|periodicity_1d,5,0.3084793684601467,1
c3e_000309_8159baf8,y_only,hybrid_mixed_geometry,2,0,alpha_shape_compactness|convexity_ratio|hollow_score,cluster_size_balance_entropy|connected_components_count|connectivity_components,3,-0.051972751619249524,0
c3e_000338_f4ff0e74,x_only,standard_clustering_blobs,2,0,blobness_log_dog|contour_graph_connectivity|direction_entropy,gridness_fft_acf|min_centroid_distance|neighborhood_purity,3,0.1871764368224866,0
c3e_000338_f4ff0e74,xy_2d,standard_clustering_blobs,2,0,connectivity_components|min_centroid_distance|polygonality,avg_pca_isotropy|convexity_solidity_image|rectangularity,2,0.1021689701827247,0
c3e_000338_f4ff0e74,y_only,standard_clustering_blobs,4,0,neighborhood_purity,noise_aware_silhouette,0,-0.005075952807204687,0
c3e_000358_07c4dd2d,x_only,polygons_rectangles_frames,4,0,dbcv,axial_symmetry,0,0.0,1
c3e_000358_07c4dd2d,xy_2d,polygons_rectangles_frames,1,0,cluster_size_balance_entropy|connected_components_count|connectivity_components|convexity_ratio,arc_circle_fit|avg_pca_isotropy|noise_aware_silhouette|silhouette,3,0.0,1
c3e_000358_07c4dd2d,y_only,polygons_rectangles_frames,4,0,connectivity_components,avg_pca_isotropy,1,0.0,1
c3e_000406_3304f93e,x_only,texture_density_fields,1,0,avg_pca_isotropy|contour_graph_connectivity|morphological_band_count|symmetry_score,axial_symmetry|connected_components_count|connectivity_components|gridness_fft_acf,3,0.0642515845332986,0
c3e_000406_3304f93e,xy_2d,texture_density_fields,2,0,axial_symmetry|rectangularity|symmetry_score,arc_circle_fit|avg_pca_isotropy|hollow_score,3,0.0,1
c3e_000406_3304f93e,y_only,texture_density_fields,3,0,cluster_size_balance_entropy|noise_aware_silhouette,min_centroid_distance|neighborhood_purity,0,0.01087249159316267,0
c3e_000407_45093166,x_only,radial_spiral_meander,3,0,cluster_size_balance_entropy|hollow_score,gridness_fft_acf|silhouette,1,0.15883561245770028,0
c3e_000407_45093166,xy_2d,radial_spiral_meander,3,0,ellipse_fit_score|symmetry_score,alpha_shape_compactness|hollow_score,2,0.0,1
c3e_000407_45093166,y_only,radial_spiral_meander,2,0,avg_pca_isotropy|cluster_size_balance_entropy|noise_aware_silhouette,min_centroid_distance|neighborhood_purity|neighborhood_purity_multi_k,0,0.07130048806637329,0
c3e_000407_b529f632,x_only,parabolic_curved_chains,4,0,hough_line_strength,direction_entropy,1,0.0,1
c3e_000407_b529f632,xy_2d,parabolic_curved_chains,2,0,connected_components_count|curvature_consistency|glcm_haralick,avg_within_cluster_dispersion|calinski_harabasz|parabolicity,3,0.0,1
c3e_000407_b529f632,y_only,parabolic_curved_chains,3,0,connected_components_count|min_intercluster_distance,corner_junction_density|parallel_bands,1,0.0573831801184983,0
c3e_000436_e1325850,x_only,piecewise_polylines_corners,5,1,,,0,0.0,1
c3e_000436_e1325850,xy_2d,piecewise_polylines_corners,3,0,cluster_size_balance_entropy|s_dbw,dbcv|gridness_fft_acf,0,0.0,1
c3e_000436_e1325850,y_only,piecewise_polylines_corners,2,0,gridness_fft_acf|ribbon_thickness|thickness_uniformity,connected_components_count|contour_graph_connectivity|lbp_stationarity,3,-0.10475925854950707,0
c3e_000444_fcad581c,x_only,arcs_circles_rings,3,0,connected_components_count|contour_graph_connectivity,cluster_size_balance_entropy|dbcv,2,0.0,1
c3e_000444_fcad581c,xy_2d,arcs_circles_rings,1,0,connected_components_count|connectivity_components|contour_graph_connectivity|s_dbw,davies_bouldin|dbcv|noise_aware_silhouette|silhouette,3,0.0,1
c3e_000444_fcad581c,y_only,arcs_circles_rings,3,0,cluster_size_balance_entropy|contour_graph_connectivity,connected_components_count|dbcv,1,0.0,1
c3e_000469_f9d49384,x_only,linear_bands_parallel_stripes,1,0,avg_pca_isotropy|hough_line_strength|ladderness|mst_smoothness,cluster_size_imbalance_entropy|edge_coherence|orientation_histogram_entropy|parabolicity,3,0.0,1
c3e_000469_f9d49384,xy_2d,linear_bands_parallel_stripes,2,0,avg_pca_isotropy|calinski_harabasz|thickness_uniformity,connected_components_count|contour_graph_connectivity|glcm_haralick,1,0.06993204619519902,1
c3e_000469_f9d49384,y_only,linear_bands_parallel_stripes,3,0,direction_entropy|neighborhood_purity,convexity_ratio|silhouette,1,0.0,1
c3e_000558_84930024,x_only,hybrid_mixed_geometry,0,0,contour_graph_connectivity|glcm_haralick|hough_circle_arc_strength|radial_uniformity|symmetry_score,connected_components_count|gridness_fft_acf|parallel_bands|ribbon_thickness|silhouette,5,-0.010237804220110308,0
c3e_000558_84930024,xy_2d,hybrid_mixed_geometry,0,0,cluster_size_balance_entropy|contour_graph_connectivity|dbcv|morphological_band_count|parallel_bands,connected_components_count|connectivity_components|curvature_consistency|gridness_fft_acf|skeleton_connectivity,3,0.23344792488002908,0
c3e_000558_84930024,y_only,hybrid_mixed_geometry,3,0,contour_graph_connectivity|davies_bouldin,parabolicity|turning_points_count,1,0.0,1
c3e_000577_434c0a9c,x_only,radial_spiral_meander,1,0,avg_pca_isotropy|blobness_log_dog|direction_entropy|morphological_band_count,arc_circle_fit|min_centroid_distance|neighborhood_purity|neighborhood_purity_multi_k,3,0.0,1
c3e_000577_434c0a9c,xy_2d,radial_spiral_meander,2,0,bimodality_anti_thickness|line_straightness|turning_points_count,gridness_fft_acf|ladderness|ribbon_thickness,3,0.11648787969041174,0
c3e_000577_434c0a9c,y_only,radial_spiral_meander,1,0,connectivity_components|convexity_ratio|min_intercluster_distance|turning_points_count,edge_coherence|neighborhood_purity|neighborhood_purity_multi_k|silhouette,3,0.17394569235946827,1
c3e_000578_c6d49566,x_only,texture_density_fields,1,0,davies_bouldin|gridness_fft_acf|min_intercluster_distance|silhouette,axial_symmetry|connected_components_count|contour_graph_connectivity|convexity_ratio,1,-0.0035569616521994307,0
c3e_000578_c6d49566,xy_2d,texture_density_fields,1,0,avg_pca_isotropy|contour_graph_connectivity|corner_sharpness|davies_bouldin,cluster_size_balance_entropy|connectivity_components|corner_junction_density|noise_aware_silhouette,2,-0.0012033086351397326,0
c3e_000578_c6d49566,y_only,texture_density_fields,3,0,min_centroid_distance|min_intercluster_distance,gridness_fft_acf|neighborhood_purity_multi_k,0,0.015123966782757792,0
c3e_000610_9dc952b7,x_only,ladder_grid_lattice,2,0,alpha_shape_compactness|contour_graph_connectivity|convexity_ratio,cluster_size_balance_entropy|neighborhood_purity|neighborhood_purity_multi_k,3,-0.0063552358948675836,0
c3e_000610_9dc952b7,xy_2d,ladder_grid_lattice,4,0,contour_graph_connectivity,calinski_harabasz,1,0.0,1
c3e_000610_9dc952b7,y_only,ladder_grid_lattice,0,0,direction_entropy|min_centroid_distance|morphological_band_count|neighborhood_purity|neighborhood_purity_multi_k,cluster_size_balance_entropy|contour_graph_connectivity|parallel_bands|radial_uniformity|ribbon_thickness,2,0.07019325135469512,0
c3e_000634_a341bcfc,x_only,standard_clustering_blobs,4,0,neighborhood_purity,neighborhood_purity_multi_k,0,0.0,1
c3e_000634_a341bcfc,xy_2d,standard_clustering_blobs,2,0,calinski_harabasz|ellipse_fit_score|rectangularity,avg_pca_isotropy|convexity_solidity_image|corner_junction_density,2,0.21314513513338906,0
c3e_000634_a341bcfc,y_only,standard_clustering_blobs,3,0,contour_graph_connectivity|min_centroid_distance,neighborhood_purity_multi_k|noise_aware_silhouette,1,0.0,1
c3e_000676_fdd833c3,x_only,linear_bands_parallel_stripes,0,0,connected_components_count|convexity_ratio|min_intercluster_distance|parallel_bands|thickness_uniformity,circularity_compactness|cluster_size_imbalance_entropy|gridness_2d|orientation_histogram_entropy|parabolicity,4,0.0001354767563798,0
c3e_000676_fdd833c3,xy_2d,linear_bands_parallel_stripes,3,0,hough_line_strength|radial_uniformity,connectivity_components|curvature_consistency,2,-0.027533688706158466,0
c3e_000676_fdd833c3,y_only,linear_bands_parallel_stripes,4,0,alpha_shape_compactness,min_intercluster_distance,1,0.0,1
c3e_000688_4b6882be,x_only,polygons_rectangles_frames,4,0,avg_pca_isotropy,silhouette,0,0.0,1
c3e_000688_4b6882be,xy_2d,polygons_rectangles_frames,2,0,convexity_ratio|hough_circle_arc_strength|s_dbw,avg_pca_isotropy|noise_aware_silhouette|silhouette,2,0.0,1
c3e_000688_4b6882be,y_only,polygons_rectangles_frames,3,0,alpha_shape_compactness|blobness_log_dog,avg_pca_isotropy|neighborhood_purity_multi_k,2,0.0,1
c3e_000762_99bc92ca,x_only,texture_density_fields,3,0,connectivity_components|noise_aware_silhouette,gridness_fft_acf|min_centroid_distance,1,0.0,1
c3e_000762_99bc92ca,xy_2d,texture_density_fields,0,0,connected_components_count|convexity_solidity_image|ellipse_fit_score|radial_uniformity|rectangularity,gridness_fft_acf|min_centroid_distance|neighborhood_purity_multi_k|noise_aware_silhouette|silhouette,5,0.31381806879088625,0
c3e_000762_99bc92ca,y_only,texture_density_fields,3,0,noise_aware_silhouette|symmetry_score,gridness_fft_acf|neighborhood_purity,1,0.06625941428947399,0
c3e_000765_6ade604a,x_only,radial_spiral_meander,4,0,axial_symmetry,gridness_fft_acf,1,-0.0016182978932453018,0
c3e_000765_6ade604a,xy_2d,radial_spiral_meander,3,0,cluster_size_balance_entropy|convexity_ratio,noise_aware_silhouette|silhouette,1,0.0,1
c3e_000765_6ade604a,y_only,radial_spiral_meander,2,0,cluster_size_balance_entropy|min_centroid_distance|radial_uniformity,gridness_fft_acf|neighborhood_purity_multi_k|noise_aware_silhouette,1,0.15868934944876156,0
c3e_000769_019670e8,x_only,deinterleaving_pri_toa_amp_like,0,0,alpha_shape_compactness|arc_circle_fit|corner_sharpness|edge_coherence|orientation_histogram_entropy,cluster_size_imbalance_entropy|curvature_consistency|ellipse_fit_score|gridness_2d|turning_points_count,5,0.0004088296929636,0
c3e_000769_019670e8,xy_2d,deinterleaving_pri_toa_amp_like,4,0,thickness_uniformity,curvature_consistency,1,0.0,1
c3e_000769_019670e8,y_only,deinterleaving_pri_toa_amp_like,0,0,fractal_dimension|glcm_haralick|lbp_stationarity|parabolicity|symmetry_score,cluster_size_balance_entropy|connectivity_components|curvature_consistency|gridness_fft_acf|ribbon_thickness,5,0.03785507914362202,0
c3e_000773_74417256,x_only,parabolic_curved_chains,4,0,cluster_size_balance_entropy,silhouette,0,0.0,1
c3e_000773_74417256,xy_2d,parabolic_curved_chains,2,0,connected_components_count|dbcv|skeleton_connectivity,avg_within_cluster_dispersion|calinski_harabasz|glcm_haralick,2,-0.1595102405603974,1
c3e_000773_74417256,y_only,parabolic_curved_chains,1,0,cluster_size_balance_entropy|min_intercluster_distance|neighborhood_purity|neighborhood_purity_multi_k,corner_junction_density|parallel_bands|ribbon_thickness|turning_points_count,0,-3.942082402261238e-05,0
c3e_000803_545e23c6,x_only,ladder_grid_lattice,0,0,cluster_size_balance_entropy|gridness_fft_acf|mst_smoothness|noise_aware_silhouette|parallel_bands,corner_junction_density|fractal_dimension|glcm_haralick|radial_uniformity|ribbon_thickness,3,0.007720779314074597,0
c3e_000803_545e23c6,xy_2d,ladder_grid_lattice,3,0,avg_pca_isotropy|silhouette,calinski_harabasz|ladderness,0,0.0,1
c3e_000803_545e23c6,y_only,ladder_grid_lattice,4,0,min_centroid_distance,connectivity_components,0,0.1424833249532546,0
c3e_000825_28f4fb4c,x_only,hybrid_mixed_geometry,4,0,thickness_uniformity,noise_aware_silhouette,1,0.0,1
c3e_000825_28f4fb4c,xy_2d,hybrid_mixed_geometry,4,0,davies_bouldin,cluster_size_balance_entropy,0,0.0,1
c3e_000825_28f4fb4c,y_only,hybrid_mixed_geometry,4,0,connected_components_count,neighborhood_purity,1,0.0,1
c3e_000829_d5762425,x_only,piecewise_polylines_corners,3,0,connectivity_components|gridness_fft_acf,noise_aware_silhouette|silhouette,2,0.0,1
c3e_000829_d5762425,xy_2d,piecewise_polylines_corners,4,0,direction_entropy,avg_pca_isotropy,1,0.13057461422664773,0
c3e_000829_d5762425,y_only,piecewise_polylines_corners,3,0,avg_pca_isotropy|calinski_harabasz,connected_components_count|silhouette,0,-0.0021306727811624127,0
c3e_000833_18e89269,x_only,hollow_topological_components,4,0,noise_aware_silhouette,silhouette,0,0.004362770545028427,0
c3e_000833_18e89269,xy_2d,hollow_topological_components,4,0,rectangularity,avg_pca_isotropy,1,2.6619701034680254e-05,0
c3e_000833_18e89269,y_only,hollow_topological_components,3,0,connected_components_count|davies_bouldin,alpha_shape_compactness|silhouette,1,0.0,1
c3e_000842_848160ac,x_only,arcs_circles_rings,2,0,arc_circle_fit|cluster_size_balance_entropy|noise_aware_silhouette,avg_pca_isotropy|convexity_ratio|hollow_score,1,0.0005451509150553591,0
c3e_000842_848160ac,xy_2d,arcs_circles_rings,3,0,connected_components_count|contour_graph_connectivity,avg_pca_isotropy|cluster_size_balance_entropy,2,-0.01396152891933844,0
c3e_000842_848160ac,y_only,arcs_circles_rings,1,0,connectivity_components|contour_graph_connectivity|noise_aware_silhouette|ribbon_thickness,min_centroid_distance|neighborhood_purity|neighborhood_purity_multi_k|silhouette,3,0.0006067401507100223,0
c3e_000889_63f4161c,x_only,linear_bands_parallel_stripes,3,0,arc_circle_fit|parabolicity,cluster_size_balance_entropy|noise_aware_silhouette,2,0.0015003489182931207,1
c3e_000889_63f4161c,xy_2d,linear_bands_parallel_stripes,5,1,,,0,0.0,1
c3e_000889_63f4161c,y_only,linear_bands_parallel_stripes,2,0,alpha_shape_compactness|eccentricity_ratio|parabolicity,cluster_size_balance_entropy|corner_junction_density|parallel_bands,3,0.10990548426922447,0
c3e_000943_da5fc51c,x_only,texture_density_fields,2,0,axial_symmetry|contour_graph_connectivity|gridness_fft_acf,avg_pca_isotropy|connectivity_components|convexity_ratio,3,0.13038131923927843,1
c3e_000943_da5fc51c,xy_2d,texture_density_fields,3,0,axial_symmetry|gridness_fft_acf,cluster_size_balance_entropy|connectivity_components,2,0.0,1
c3e_000943_da5fc51c,y_only,texture_density_fields,4,0,blobness_log_dog,min_centroid_distance,1,0.0,1
c3e_000947_0a65f75c,x_only,parabolic_curved_chains,2,0,convexity_ratio|gridness_fft_acf|min_intercluster_distance,cluster_size_balance_entropy|neighborhood_purity|neighborhood_purity_multi_k,2,0.0413565541509687,0
c3e_000947_0a65f75c,xy_2d,parabolic_curved_chains,2,0,ladderness|min_centroid_distance|neighborhood_purity_multi_k,calinski_harabasz|cluster_size_balance_entropy|corner_junction_density,1,0.22720741094185343,1
c3e_000947_0a65f75c,y_only,parabolic_curved_chains,1,0,contour_graph_connectivity|davies_bouldin|dbcv|silhouette,cluster_size_balance_entropy|corner_junction_density|parallel_bands|turning_points_count,1,-0.007889710284623708,0
c3e_001014_3dcf0762,x_only,deinterleaving_pri_toa_amp_like,2,0,hough_line_strength|neighborhood_purity|neighborhood_purity_multi_k,arc_circle_fit|avg_pca_isotropy|hollow_score,1,0.03930008215647031,0
c3e_001014_3dcf0762,xy_2d,deinterleaving_pri_toa_amp_like,1,0,glcm_haralick|periodicity_1d|ridge_strength|thickness_uniformity,cluster_size_balance_entropy|gridness_fft_acf|noise_aware_silhouette|silhouette,4,0.1294335133243782,0
c3e_001014_3dcf0762,y_only,deinterleaving_pri_toa_amp_like,2,0,alpha_shape_compactness|min_intercluster_distance|radial_uniformity,min_centroid_distance|neighborhood_purity_multi_k|silhouette,2,0.11332636016122372,1
c3e_001040_fb391872,x_only,hollow_topological_components,2,0,arc_circle_fit|gridness_fft_acf|ladderness,connected_components_count|neighborhood_purity|neighborhood_purity_multi_k,3,0.0,1
c3e_001040_fb391872,xy_2d,hollow_topological_components,2,0,blobness_log_dog|hough_line_strength|min_centroid_distance,cluster_size_balance_entropy|hollow_score|hough_circle_arc_strength,2,0.03416537688637311,1
c3e_001040_fb391872,y_only,hollow_topological_components,3,0,noise_aware_silhouette|silhouette,avg_pca_isotropy|convexity_ratio,0,0.0,1
c3e_001076_42b1294f,x_only,hybrid_mixed_geometry,3,0,axial_symmetry|noise_aware_silhouette,min_centroid_distance|neighborhood_purity,1,0.0815325931839037,0
c3e_001076_42b1294f,xy_2d,hybrid_mixed_geometry,0,0,convexity_solidity_image|noise_aware_silhouette|periodicity_1d|rectangularity|silhouette,connected_components_count|connectivity_components|corner_junction_density|glcm_haralick|parabolicity,3,0.13081795043559016,0
c3e_001076_42b1294f,y_only,hybrid_mixed_geometry,1,0,alpha_shape_compactness|gridness_2d|parabolicity|turning_points_count,calinski_harabasz|cluster_size_balance_entropy|noise_aware_silhouette|ribbon_thickness,4,0.048712666280918776,0
c3e_001122_e337ea0c,x_only,texture_density_fields,3,0,contour_graph_connectivity|morphological_band_count,min_centroid_distance|noise_aware_silhouette,2,-0.00894309368463675,0
c3e_001122_e337ea0c,xy_2d,texture_density_fields,0,0,axial_symmetry|cluster_size_balance_entropy|convexity_ratio|hollow_score|parallel_bands,davies_bouldin|dbcv|neighborhood_purity|noise_aware_silhouette|silhouette,4,0.24527042690029477,1
c3e_001122_e337ea0c,y_only,texture_density_fields,2,0,avg_pca_isotropy|davies_bouldin|min_centroid_distance,gridness_fft_acf|neighborhood_purity|neighborhood_purity_multi_k,0,0.0,1
c3e_001127_ce57a725,x_only,parabolic_curved_chains,2,0,hollow_score|noise_aware_silhouette|piecewise_linearity,cluster_size_balance_entropy|neighborhood_purity|neighborhood_purity_multi_k,2,-0.010319890142465704,0
c3e_001127_ce57a725,xy_2d,parabolic_curved_chains,4,0,davies_bouldin,cluster_size_balance_entropy,0,-0.00810843837685099,0
c3e_001127_ce57a725,y_only,parabolic_curved_chains,5,1,,,0,0.0,1
c3e_001235_c1649f61,x_only,hollow_topological_components,4,0,direction_entropy,noise_aware_silhouette,1,0.0,1
c3e_001235_c1649f61,xy_2d,hollow_topological_components,3,0,connected_components_count|contour_graph_connectivity,arc_circle_fit|convexity_ratio,2,0.0,1
c3e_001235_c1649f61,y_only,hollow_topological_components,2,0,connected_components_count|davies_bouldin|gridness_fft_acf,min_centroid_distance|neighborhood_purity|neighborhood_purity_multi_k,2,0.0,1
c3e_001250_faeb2c6b,x_only,piecewise_polylines_corners,4,0,gridness_fft_acf,noise_aware_silhouette,1,0.0,1
c3e_001250_faeb2c6b,xy_2d,piecewise_polylines_corners,0,0,cluster_size_balance_entropy|curvature_consistency|lbp_stationarity|radial_uniformity|thickness_uniformity,gridness_fft_acf|neighborhood_purity|neighborhood_purity_multi_k|noise_aware_silhouette|parabolicity,4,0.2298672444934503,0
c3e_001250_faeb2c6b,y_only,piecewise_polylines_corners,4,0,corner_junction_density,avg_pca_isotropy,1,0.24227754123422962,1
c3e_001266_069199c1,x_only,deinterleaving_pri_toa_amp_like,3,0,axial_symmetry|gridness_2d,neighborhood_purity|silhouette,2,0.08349221529166612,0
c3e_001266_069199c1,xy_2d,deinterleaving_pri_toa_amp_like,2,0,blobness_log_dog|hough_line_strength|morphological_band_count,neighborhood_purity|noise_aware_silhouette|silhouette,3,0.0,1
c3e_001266_069199c1,y_only,deinterleaving_pri_toa_amp_like,3,0,edge_coherence|orientation_histogram_entropy,min_centroid_distance|silhouette,2,0.0,1
c3e_001286_77af3c17,x_only,arcs_circles_rings,0,0,axial_symmetry|min_intercluster_distance|neighborhood_purity|neighborhood_purity_multi_k|silhouette,alpha_shape_compactness|connected_components_count|contour_graph_connectivity|convexity_ratio|ribbon_thickness,1,0.013790639591354403,0
c3e_001286_77af3c17,xy_2d,arcs_circles_rings,2,0,curvature_consistency|dbcv|ladderness,contour_graph_connectivity|glcm_haralick|skeleton_connectivity,2,0.4835650971877733,0
c3e_001286_77af3c17,y_only,arcs_circles_rings,3,0,gridness_fft_acf|silhouette,connected_components_count|connectivity_components,1,0.0,1
c3e_001289_ea894fcc,x_only,arcs_circles_rings,1,0,curvature_consistency|gridness_fft_acf|noise_aware_silhouette|ribbon_thickness,connected_components_count|contour_graph_connectivity|glcm_haralick|radial_uniformity,3,0.04033190691464161,0
c3e_001289_ea894fcc,xy_2d,arcs_circles_rings,4,0,s_dbw,connected_components_count,0,0.0,1
c3e_001289_ea894fcc,y_only,arcs_circles_rings,4,0,lbp_stationarity,radial_uniformity,1,0.0,1
c3e_001331_8251d4c1,x_only,linear_bands_parallel_stripes,4,0,arc_circle_fit,cluster_size_balance_entropy,1,0.011604536039221902,0
c3e_001331_8251d4c1,xy_2d,linear_bands_parallel_stripes,4,0,ladderness,axial_symmetry,1,0.0,1
c3e_001331_8251d4c1,y_only,linear_bands_parallel_stripes,3,0,contour_graph_connectivity|ridge_strength,cluster_size_imbalance_entropy|convexity_ratio,2,0.0629905445628905,0
c3e_001347_5fbed821,x_only,hybrid_mixed_geometry,1,0,hough_line_strength|min_centroid_distance|neighborhood_purity|neighborhood_purity_multi_k,axial_symmetry|noise_aware_silhouette|ribbon_thickness|silhouette,1,0.08329225041931251,0
c3e_001347_5fbed821,xy_2d,hybrid_mixed_geometry,1,0,avg_pca_isotropy|connectivity_components|mst_smoothness|silhouette,connected_components_count|contour_graph_connectivity|corner_junction_density|glcm_haralick,2,0.17225980504621485,0
c3e_001347_5fbed821,y_only,hybrid_mixed_geometry,2,0,connectivity_components|neighborhood_purity_multi_k|noise_aware_silhouette,connected_components_count|contour_graph_connectivity|convexity_ratio,1,0.0214779490036216,0
c3e_001528_fb0b26f7,x_only,deinterleaving_pri_toa_amp_like,1,0,corner_sharpness|lbp_stationarity|orientation_histogram_entropy|rectangularity,fractal_dimension|glcm_haralick|parallel_bands|ribbon_thickness,4,0.0,1
c3e_001528_fb0b26f7,xy_2d,deinterleaving_pri_toa_amp_like,1,0,edge_coherence|orientation_histogram_entropy|parabolicity|periodicity_1d,connectivity_components|curvature_consistency|skeleton_connectivity|thickness_uniformity,4,0.0,1
c3e_001528_fb0b26f7,y_only,deinterleaving_pri_toa_amp_like,4,0,corner_junction_density,curvature_consistency,1,0.0,1
c3e_001547_db71c4b4,x_only,arcs_circles_rings,1,0,min_intercluster_distance|neighborhood_purity|neighborhood_purity_multi_k|radial_uniformity,alpha_shape_compactness|connected_components_count|convexity_ratio|ribbon_thickness,1,0.054041191344629314,1
c3e_001547_db71c4b4,xy_2d,arcs_circles_rings,5,1,,,0,0.0,1
c3e_001547_db71c4b4,y_only,arcs_circles_rings,0,0,connected_components_count|davies_bouldin|gridness_fft_acf|piecewise_linearity|turning_points_count,convexity_ratio|corner_junction_density|curvature_consistency|ladderness|parallel_bands,4,0.0639584876646091,0
c3e_001612_aa910f5b,x_only,hybrid_mixed_geometry,1,0,connected_components_count|corner_junction_density|fractal_dimension|symmetry_score,gridness_fft_acf|neighborhood_purity_multi_k|parallel_bands|silhouette,4,-0.005434890902062894,1
c3e_001612_aa910f5b,xy_2d,hybrid_mixed_geometry,2,0,arc_circle_fit|silhouette|thickness_uniformity,connected_components_count|convexity_ratio|noise_aware_silhouette,2,0.17253535327863134,1
c3e_001612_aa910f5b,y_only,hybrid_mixed_geometry,2,0,connectivity_components|dbcv|hollow_score,arc_circle_fit|convexity_ratio|davies_bouldin,2,0.11222545786905735,0
c3e_001882_38958609,x_only,hybrid_mixed_geometry,3,0,connected_components_count|symmetry_score,convexity_ratio|glcm_haralick,2,0.04508581530399508,0
c3e_001882_38958609,xy_2d,hybrid_mixed_geometry,2,0,axial_symmetry|circularity_compactness|contour_graph_connectivity,convexity_ratio|corner_junction_density|skeleton_connectivity,3,0.0,1
c3e_001882_38958609,y_only,hybrid_mixed_geometry,2,0,axial_symmetry|connected_components_count|radial_uniformity,neighborhood_purity|neighborhood_purity_multi_k|noise_aware_silhouette,3,0.3380412002125489,0
c3h_000065_78453892,x_only,standard_clustering_blobs,4,0,avg_pca_isotropy,neighborhood_purity,0,0.0,1
c3h_000065_78453892,xy_2d,standard_clustering_blobs,5,1,,,0,0.0,1
c3h_000065_78453892,y_only,standard_clustering_blobs,3,0,axial_symmetry|noise_aware_silhouette,alpha_shape_compactness|contour_graph_connectivity,1,0.0,1
c3h_000073_cc474eca,x_only,polygons_rectangles_frames,3,0,axial_symmetry|morphological_band_count,min_centroid_distance|neighborhood_purity_multi_k,2,0.0,1
c3h_000073_cc474eca,xy_2d,polygons_rectangles_frames,3,0,arc_circle_fit|connected_components_count,alpha_shape_compactness|cluster_size_balance_entropy,2,0.0,1
c3h_000073_cc474eca,y_only,polygons_rectangles_frames,3,0,connectivity_components|min_centroid_distance,axial_symmetry|noise_aware_silhouette,1,0.0,1
c3h_000074_01bae57c,x_only,arcs_circles_rings,4,0,direction_entropy,min_centroid_distance,1,0.0,1
c3h_000074_01bae57c,xy_2d,arcs_circles_rings,1,0,blobness_log_dog|ladderness|morphological_band_count|parallel_bands,arc_circle_fit|axial_symmetry|corner_junction_density|curvature_consistency,4,0.004013669661600772,0
c3h_000074_01bae57c,y_only,arcs_circles_rings,2,0,avg_pca_isotropy|cluster_size_balance_entropy|davies_bouldin,gridness_fft_acf|neighborhood_purity|neighborhood_purity_multi_k,0,0.0,1
c3h_000076_aa66ac20,x_only,piecewise_polylines_corners,2,0,direction_entropy|neighborhood_purity|noise_aware_silhouette,avg_pca_isotropy|axial_symmetry|neighborhood_purity_multi_k,1,0.0,1
c3h_000076_aa66ac20,xy_2d,piecewise_polylines_corners,0,0,axial_symmetry|min_centroid_distance|neighborhood_purity|neighborhood_purity_multi_k|noise_aware_silhouette,avg_pca_isotropy|calinski_harabasz|cluster_size_balance_entropy|corner_junction_density|radial_uniformity,1,0.21309877025544322,1
c3h_000076_aa66ac20,y_only,piecewise_polylines_corners,3,0,alpha_shape_compactness|gridness_fft_acf,avg_pca_isotropy|silhouette,2,0.0,1
c3h_000076_f857f275,x_only,parabolic_curved_chains,2,0,cluster_size_balance_entropy|gridness_fft_acf|parabolicity,min_centroid_distance|noise_aware_silhouette|silhouette,2,-0.031754795351771586,1
c3h_000076_f857f275,xy_2d,parabolic_curved_chains,1,0,cluster_size_balance_entropy|min_centroid_distance|morphological_band_count|neighborhood_purity_multi_k,calinski_harabasz|connectivity_components|glcm_haralick|noise_aware_silhouette,1,0.002758231379914766,0
c3h_000076_f857f275,y_only,parabolic_curved_chains,3,0,alpha_shape_compactness|radial_uniformity,gridness_fft_acf|noise_aware_silhouette,2,0.0,1
c3h_000080_5376d025,x_only,texture_density_fields,2,0,blobness_log_dog|hough_line_strength|morphological_band_count,min_centroid_distance|neighborhood_purity|neighborhood_purity_multi_k,3,0.0006954282168220027,0
c3h_000080_5376d025,xy_2d,texture_density_fields,1,0,calinski_harabasz|connectivity_components|noise_aware_silhouette|silhouette,arc_circle_fit|avg_pca_isotropy|cluster_size_balance_entropy|curvature_consistency,1,0.09693934315540892,0
c3h_000080_5376d025,y_only,texture_density_fields,3,0,contour_graph_connectivity|hollow_score,axial_symmetry|cluster_size_balance_entropy,2,0.0,1
c3h_000082_2f552612,x_only,radial_spiral_meander,2,0,alpha_shape_compactness|avg_pca_isotropy|noise_aware_silhouette,axial_symmetry|connected_components_count|contour_graph_connectivity,1,-0.023177458144876373,0
c3h_000082_2f552612,xy_2d,radial_spiral_meander,2,0,cluster_size_balance_entropy|gridness_fft_acf|morphological_band_count,connected_components_count|s_dbw|silhouette,2,0.04788838270048068,0
c3h_000082_2f552612,y_only,radial_spiral_meander,3,0,connected_components_count|dbcv,gridness_fft_acf|neighborhood_purity_multi_k,1,0.0,1
c3h_000082_75a39e3f,x_only,hollow_topological_components,3,0,connected_components_count|noise_aware_silhouette,connectivity_components|contour_graph_connectivity,1,0.0,1
c3h_000082_75a39e3f,xy_2d,hollow_topological_components,4,0,convexity_solidity_image,hollow_score,1,0.0,1
c3h_000082_75a39e3f,y_only,hollow_topological_components,4,0,neighborhood_purity,min_centroid_distance,0,0.0,1
c3h_000085_5e03d2a3,x_only,ladder_grid_lattice,3,0,direction_entropy|hough_line_strength,neighborhood_purity|silhouette,2,0.0,1
c3h_000085_5e03d2a3,xy_2d,ladder_grid_lattice,2,0,min_centroid_distance|neighborhood_purity|parabolicity,cluster_size_balance_entropy|noise_aware_silhouette|silhouette,1,0.13672805693766515,0
c3h_000085_5e03d2a3,y_only,ladder_grid_lattice,2,0,corner_junction_density|parallel_bands|radial_uniformity,gridness_fft_acf|neighborhood_purity|neighborhood_purity_multi_k,3,0.0189617203274446,0
c3h_000086_1d493ecf,x_only,piecewise_polylines_corners,2,0,blobness_log_dog|direction_entropy|hough_line_strength,gridness_fft_acf|neighborhood_purity|noise_aware_silhouette,3,0.0,1
c3h_000086_1d493ecf,xy_2d,piecewise_polylines_corners,4,0,cluster_size_balance_entropy,connected_components_count,0,0.0,1
c3h_000086_1d493ecf,y_only,piecewise_polylines_corners,4,0,blobness_log_dog,noise_aware_silhouette,1,0.0,1
c3h_000093_172f4b2f,x_only,linear_bands_parallel_stripes,0,0,axial_symmetry|blobness_log_dog|gridness_fft_acf|noise_aware_silhouette|silhouette,connected_components_count|corner_junction_density|glcm_haralick|parallel_bands|ribbon_thickness,3,-8.221472213239999e-05,1
c3h_000093_172f4b2f,xy_2d,linear_bands_parallel_stripes,1,0,connectivity_components|dbcv|line_straightness|neighborhood_purity_multi_k,connected_components_count|curvature_consistency|ladderness|noise_aware_silhouette,2,-0.08005654626752917,0
c3h_000093_172f4b2f,y_only,linear_bands_parallel_stripes,3,0,alpha_shape_compactness|convexity_ratio,cluster_size_balance_entropy|gridness_fft_acf,2,0.14937904214796627,0
c3h_000095_19607360,x_only,deinterleaving_pri_toa_amp_like,3,0,contour_graph_connectivity|fractal_dimension,parallel_bands|radial_uniformity,2,0.0,1
c3h_000095_19607360,xy_2d,deinterleaving_pri_toa_amp_like,4,0,bimodality_anti_thickness,ribbon_thickness,1,0.0,1
c3h_000095_19607360,y_only,deinterleaving_pri_toa_amp_like,4,0,morphological_band_count,gridness_fft_acf,1,0.0,1
c3h_000109_7df2aba9,x_only,hybrid_mixed_geometry,1,0,axial_symmetry|cluster_size_balance_entropy|davies_bouldin|morphological_band_count,corner_junction_density|eccentricity_ratio|glcm_haralick|ribbon_thickness,2,0.0012027955444691,1
c3h_000109_7df2aba9,xy_2d,hybrid_mixed_geometry,2,0,bimodality_anti_thickness|contour_graph_connectivity|convexity_ratio,connectivity_components|curvature_consistency|ladderness,3,0.0,1
c3h_000109_7df2aba9,y_only,hybrid_mixed_geometry,5,1,,,0,0.0,1
c3h_000223_ed32ad3a,x_only,polygons_rectangles_frames,2,0,axial_symmetry|morphological_band_count|neighborhood_purity,gridness_fft_acf|neighborhood_purity_multi_k|silhouette,2,0.0,1
c3h_000223_ed32ad3a,xy_2d,polygons_rectangles_frames,1,0,calinski_harabasz|connected_components_count|connectivity_components|morphological_band_count,alpha_shape_compactness|convexity_ratio|convexity_solidity_image|rectangularity,3,0.0,1
c3h_000223_ed32ad3a,y_only,polygons_rectangles_frames,3,0,axial_symmetry|neighborhood_purity,noise_aware_silhouette|silhouette,1,0.0,1
c3h_000256_ec68e711,x_only,radial_spiral_meander,4,0,direction_entropy,silhouette,1,0.0,1
c3h_000256_ec68e711,xy_2d,radial_spiral_meander,2,0,alpha_shape_compactness|ladderness|rectangularity,convexity_solidity_image|curvature_consistency|hollow_score,3,0.0,1
c3h_000256_ec68e711,y_only,radial_spiral_meander,2,0,cluster_size_balance_entropy|contour_graph_connectivity|hollow_score,alpha_shape_compactness|gridness_fft_acf|noise_aware_silhouette,2,0.0,1
c3h_000257_80ddf35b,x_only,parabolic_curved_chains,2,0,noise_aware_silhouette|parabolicity|parallel_bands,min_centroid_distance|neighborhood_purity|neighborhood_purity_multi_k,2,0.0695874462202739,0
c3h_000257_80ddf35b,xy_2d,parabolic_curved_chains,2,0,blobness_log_dog|connectivity_components|min_centroid_distance,noise_aware_silhouette|parabolicity|silhouette,2,0.0,1
c3h_000257_80ddf35b,y_only,parabolic_curved_chains,3,0,min_centroid_distance|neighborhood_purity_multi_k,connectivity_components|noise_aware_silhouette,0,0.0,1
c3h_000259_4fc612e0,x_only,ladder_grid_lattice,2,0,arc_circle_fit|connectivity_components|gridness_fft_acf,axial_symmetry|connected_components_count|neighborhood_purity_multi_k,3,0.17485233400306238,0
c3h_000259_4fc612e0,xy_2d,ladder_grid_lattice,0,0,connectivity_components|davies_bouldin|min_centroid_distance|noise_aware_silhouette|silhouette,calinski_harabasz|cluster_size_balance_entropy|connected_components_count|contour_graph_connectivity|corner_junction_density,1,0.08908398551196711,0
c3h_000259_4fc612e0,y_only,ladder_grid_lattice,1,0,cluster_size_balance_entropy|min_centroid_distance|morphological_band_count|silhouette,axial_symmetry|connected_components_count|contour_graph_connectivity|glcm_haralick,1,0.05183963210726711,0
c3h_000259_c29b5ea0,x_only,texture_density_fields,3,0,min_intercluster_distance|noise_aware_silhouette,gridness_fft_acf|neighborhood_purity_multi_k,0,0.0,1
c3h_000259_c29b5ea0,xy_2d,texture_density_fields,1,0,axial_symmetry|calinski_harabasz|connected_components_count|contour_graph_connectivity,corner_junction_density|glcm_haralick|periodicity_1d|radial_uniformity,3,0.25855864657523475,0
c3h_000259_c29b5ea0,y_only,texture_density_fields,2,0,davies_bouldin|morphological_band_count|silhouette,alpha_shape_compactness|axial_symmetry|contour_graph_connectivity,1,0.0,1
c3h_000266_f274d2e8,x_only,hollow_topological_components,4,0,axial_symmetry,min_centroid_distance,1,0.0028612422803828697,0
c3h_000266_f274d2e8,xy_2d,hollow_topological_components,3,0,avg_pca_isotropy|contour_graph_connectivity,noise_aware_silhouette|silhouette,1,0.01016922670347542,0
c3h_000266_f274d2e8,y_only,hollow_topological_components,1,0,alpha_shape_compactness|cluster_size_balance_entropy|connectivity_components|periodicity_1d,axial_symmetry|neighborhood_purity|neighborhood_purity_multi_k|silhouette,3,0.16756359581427682,0
c3h_000281_0e99f147,x_only,piecewise_polylines_corners,3,0,noise_aware_silhouette|ribbon_thickness,avg_pca_isotropy|convexity_ratio,1,0.08011869416445161,0
c3h_000281_0e99f147,xy_2d,piecewise_polylines_corners,3,0,axial_symmetry|ellipse_fit_score,fractal_dimension|periodicity_1d,2,0.37086106608338165,1
c3h_000281_0e99f147,y_only,piecewise_polylines_corners,2,0,alpha_shape_compactness|gridness_fft_acf|min_centroid_distance,axial_symmetry|cluster_size_balance_entropy|radial_uniformity,2,-0.027769565182257594,0
c3h_000289_5c7f2fda,x_only,arcs_circles_rings,2,0,alpha_shape_compactness|axial_symmetry|blobness_log_dog,gridness_fft_acf|min_centroid_distance|silhouette,3,0.08483147103124583,0
c3h_000289_5c7f2fda,xy_2d,arcs_circles_rings,3,0,avg_pca_isotropy|connectivity_components,axial_symmetry|cluster_size_balance_entropy,1,-0.11128798437237292,0
c3h_000289_5c7f2fda,y_only,arcs_circles_rings,2,0,blobness_log_dog|cluster_size_balance_entropy|noise_aware_silhouette,min_centroid_distance|neighborhood_purity|silhouette,1,0.02144739132635398,0
c3h_000311_9458eb05,x_only,linear_bands_parallel_stripes,3,0,bimodality_anti_thickness|lbp_stationarity,eccentricity_ratio|parallel_bands,2,0.0,1
c3h_000311_9458eb05,xy_2d,linear_bands_parallel_stripes,2,0,hough_line_strength|neighborhood_purity|neighborhood_purity_multi_k,axial_symmetry|connectivity_components|ribbon_thickness,1,-0.0074317111633165345,0
c3h_000311_9458eb05,y_only,linear_bands_parallel_stripes,4,0,min_intercluster_distance,cluster_size_balance_entropy,0,-0.005586491950751393,0
c3h_000337_15c3b22c,x_only,deinterleaving_pri_toa_amp_like,2,0,axial_symmetry|convexity_solidity_image|min_intercluster_distance,corner_junction_density|glcm_haralick|radial_uniformity,2,0.0015753343532760998,1
c3h_000337_15c3b22c,xy_2d,deinterleaving_pri_toa_amp_like,5,1,,,0,0.0,1
c3h_000337_15c3b22c,y_only,deinterleaving_pri_toa_amp_like,1,0,direction_entropy|gridness_fft_acf|ladderness|min_intercluster_distance,cluster_size_balance_entropy|connectivity_components|curvature_consistency|ribbon_thickness,3,0.10186208089536442,1
c3h_000346_22b85c3d,x_only,hybrid_mixed_geometry,4,0,radial_uniformity,davies_bouldin,1,0.0,1
c3h_000346_22b85c3d,xy_2d,hybrid_mixed_geometry,2,0,avg_pca_isotropy|noise_aware_silhouette|silhouette,connected_components_count|connectivity_components|contour_graph_connectivity,0,0.008330108168332018,0
c3h_000346_22b85c3d,y_only,hybrid_mixed_geometry,3,0,davies_bouldin|radial_uniformity,neighborhood_purity|neighborhood_purity_multi_k,1,0.0,1
c3h_000358_a9627cd0,x_only,standard_clustering_blobs,3,0,axial_symmetry|contour_graph_connectivity,neighborhood_purity_multi_k|noise_aware_silhouette,2,0.0,1
c3h_000358_a9627cd0,xy_2d,standard_clustering_blobs,2,0,axial_symmetry|ellipse_fit_score|periodicity_1d,cluster_size_balance_entropy|corner_junction_density|glcm_haralick,3,0.0,1
c3h_000358_a9627cd0,y_only,standard_clustering_blobs,1,0,avg_pca_isotropy|gridness_fft_acf|neighborhood_purity_multi_k|silhouette,cluster_size_balance_entropy|connectivity_components|contour_graph_connectivity|convexity_ratio,1,0.03962985989979567,0
c3h_000386_120fa8e9,x_only,polygons_rectangles_frames,3,0,contour_graph_connectivity|hough_circle_arc_strength,neighborhood_purity_multi_k|noise_aware_silhouette,2,0.16226704653870738,0
c3h_000386_120fa8e9,xy_2d,polygons_rectangles_frames,4,0,noise_aware_silhouette,connectivity_components,0,0.0,1
c3h_000386_120fa8e9,y_only,polygons_rectangles_frames,2,0,contour_graph_connectivity|corner_junction_density|parallel_bands,avg_pca_isotropy|axial_symmetry|neighborhood_purity_multi_k,3,0.11429791675259005,0
c3h_000428_082b05b6,x_only,texture_density_fields,2,0,arc_circle_fit|blobness_log_dog|ladderness,neighborhood_purity|neighborhood_purity_multi_k|silhouette,3,0.0,1
c3h_000428_082b05b6,xy_2d,texture_density_fields,2,0,arc_circle_fit|curvature_consistency|polygonality,alpha_shape_compactness|corner_junction_density|periodicity_1d,3,0.16884261096191566,1
c3h_000428_082b05b6,y_only,texture_density_fields,2,0,axial_symmetry|direction_entropy|hough_line_strength,gridness_fft_acf|neighborhood_purity|neighborhood_purity_multi_k,3,0.0,1
c3h_000433_51ceb8fc,x_only,radial_spiral_meander,4,0,neighborhood_purity,noise_aware_silhouette,0,0.0,1
c3h_000433_51ceb8fc,xy_2d,radial_spiral_meander,3,0,alpha_shape_compactness|cluster_size_balance_entropy,davies_bouldin|silhouette,1,0.0,1
c3h_000433_51ceb8fc,y_only,radial_spiral_meander,3,0,min_centroid_distance|noise_aware_silhouette,axial_symmetry|gridness_fft_acf,0,0.0010459552867987387,0
c3h_000438_d7f45587,x_only,parabolic_curved_chains,3,0,min_intercluster_distance|parabolicity,cluster_size_balance_entropy|noise_aware_silhouette,1,0.0,1
c3h_000438_d7f45587,xy_2d,parabolic_curved_chains,2,0,min_intercluster_distance|morphological_band_count|polygonality,calinski_harabasz|convexity_ratio|noise_aware_silhouette,2,0.0,1
c3h_000438_d7f45587,y_only,parabolic_curved_chains,0,0,contour_graph_connectivity|convexity_ratio|corner_junction_density|gridness_2d|parallel_bands,min_intercluster_distance|neighborhood_purity|neighborhood_purity_multi_k|noise_aware_silhouette|silhouette,5,0.1841348521044262,0
c3h_000460_3730351d,x_only,ladder_grid_lattice,1,0,cluster_size_balance_entropy|curvature_consistency|ladderness|symmetry_score,min_centroid_distance|neighborhood_purity|neighborhood_purity_multi_k|noise_aware_silhouette,3,0.08243724943656983,0
c3h_000460_3730351d,xy_2d,ladder_grid_lattice,2,0,arc_circle_fit|connected_components_count|corner_junction_density,avg_pca_isotropy|noise_aware_silhouette|silhouette,3,0.1795607355836768,0
c3h_000460_3730351d,y_only,ladder_grid_lattice,4,0,dbcv,neighborhood_purity_multi_k,0,0.0,1
c3h_000473_77b7f4ae,x_only,piecewise_polylines_corners,4,0,min_centroid_distance,silhouette,0,0.0,1
c3h_000473_77b7f4ae,xy_2d,piecewise_polylines_corners,0,0,blobness_log_dog|dbcv|neighborhood_purity|neighborhood_purity_multi_k|rectangularity,cluster_size_balance_entropy|eccentricity_ratio|line_straightness|radial_uniformity|ribbon_thickness,2,0.0,1
c3h_000473_77b7f4ae,y_only,piecewise_polylines_corners,3,0,alpha_shape_compactness|morphological_band_count,gridness_fft_acf|radial_uniformity,2,0.0,1
c3h_000477_40d76f26,x_only,hollow_topological_components,3,0,alpha_shape_compactness|cluster_size_balance_entropy,min_centroid_distance|neighborhood_purity_multi_k,1,0.0240854440187456,0
c3h_000477_40d76f26,xy_2d,hollow_topological_components,2,0,edge_coherence|hollow_score|orientation_histogram_entropy,alpha_shape_compactness|corner_junction_density|periodicity_1d,3,0.3464614063438467,0
c3h_000477_40d76f26,y_only,hollow_topological_components,3,0,contour_graph_connectivity|piecewise_linearity,axial_symmetry|silhouette,2,-0.10050630729567367,1
c3h_000487_7ba94e5e,x_only,arcs_circles_rings,3,0,arc_circle_fit|blobness_log_dog,neighborhood_purity|noise_aware_silhouette,2,0.0,1
c3h_000487_7ba94e5e,xy_2d,arcs_circles_rings,4,0,connected_components_count,davies_bouldin,1,0.0,1
c3h_000487_7ba94e5e,y_only,arcs_circles_rings,3,0,avg_pca_isotropy|connectivity_components,connected_components_count|contour_graph_connectivity,1,9.333518021792386e-06,0
c3h_000494_bf89cb28,x_only,linear_bands_parallel_stripes,0,0,avg_pca_isotropy|blobness_log_dog|cluster_size_imbalance_entropy|hollow_score|lbp_stationarity,corner_junction_density|eccentricity_ratio|glcm_haralick|parallel_bands|ribbon_thickness,3,0.0007402437991729691,0
c3h_000494_bf89cb28,xy_2d,linear_bands_parallel_stripes,2,0,alpha_shape_compactness|cluster_size_balance_entropy|gridness_fft_acf,min_centroid_distance|neighborhood_purity|neighborhood_purity_multi_k,2,-0.10534879896638222,1
c3h_000494_bf89cb28,y_only,linear_bands_parallel_stripes,3,0,davies_bouldin|min_centroid_distance,min_intercluster_distance|silhouette,0,0.00724375378265707,0
c3h_000518_9c9e4247,x_only,standard_clustering_blobs,4,0,direction_entropy,neighborhood_purity_multi_k,1,-0.0012609016693289066,0
c3h_000518_9c9e4247,xy_2d,standard_clustering_blobs,1,0,contour_graph_connectivity|curvature_consistency|ellipse_fit_score|parallel_bands,avg_pca_isotropy|calinski_harabasz|cluster_size_balance_entropy|corner_junction_density,4,0.37277141132364144,1
c3h_000518_9c9e4247,y_only,standard_clustering_blobs,3,0,axial_symmetry|connectivity_components,neighborhood_purity_multi_k|noise_aware_silhouette,2,0.0035310756130561005,0
c3h_000554_e9a21dee,x_only,polygons_rectangles_frames,2,0,direction_entropy|hough_line_strength|noise_aware_silhouette,gridness_fft_acf|neighborhood_purity|silhouette,2,0.0727981022488853,0
c3h_000554_e9a21dee,xy_2d,polygons_rectangles_frames,3,0,cluster_size_balance_entropy|curvature_consistency,blobness_log_dog|noise_aware_silhouette,1,0.0,1
c3h_000554_e9a21dee,y_only,polygons_rectangles_frames,1,0,alpha_shape_compactness|connectivity_components|hollow_score|morphological_band_count,avg_pca_isotropy|direction_entropy|neighborhood_purity_multi_k|silhouette,4,0.15960499709810205,0
c3h_000571_59cd7b6c,x_only,deinterleaving_pri_toa_amp_like,0,0,alpha_shape_compactness|cluster_size_imbalance_entropy|ladderness|lbp_stationarity|peak_to_background_hough,axial_symmetry|convexity_ratio|glcm_haralick|parallel_bands|ribbon_thickness,4,0.0008617560644531001,0
c3h_000571_59cd7b6c,xy_2d,deinterleaving_pri_toa_amp_like,5,1,,,0,0.0,1
c3h_000571_59cd7b6c,y_only,deinterleaving_pri_toa_amp_like,3,0,min_centroid_distance|symmetry_score,connectivity_components|neighborhood_purity,1,0.0,1
c3h_000577_d5dde9fa,x_only,deinterleaving_pri_toa_amp_like,0,0,avg_pca_isotropy|cluster_size_imbalance_entropy|curvature_consistency|ladderness|lbp_stationarity,corner_junction_density|eccentricity_ratio|glcm_haralick|parallel_bands|ribbon_thickness,3,0.0037424658591532,0
c3h_000577_d5dde9fa,xy_2d,deinterleaving_pri_toa_amp_like,2,0,circularity_compactness|contour_graph_connectivity|ridge_strength,fractal_dimension|glcm_haralick|periodicity_1d,3,0.0,1
c3h_000577_d5dde9fa,y_only,deinterleaving_pri_toa_amp_like,3,0,contour_graph_connectivity|direction_entropy,connected_components_count|neighborhood_purity_multi_k,2,-0.06468038691527173,1
c3h_000610_86a7afda,x_only,radial_spiral_meander,4,0,gridness_fft_acf,noise_aware_silhouette,1,0.0,1
c3h_000610_86a7afda,xy_2d,radial_spiral_meander,1,0,ellipse_fit_score|morphological_band_count|mst_smoothness|piecewise_linearity,axial_symmetry|connectivity_components|min_centroid_distance|noise_aware_silhouette,4,0.1213970296255038,0
c3h_000610_86a7afda,y_only,radial_spiral_meander,4,0,noise_aware_silhouette,silhouette,0,0.03168985113091227,0
c3h_000614_8b442d31,x_only,hybrid_mixed_geometry,2,0,connected_components_count|convexity_ratio|morphological_band_count,neighborhood_purity_multi_k|noise_aware_silhouette|silhouette,3,0.06999241279640939,0
c3h_000614_8b442d31,xy_2d,hybrid_mixed_geometry,1,0,cluster_size_balance_entropy|dbcv|ladderness|silhouette,connected_components_count|convexity_ratio|corner_junction_density|curvature_consistency,1,0.19748161334454983,0
c3h_000614_8b442d31,y_only,hybrid_mixed_geometry,4,0,gridness_fft_acf,parallel_bands,1,0.14437914912514016,0
c3h_000618_fcec8060,x_only,hybrid_mixed_geometry,4,0,noise_aware_silhouette,axial_symmetry,0,0.05678930610041061,0
c3h_000618_fcec8060,xy_2d,hybrid_mixed_geometry,2,0,cluster_size_balance_entropy|connectivity_components|hough_circle_arc_strength,fractal_dimension|periodicity_1d|ridge_strength,2,0.173869112960844,1
c3h_000618_fcec8060,y_only,hybrid_mixed_geometry,3,0,direction_entropy|noise_aware_silhouette,axial_symmetry|connected_components_count,1,-0.05890499686083181,0
c3h_000621_e98e6ef5,x_only,texture_density_fields,3,0,min_centroid_distance|neighborhood_purity,axial_symmetry|connectivity_components,0,-0.036582299157507214,0
c3h_000621_e98e6ef5,xy_2d,texture_density_fields,0,0,connected_components_count|connectivity_components|gridness_fft_acf|min_centroid_distance|noise_aware_silhouette,alpha_shape_compactness|avg_pca_isotropy|calinski_harabasz|convexity_solidity_image|rectangularity,3,0.03842025349241768,0
c3h_000621_e98e6ef5,y_only,texture_density_fields,3,0,direction_entropy|silhouette,axial_symmetry|connectivity_components,1,0.0,1
c3h_000623_242d97e5,x_only,parabolic_curved_chains,4,0,direction_entropy,gridness_fft_acf,1,0.0,1
c3h_000623_242d97e5,xy_2d,parabolic_curved_chains,0,0,arc_circle_fit|connectivity_components|convexity_ratio|gridness_fft_acf|hollow_score,blobness_log_dog|min_centroid_distance|neighborhood_purity|neighborhood_purity_multi_k|noise_aware_silhouette,5,0.23992331232468117,1
c3h_000623_242d97e5,y_only,parabolic_curved_chains,4,0,morphological_band_count,noise_aware_silhouette,1,-0.001077872533697788,0
c3h_000653_a55c1573,x_only,ladder_grid_lattice,3,0,contour_graph_connectivity|min_centroid_distance,gridness_fft_acf|noise_aware_silhouette,1,-0.018257586022662003,0
c3h_000653_a55c1573,xy_2d,ladder_grid_lattice,3,0,connectivity_components|silhouette,alpha_shape_compactness|convexity_ratio,1,0.05963972631909198,1
c3h_000653_a55c1573,y_only,ladder_grid_lattice,3,0,connectivity_components|noise_aware_silhouette,min_centroid_distance|silhouette,1,0.038962091145376604,0
c3h_000662_09f5d0cd,x_only,standard_clustering_blobs,3,0,neighborhood_purity|noise_aware_silhouette,connectivity_components|silhouette,0,0.0,1
c3h_000662_09f5d0cd,xy_2d,standard_clustering_blobs,1,0,axial_symmetry|connected_components_count|ellipse_fit_score|noise_aware_silhouette,avg_pca_isotropy|cluster_size_balance_entropy|corner_sharpness|radial_uniformity,3,-0.15888518230515275,1
c3h_000662_09f5d0cd,y_only,standard_clustering_blobs,4,0,direction_entropy,min_centroid_distance,1,0.0,1
c3h_000665_fde08cf7,x_only,piecewise_polylines_corners,1,0,cluster_size_balance_entropy|contour_graph_connectivity|parallel_bands|radial_uniformity,alpha_shape_compactness|axial_symmetry|gridness_fft_acf|silhouette,3,-0.002614478158315947,0
c3h_000665_fde08cf7,xy_2d,piecewise_polylines_corners,3,0,axial_symmetry|symmetry_score,avg_pca_isotropy|corner_sharpness,2,0.22181733382236468,0
c3h_000665_fde08cf7,y_only,piecewise_polylines_corners,4,0,neighborhood_purity_multi_k,axial_symmetry,0,0.0,1
c3h_000676_04b5827d,x_only,arcs_circles_rings,1,0,cluster_size_balance_entropy|connectivity_components|direction_entropy|noise_aware_silhouette,gridness_fft_acf|neighborhood_purity|neighborhood_purity_multi_k|silhouette,2,0.13889580128394002,0
c3h_000676_04b5827d,xy_2d,arcs_circles_rings,4,0,rectangularity,cluster_size_balance_entropy,1,0.0,1
c3h_000676_04b5827d,y_only,arcs_circles_rings,3,0,axial_symmetry|connectivity_components,min_centroid_distance|neighborhood_purity,2,0.10398167536988973,0
c3h_000677_7e207c29,x_only,arcs_circles_rings,3,0,alpha_shape_compactness|noise_aware_silhouette,axial_symmetry|neighborhood_purity_multi_k,1,-0.0019451666497958264,0
c3h_000677_7e207c29,xy_2d,arcs_circles_rings,4,0,hollow_score,avg_pca_isotropy,1,0.0,1
c3h_000677_7e207c29,y_only,arcs_circles_rings,2,0,avg_pca_isotropy|connected_components_count|min_centroid_distance,axial_symmetry|cluster_size_balance_entropy|silhouette,1,-0.18330681274518357,0
c3h_000678_0c87f410,x_only,hollow_topological_components,4,0,davies_bouldin,cluster_size_balance_entropy,0,0.0,1
c3h_000678_0c87f410,xy_2d,hollow_topological_components,4,0,connected_components_count,silhouette,1,0.0,1
c3h_000678_0c87f410,y_only,hollow_topological_components,4,0,alpha_shape_compactness,radial_uniformity,1,0.0,1
c3h_000704_dd790c13,x_only,linear_bands_parallel_stripes,0,0,axial_symmetry|edge_coherence|lbp_stationarity|mst_smoothness|orientation_histogram_entropy,connectivity_components|contour_graph_connectivity|glcm_haralick|parallel_bands|ribbon_thickness,5,0.0006103429264071999,0
c3h_000704_dd790c13,xy_2d,linear_bands_parallel_stripes,3,0,contour_graph_connectivity|hollow_score,circularity_compactness|fractal_dimension,2,0.0,1
c3h_000704_dd790c13,y_only,linear_bands_parallel_stripes,2,0,blobness_log_dog|connected_components_count|silhouette,connectivity_components|gridness_fft_acf|min_centroid_distance,2,0.0,1
c3h_000712_cd602088,x_only,linear_bands_parallel_stripes,3,0,corner_junction_density|symmetry_score,axial_symmetry|glcm_haralick,2,0.00025179176918069994,0
c3h_000712_cd602088,xy_2d,linear_bands_parallel_stripes,3,0,avg_within_cluster_dispersion|connected_components_count,fractal_dimension|lbp_stationarity,1,0.0,1
c3h_000712_cd602088,y_only,linear_bands_parallel_stripes,3,0,axial_symmetry|noise_aware_silhouette,connectivity_components|min_centroid_distance,1,0.071061953677375,0
c3h_000718_e66bc861,x_only,polygons_rectangles_frames,4,0,gridness_2d,neighborhood_purity,1,0.0,1
c3h_000718_e66bc861,xy_2d,polygons_rectangles_frames,4,0,avg_pca_isotropy,blobness_log_dog,0,0.06984768803568259,0
c3h_000718_e66bc861,y_only,polygons_rectangles_frames,3,0,contour_graph_connectivity|direction_entropy,neighborhood_purity_multi_k|noise_aware_silhouette,2,0.0004846367658963846,0
c3h_000800_572e91d5,x_only,texture_density_fields,2,0,axial_symmetry|cluster_size_balance_entropy|neighborhood_purity,gridness_fft_acf|min_centroid_distance|noise_aware_silhouette,1,0.056764866167095085,0
c3h_000800_572e91d5,xy_2d,texture_density_fields,2,0,parallel_bands|radial_uniformity|symmetry_score,avg_within_cluster_dispersion|corner_junction_density|fractal_dimension,3,0.21157870459610695,0
c3h_000800_572e91d5,y_only,texture_density_fields,2,0,avg_pca_isotropy|gridness_fft_acf|noise_aware_silhouette,axial_symmetry|cluster_size_balance_entropy|connectivity_components,1,0.006041511727079618,0
c3h_000801_79e612ad,x_only,radial_spiral_meander,5,1,,,0,0.0,1
c3h_000801_79e612ad,xy_2d,radial_spiral_meander,4,0,s_dbw,davies_bouldin,0,0.001638213274282485,0
c3h_000801_79e612ad,y_only,radial_spiral_meander,3,0,alpha_shape_compactness|connected_components_count,cluster_size_balance_entropy|min_centroid_distance,2,0.03637626102622815,0
c3h_000807_c80c70cf,x_only,parabolic_curved_chains,3,0,min_centroid_distance|parabolicity,noise_aware_silhouette|silhouette,1,0.015307107722796698,0
c3h_000807_c80c70cf,xy_2d,parabolic_curved_chains,1,0,corner_sharpness|ellipse_fit_score|peak_to_background_hough|piecewise_linearity,calinski_harabasz|cluster_size_balance_entropy|convexity_ratio|corner_junction_density,4,-0.0482131761240715,0
c3h_000807_c80c70cf,y_only,parabolic_curved_chains,3,0,corner_junction_density|ribbon_thickness,convexity_ratio|hollow_score,2,0.0,1
c3h_000810_2a77307c,x_only,standard_clustering_blobs,3,0,noise_aware_silhouette|radial_uniformity,neighborhood_purity|neighborhood_purity_multi_k,1,0.0,1
c3h_000810_2a77307c,xy_2d,standard_clustering_blobs,3,0,corner_sharpness|ellipse_fit_score,avg_pca_isotropy|corner_junction_density,2,0.1760139469584745,0
c3h_000810_2a77307c,y_only,standard_clustering_blobs,3,0,cluster_size_balance_entropy|parallel_bands,axial_symmetry|radial_uniformity,1,-0.049766158029757146,0
c3h_000812_a55aa469,x_only,deinterleaving_pri_toa_amp_like,0,0,blobness_log_dog|min_centroid_distance|min_intercluster_distance|neighborhood_purity|neighborhood_purity_multi_k,connectivity_components|contour_graph_connectivity|convexity_ratio|corner_junction_density|glcm_haralick,1,0.0022381306907604532,0
c3h_000812_a55aa469,xy_2d,deinterleaving_pri_toa_amp_like,1,0,avg_within_cluster_dispersion|corner_junction_density|periodicity_1d|rectangularity,fractal_dimension|lbp_stationarity|skeleton_connectivity|thickness_uniformity,3,0.0,1
c3h_000812_a55aa469,y_only,deinterleaving_pri_toa_amp_like,1,0,contour_graph_connectivity|curvature_consistency|radial_uniformity|ribbon_thickness,min_centroid_distance|neighborhood_purity_multi_k|noise_aware_silhouette|silhouette,4,0.0443952617394496,1
c3h_000836_44656dfb,x_only,ladder_grid_lattice,3,0,cluster_size_balance_entropy|connectivity_components,gridness_fft_acf|min_centroid_distance,1,0.004817863965562802,0
c3h_000836_44656dfb,xy_2d,ladder_grid_lattice,4,0,convexity_solidity_image,gridness_fft_acf,1,0.005339550655108605,0
c3h_000836_44656dfb,y_only,ladder_grid_lattice,1,0,convexity_ratio|min_intercluster_distance|noise_aware_silhouette|parallel_bands,connectivity_components|gridness_fft_acf|neighborhood_purity_multi_k|silhouette,2,0.007536035703550381,0
c3h_000868_26367956,x_only,piecewise_polylines_corners,3,0,axial_symmetry|min_centroid_distance,neighborhood_purity_multi_k|noise_aware_silhouette,1,-0.016936347315590128,0
c3h_000868_26367956,xy_2d,piecewise_polylines_corners,2,0,avg_pca_isotropy|cluster_size_balance_entropy|connectivity_components,davies_bouldin|noise_aware_silhouette|silhouette,1,0.0,1
c3h_000868_26367956,y_only,piecewise_polylines_corners,4,0,axial_symmetry,noise_aware_silhouette,1,0.0,1
c3h_000869_bc2b909c,x_only,hollow_topological_components,4,0,direction_entropy,silhouette,1,0.07595815762759653,0
c3h_000869_bc2b909c,xy_2d,hollow_topological_components,2,0,connected_components_count|dbcv|ellipse_fit_score,cluster_size_balance_entropy|noise_aware_silhouette|s_dbw,2,0.0,1
c3h_000869_bc2b909c,y_only,hollow_topological_components,3,0,contour_graph_connectivity|davies_bouldin,axial_symmetry|silhouette,1,-0.0034545667167847904,0
c3h_000870_4c904006,x_only,hybrid_mixed_geometry,2,0,connected_components_count|morphological_band_count|neighborhood_purity,axial_symmetry|gridness_fft_acf|min_centroid_distance,2,0.1910530837791302,0
c3h_000870_4c904006,xy_2d,hybrid_mixed_geometry,1,0,avg_pca_isotropy|axial_symmetry|noise_aware_silhouette|silhouette,avg_within_cluster_dispersion|corner_junction_density|glcm_haralick|periodicity_1d,1,0.3732427492896864,0
c3h_000870_4c904006,y_only,hybrid_mixed_geometry,4,0,axial_symmetry,min_centroid_distance,1,-0.013829026729874072,0
c3h_000881_03a83e5a,x_only,arcs_circles_rings,2,0,hough_line_strength|min_intercluster_distance|neighborhood_purity,min_centroid_distance|noise_aware_silhouette|silhouette,1,0.07504672299977738,0
c3h_000881_03a83e5a,xy_2d,arcs_circles_rings,3,0,davies_bouldin|silhouette,convexity_solidity_image|rectangularity,0,0.0,1
c3h_000881_03a83e5a,y_only,arcs_circles_rings,3,0,direction_entropy|noise_aware_silhouette,neighborhood_purity|neighborhood_purity_multi_k,1,0.0007498290487570891,0
c3h_000896_a6c67044,x_only,polygons_rectangles_frames,4,0,connected_components_count,gridness_fft_acf,1,0.0,1
c3h_000896_a6c67044,xy_2d,polygons_rectangles_frames,0,0,avg_pca_isotropy|connectivity_components|gridness_fft_acf|min_centroid_distance|noise_aware_silhouette,alpha_shape_compactness|calinski_harabasz|convexity_ratio|convexity_solidity_image|rectangularity,2,0.19220541569468264,0
c3h_000896_a6c67044,y_only,polygons_rectangles_frames,2,0,connectivity_components|convexity_ratio|morphological_band_count,gridness_fft_acf|min_centroid_distance|silhouette,3,0.1791937163468685,0
c3h_000929_e9e513f2,x_only,linear_bands_parallel_stripes,4,0,gridness_fft_acf,cluster_size_balance_entropy,1,0.003940336003200817,0
c3h_000929_e9e513f2,xy_2d,linear_bands_parallel_stripes,3,0,polygonality|radial_uniformity,axial_symmetry|curvature_consistency,2,-0.07322734912851292,1
c3h_000929_e9e513f2,y_only,linear_bands_parallel_stripes,2,0,davies_bouldin|neighborhood_purity_multi_k|silhouette,cluster_size_balance_entropy|min_intercluster_distance|noise_aware_silhouette,0,0.07184428205426596,0
c3h_000945_e1942d08,x_only,standard_clustering_blobs,4,0,silhouette,connected_components_count,0,0.0,1
c3h_000945_e1942d08,xy_2d,standard_clustering_blobs,4,0,axial_symmetry,cluster_size_balance_entropy,1,0.1264742845350757,0
c3h_000945_e1942d08,y_only,standard_clustering_blobs,3,0,axial_symmetry|connected_components_count,cluster_size_balance_entropy|radial_uniformity,2,-0.017786624382654326,0
c3h_000971_96e09ba5,x_only,radial_spiral_meander,4,0,noise_aware_silhouette,neighborhood_purity_multi_k,0,0.0,1
c3h_000971_96e09ba5,xy_2d,radial_spiral_meander,1,0,corner_junction_density|curvature_consistency|hollow_score|skeleton_connectivity,avg_pca_isotropy|contour_graph_connectivity|noise_aware_silhouette|silhouette,4,0.05050465140035232,1
c3h_000971_96e09ba5,y_only,radial_spiral_meander,1,0,cluster_size_balance_entropy|connected_components_count|connectivity_components|radial_uniformity,gridness_fft_acf|neighborhood_purity_multi_k|noise_aware_silhouette|silhouette,3,0.00038346246604981093,0
c3h_000972_da788591,x_only,texture_density_fields,2,0,curvature_consistency|morphological_band_count|radial_uniformity,alpha_shape_compactness|axial_symmetry|connected_components_count,3,-0.004220326110774053,0
c3h_000972_da788591,xy_2d,texture_density_fields,3,0,connected_components_count|connectivity_components,noise_aware_silhouette|silhouette,2,0.0,1
c3h_000972_da788591,y_only,texture_density_fields,2,0,avg_pca_isotropy|gridness_fft_acf|min_centroid_distance,neighborhood_purity|neighborhood_purity_multi_k|silhouette,1,0.0,1
c3h_000985_b40c6a93,x_only,parabolic_curved_chains,1,0,arc_circle_fit|avg_pca_isotropy|cluster_size_balance_entropy|connectivity_components,min_centroid_distance|neighborhood_purity|neighborhood_purity_multi_k|noise_aware_silhouette,2,0.02484475209413911,0
c3h_000985_b40c6a93,xy_2d,parabolic_curved_chains,2,0,cluster_size_balance_entropy|davies_bouldin|silhouette,convexity_ratio|glcm_haralick|hollow_score,0,0.10593868789253641,0
c3h_000985_b40c6a93,y_only,parabolic_curved_chains,2,0,contour_graph_connectivity|neighborhood_purity_multi_k|parabolicity,noise_aware_silhouette|parallel_bands|ribbon_thickness,2,0.03350656067290181,0
c3h_001031_43dfceba,x_only,ladder_grid_lattice,4,0,neighborhood_purity,connectivity_components,0,0.0,1
c3h_001031_43dfceba,xy_2d,ladder_grid_lattice,2,0,euler_holes_count|min_centroid_distance|polygonality,calinski_harabasz|cluster_size_balance_entropy|convexity_ratio,2,0.06081766977399028,0
c3h_001031_43dfceba,y_only,ladder_grid_lattice,3,0,connected_components_count|min_intercluster_distance,min_centroid_distance|neighborhood_purity_multi_k,1,0.01521544453543211,0
c3h_001068_ed4b530b,x_only,deinterleaving_pri_toa_amp_like,2,0,axial_symmetry|morphological_band_count|parallel_bands,gridness_fft_acf|neighborhood_purity|neighborhood_purity_multi_k,3,0.025640479500658203,1
c3h_001068_ed4b530b,xy_2d,deinterleaving_pri_toa_amp_like,1,0,direction_entropy|min_centroid_distance|neighborhood_purity|neighborhood_purity_multi_k,eccentricity_ratio|ladderness|line_straightness|ribbon_thickness,1,0.0,1
c3h_001068_ed4b530b,y_only,deinterleaving_pri_toa_amp_like,2,0,avg_pca_isotropy|direction_entropy|neighborhood_purity,connectivity_components|noise_aware_silhouette|silhouette,1,0.0,1
c3h_001069_6311fb26,x_only,polygons_rectangles_frames,2,0,connectivity_components|neighborhood_purity_multi_k|noise_aware_silhouette,avg_pca_isotropy|cluster_size_balance_entropy|contour_graph_connectivity,1,-0.21423670757587032,0
c3h_001069_6311fb26,xy_2d,polygons_rectangles_frames,3,0,noise_aware_silhouette|silhouette,corner_junction_density|radial_uniformity,0,0.09096421996581427,0
c3h_001069_6311fb26,y_only,polygons_rectangles_frames,3,0,axial_symmetry|direction_entropy,neighborhood_purity|neighborhood_purity_multi_k,2,0.00024551368934611073,0
c3h_001071_0c7a2caa,x_only,hollow_topological_components,3,0,arc_circle_fit|ladderness,neighborhood_purity_multi_k|noise_aware_silhouette,2,0.0,1
c3h_001071_0c7a2caa,xy_2d,hollow_topological_components,2,0,convexity_solidity_image|corner_sharpness|ladderness,alpha_shape_compactness|arc_circle_fit|avg_pca_isotropy,3,0.0062810308550151905,0
c3h_001071_0c7a2caa,y_only,hollow_topological_components,1,0,alpha_shape_compactness|cluster_size_balance_entropy|convexity_solidity_image|morphological_band_count,avg_pca_isotropy|gridness_fft_acf|noise_aware_silhouette|silhouette,3,0.26305273791884515,0
c3h_001073_2fb38a07,x_only,hollow_topological_components,4,0,min_centroid_distance,noise_aware_silhouette,0,0.0,1
c3h_001073_2fb38a07,xy_2d,hollow_topological_components,1,0,calinski_harabasz|connected_components_count|hollow_score|ladderness,avg_pca_isotropy|circularity_compactness|corner_junction_density|periodicity_1d,3,0.0,1
c3h_001073_2fb38a07,y_only,hollow_topological_components,3,0,morphological_band_count|neighborhood_purity,gridness_fft_acf|noise_aware_silhouette,1,-0.005067981715934922,0
c3h_001085_2eb43457,x_only,piecewise_polylines_corners,3,0,hough_line_strength|noise_aware_silhouette,neighborhood_purity|neighborhood_purity_multi_k,1,0.0,1
c3h_001085_2eb43457,xy_2d,piecewise_polylines_corners,2,0,axial_symmetry|polygonality|radial_uniformity,calinski_harabasz|cluster_size_balance_entropy|convexity_solidity_image,3,0.017621241899240192,0
c3h_001085_2eb43457,y_only,piecewise_polylines_corners,0,0,connectivity_components|contour_graph_connectivity|convexity_ratio|hough_line_strength|noise_aware_silhouette,direction_entropy|gridness_fft_acf|min_centroid_distance|neighborhood_purity_multi_k|silhouette,4,0.0,1
c3h_001098_b33c21ef,x_only,arcs_circles_rings,0,0,arc_circle_fit|direction_entropy|hollow_score|min_centroid_distance|morphological_band_count,gridness_fft_acf|neighborhood_purity|neighborhood_purity_multi_k|noise_aware_silhouette|silhouette,4,0.0,1
c3h_001098_b33c21ef,xy_2d,arcs_circles_rings,1,0,arc_circle_fit|curvature_consistency|hollow_score|morphological_band_count,blobness_log_dog|neighborhood_purity|neighborhood_purity_multi_k|noise_aware_silhouette,4,0.1678467288107861,0
c3h_001098_b33c21ef,y_only,arcs_circles_rings,2,0,cluster_size_balance_entropy|neighborhood_purity|neighborhood_purity_multi_k,gridness_2d|gridness_fft_acf|noise_aware_silhouette,0,0.0,1
c3h_001132_ba9e23d0,x_only,hybrid_mixed_geometry,3,0,min_intercluster_distance|neighborhood_purity_multi_k,cluster_size_balance_entropy|parallel_bands,0,-0.0398732483089595,0
c3h_001132_ba9e23d0,xy_2d,hybrid_mixed_geometry,0,0,connected_components_count|contour_graph_connectivity|davies_bouldin|dbcv|gridness_fft_acf,alpha_shape_compactness|calinski_harabasz|convexity_ratio|corner_junction_density|glcm_haralick,3,0.015186807798296287,0
c3h_001132_ba9e23d0,y_only,hybrid_mixed_geometry,2,0,alpha_shape_compactness|axial_symmetry|morphological_band_count,cluster_size_balance_entropy|connected_components_count|noise_aware_silhouette,3,0.0814871387975242,0
c3h_001141_7f8e7c31,x_only,linear_bands_parallel_stripes,0,0,cluster_size_imbalance_entropy|curvature_consistency|euler_holes_count|hollow_score|peak_to_background_hough,corner_junction_density|eccentricity_ratio|glcm_haralick|parallel_bands|ribbon_thickness,4,0.0037073487173409,0
c3h_001141_7f8e7c31,xy_2d,linear_bands_parallel_stripes,0,0,min_intercluster_distance|morphological_band_count|neighborhood_purity|neighborhood_purity_multi_k|parabolicity,curvature_consistency|eccentricity_ratio|gridness_fft_acf|line_straightness|ribbon_thickness,2,0.13220594751640202,0
c3h_001141_7f8e7c31,y_only,linear_bands_parallel_stripes,1,0,alpha_shape_compactness|neighborhood_purity|neighborhood_purity_multi_k|parabolicity,cluster_size_balance_entropy|connectivity_components|gridness_fft_acf|parallel_bands,2,0.12098591727747171,1
c3h_001164_c6dabdc7,x_only,texture_density_fields,2,0,connected_components_count|contour_graph_connectivity|gridness_2d,axial_symmetry|gridness_fft_acf|noise_aware_silhouette,3,-0.050906256738037725,1
c3h_001164_c6dabdc7,xy_2d,texture_density_fields,1,0,cluster_size_balance_entropy|connected_components_count|connectivity_components|noise_aware_silhouette,calinski_harabasz|convexity_solidity_image|corner_junction_density|glcm_haralick,2,0.21873425920558254,1
c3h_001164_c6dabdc7,y_only,texture_density_fields,1,0,cluster_size_balance_entropy|connectivity_components|contour_graph_connectivity|direction_entropy,gridness_fft_acf|min_centroid_distance|noise_aware_silhouette|silhouette,3,0.07186980205621007,0
c3h_001165_45022a40,x_only,radial_spiral_meander,0,0,alpha_shape_compactness|direction_entropy|min_centroid_distance|neighborhood_purity_multi_k|silhouette,axial_symmetry|cluster_size_balance_entropy|connectivity_components|convexity_ratio|gridness_fft_acf,2,0.005559539673762104,0
c3h_001165_45022a40,xy_2d,radial_spiral_meander,0,0,alpha_shape_compactness|avg_within_cluster_dispersion|convexity_ratio|corner_sharpness|ellipse_fit_score,corner_junction_density|fractal_dimension|periodicity_1d|skeleton_connectivity|thickness_uniformity,4,0.0,1
c3h_001165_45022a40,y_only,radial_spiral_meander,4,0,direction_entropy,gridness_fft_acf,1,0.0,1
c3h_001167_102ad868,x_only,parabolic_curved_chains,3,0,hollow_score|min_centroid_distance,noise_aware_silhouette|silhouette,1,0.0,1
c3h_001167_102ad868,xy_2d,parabolic_curved_chains,2,0,glcm_haralick|periodicity_1d|ridge_strength,alpha_shape_compactness|connectivity_components|convexity_ratio,3,0.033188521945877014,0
c3h_001167_102ad868,y_only,parabolic_curved_chains,2,0,axial_symmetry|contour_graph_connectivity|morphological_band_count,neighborhood_purity_multi_k|noise_aware_silhouette|silhouette,3,0.09622494819466354,0
c3h_001223_3f454846,x_only,ladder_grid_lattice,1,0,contour_graph_connectivity|gridness_fft_acf|neighborhood_purity|parallel_bands,cluster_size_balance_entropy|glcm_haralick|noise_aware_silhouette|ribbon_thickness,3,0.12395959232967549,1
c3h_001223_3f454846,xy_2d,ladder_grid_lattice,2,0,blobness_log_dog|min_intercluster_distance|neighborhood_purity_multi_k,convexity_ratio|noise_aware_silhouette|silhouette,1,0.15599680791201798,0
c3h_001223_3f454846,y_only,ladder_grid_lattice,0,0,connected_components_count|connectivity_components|glcm_haralick|radial_uniformity|ribbon_thickness,cluster_size_balance_entropy|gridness_fft_acf|neighborhood_purity|noise_aware_silhouette|parallel_bands,5,0.0472608189689968,0
c3h_001271_414d1b36,x_only,hollow_topological_components,2,0,avg_pca_isotropy|axial_symmetry|blobness_log_dog,neighborhood_purity|neighborhood_purity_multi_k|noise_aware_silhouette,2,0.0,1
c3h_001271_414d1b36,xy_2d,hollow_topological_components,2,0,cluster_size_balance_entropy|connected_components_count|ladderness,avg_pca_isotropy|calinski_harabasz|noise_aware_silhouette,2,0.20903834724320947,0
c3h_001271_414d1b36,y_only,hollow_topological_components,3,0,axial_symmetry|direction_entropy,neighborhood_purity|silhouette,2,-0.003089783629056597,0
c3h_001278_548833ca,x_only,piecewise_polylines_corners,3,0,axial_symmetry|connected_components_count,contour_graph_connectivity|noise_aware_silhouette,2,0.0,1
c3h_001278_548833ca,xy_2d,piecewise_polylines_corners,2,0,axial_symmetry|noise_aware_silhouette|radial_uniformity,avg_pca_isotropy|cluster_size_balance_entropy|s_dbw,2,0.15457246721266604,1
c3h_001278_548833ca,y_only,piecewise_polylines_corners,2,0,axial_symmetry|blobness_log_dog|gridness_2d,neighborhood_purity|neighborhood_purity_multi_k|noise_aware_silhouette,3,0.1286858201101022,1
c3h_001317_25b23f37,x_only,deinterleaving_pri_toa_amp_like,2,0,axial_symmetry|min_intercluster_distance|symmetry_score,gridness_fft_acf|noise_aware_silhouette|ribbon_thickness,2,0.005635094858962401,0
c3h_001317_25b23f37,xy_2d,deinterleaving_pri_toa_amp_like,4,0,eccentricity_ratio,ladderness,1,0.0,1
c3h_001317_25b23f37,y_only,deinterleaving_pri_toa_amp_like,2,0,alpha_shape_compactness|avg_pca_isotropy|blobness_log_dog,neighborhood_purity|noise_aware_silhouette|silhouette,2,0.0,1
c3h_001325_99620a7f,x_only,deinterleaving_pri_toa_amp_like,1,0,convexity_ratio|min_centroid_distance|neighborhood_purity_multi_k|silhouette,axial_symmetry|noise_aware_silhouette|parallel_bands|ribbon_thickness,1,0.0007759976387665055,0
c3h_001325_99620a7f,xy_2d,deinterleaving_pri_toa_amp_like,3,0,dbcv|eccentricity_ratio,calinski_harabasz|noise_aware_silhouette,1,0.0,1
c3h_001325_99620a7f,y_only,deinterleaving_pri_toa_amp_like,2,0,cluster_size_balance_entropy|contour_graph_connectivity|convexity_ratio,connected_components_count|noise_aware_silhouette|ribbon_thickness,2,0.01365313454989081,0
c3h_001333_5fd33eee,x_only,arcs_circles_rings,5,1,,,0,0.0,1
c3h_001333_5fd33eee,xy_2d,arcs_circles_rings,3,0,cluster_size_balance_entropy|contour_graph_connectivity,davies_bouldin|s_dbw,1,0.0007187395535002139,0
c3h_001333_5fd33eee,y_only,arcs_circles_rings,3,0,min_intercluster_distance|neighborhood_purity,gridness_fft_acf|min_centroid_distance,0,0.0,1
c3h_001346_19978788,x_only,arcs_circles_rings,4,0,alpha_shape_compactness,noise_aware_silhouette,1,-0.011843089532052264,0
c3h_001346_19978788,xy_2d,arcs_circles_rings,1,0,axial_symmetry|hollow_score|parallel_bands|rectangularity,connected_components_count|davies_bouldin|noise_aware_silhouette|silhouette,4,0.0035797882058021813,0
c3h_001346_19978788,y_only,arcs_circles_rings,4,0,noise_aware_silhouette,neighborhood_purity,0,0.0010889556362493336,0
c3h_001371_0e2c514e,x_only,linear_bands_parallel_stripes,5,1,,,0,0.0,1
c3h_001371_0e2c514e,xy_2d,linear_bands_parallel_stripes,3,0,curvature_consistency|piecewise_linearity,axial_symmetry|line_straightness,2,-0.2782095202766258,1
c3h_001371_0e2c514e,y_only,linear_bands_parallel_stripes,1,0,axial_symmetry|connectivity_components|line_straightness|morphological_band_count,gridness_fft_acf|neighborhood_purity_multi_k|noise_aware_silhouette|silhouette,4,0.0,1
c3h_001383_c16f9591,x_only,hybrid_mixed_geometry,4,0,axial_symmetry,noise_aware_silhouette,1,0.0,1
c3h_001383_c16f9591,xy_2d,hybrid_mixed_geometry,0,0,connected_components_count|curvature_consistency|ladderness|parallel_bands|rectangularity,dbcv|neighborhood_purity|neighborhood_purity_multi_k|noise_aware_silhouette|silhouette,5,0.19954754806089237,1
c3h_001383_c16f9591,y_only,hybrid_mixed_geometry,2,0,alpha_shape_compactness|connected_components_count|hough_circle_arc_strength,gridness_fft_acf|noise_aware_silhouette|silhouette,3,0.0,1
c3h_001581_436f42b1,x_only,arcs_circles_rings,2,0,contour_graph_connectivity|corner_junction_density|ribbon_thickness,connectivity_components|glcm_haralick|symmetry_score,3,-0.019110729584164807,1
c3h_001581_436f42b1,xy_2d,arcs_circles_rings,3,0,connected_components_count|skeleton_connectivity,corner_junction_density|glcm_haralick,2,0.0,1
c3h_001581_436f42b1,y_only,arcs_circles_rings,3,0,convexity_ratio|ribbon_thickness,corner_junction_density|glcm_haralick,2,0.060760457849595786,0
c3h_001583_76359d97,x_only,deinterleaving_pri_toa_amp_like,1,0,calinski_harabasz|convexity_solidity_image|fractal_dimension|ribbon_thickness,cluster_size_balance_entropy|neighborhood_purity|neighborhood_purity_multi_k|noise_aware_silhouette,3,0.0165720001090293,0
c3h_001583_76359d97,xy_2d,deinterleaving_pri_toa_amp_like,2,0,convexity_ratio|rectangularity|ribbon_thickness,calinski_harabasz|connectivity_components|noise_aware_silhouette,3,0.0,1
c3h_001583_76359d97,y_only,deinterleaving_pri_toa_amp_like,3,0,dbcv|parallel_bands,connectivity_components|silhouette,1,0.0,1
c3h_001662_c7b6407d,x_only,hybrid_mixed_geometry,2,0,cluster_size_balance_entropy|noise_aware_silhouette|radial_uniformity,gridness_fft_acf|neighborhood_purity|neighborhood_purity_multi_k,1,0.0,1
c3h_001662_c7b6407d,xy_2d,hybrid_mixed_geometry,2,0,axial_symmetry|morphological_band_count|polygonality,blobness_log_dog|gridness_fft_acf|ladderness,3,0.05744797319336625,1
c3h_001662_c7b6407d,y_only,hybrid_mixed_geometry,2,0,blobness_log_dog|hollow_score|min_intercluster_distance,avg_pca_isotropy|gridness_fft_acf|neighborhood_purity_multi_k,2,0.0,1
c3h_001678_0b15f4b0,x_only,hybrid_mixed_geometry,0,0,contour_graph_connectivity|convexity_ratio|corner_junction_density|fractal_dimension|ridge_strength,gridness_fft_acf|neighborhood_purity|neighborhood_purity_multi_k|noise_aware_silhouette|silhouette,5,0.1500048096676015,0
c3h_001678_0b15f4b0,xy_2d,hybrid_mixed_geometry,3,0,dbcv|ellipse_fit_score,connected_components_count|corner_junction_density,1,0.0,1
c3h_001678_0b15f4b0,y_only,hybrid_mixed_geometry,3,0,min_intercluster_distance|silhouette,parallel_bands|ribbon_thickness,0,0.03977006135956862,1
c3h_001923_a6eabedc,x_only,hybrid_mixed_geometry,1,0,avg_pca_isotropy|convexity_ratio|lbp_stationarity|silhouette,axial_symmetry|connected_components_count|contour_graph_connectivity|glcm_haralick,2,0.10648957646592577,0
c3h_001923_a6eabedc,xy_2d,hybrid_mixed_geometry,1,0,davies_bouldin|ellipse_fit_score|mst_smoothness|s_dbw,axial_symmetry|cluster_size_balance_entropy|curvature_consistency|dbcv,2,0.05078693294400016,0
c3h_001923_a6eabedc,y_only,hybrid_mixed_geometry,2,0,avg_pca_isotropy|blobness_log_dog|morphological_band_count,neighborhood_purity|neighborhood_purity_multi_k|noise_aware_silhouette,2,0.0,1
c3m_000044_d8a47f2c,x_only,polygons_rectangles_frames,4,0,direction_entropy,silhouette,1,-0.03592665404397327,0
c3m_000044_d8a47f2c,xy_2d,polygons_rectangles_frames,4,0,arc_circle_fit,connected_components_count,1,0.0,1
c3m_000044_d8a47f2c,y_only,polygons_rectangles_frames,3,0,hollow_score|silhouette,connected_components_count|connectivity_components,1,0.0,1
c3m_000050_a8c0a2ea,x_only,parabolic_curved_chains,2,0,connectivity_components|gridness_2d|ribbon_thickness,gridness_fft_acf|noise_aware_silhouette|silhouette,3,0.0016159966949729973,0
c3m_000050_a8c0a2ea,xy_2d,parabolic_curved_chains,1,0,circularity_compactness|contour_graph_connectivity|fractal_dimension|ridge_strength,avg_within_cluster_dispersion|corner_junction_density|glcm_haralick|s_dbw,4,0.0,1
c3m_000050_a8c0a2ea,y_only,parabolic_curved_chains,1,0,davies_bouldin|min_centroid_distance|min_intercluster_distance|silhouette,corner_junction_density|curvature_consistency|parallel_bands|ribbon_thickness,0,0.0256636751528916,0
c3m_000051_3b7c2207,x_only,standard_clustering_blobs,2,0,alpha_shape_compactness|cluster_size_balance_entropy|min_centroid_distance,gridness_fft_acf|noise_aware_silhouette|silhouette,1,-0.005087662210789601,0
c3m_000051_3b7c2207,xy_2d,standard_clustering_blobs,3,0,corner_junction_density|corner_sharpness,calinski_harabasz|noise_aware_silhouette,2,0.19755182446307396,0
c3m_000051_3b7c2207,y_only,standard_clustering_blobs,3,0,axial_symmetry|direction_entropy,neighborhood_purity_multi_k|silhouette,2,0.0002500346214764984,0
c3m_000051_95fe64a4,x_only,hollow_topological_components,2,0,contour_graph_connectivity|morphological_band_count|noise_aware_silhouette,min_centroid_distance|neighborhood_purity|neighborhood_purity_multi_k,2,0.0023304000994417984,0
c3m_000051_95fe64a4,xy_2d,hollow_topological_components,5,1,,,0,0.0,1
c3m_000051_95fe64a4,y_only,hollow_topological_components,3,0,arc_circle_fit|connected_components_count,connectivity_components|contour_graph_connectivity,2,0.0,1
c3m_000052_3336e2a6,x_only,piecewise_polylines_corners,4,0,min_centroid_distance,avg_pca_isotropy,0,0.05292995115571586,0
c3m_000052_3336e2a6,xy_2d,piecewise_polylines_corners,0,0,eccentricity_ratio|gridness_fft_acf|line_straightness|polygonality|ribbon_thickness,min_centroid_distance|neighborhood_purity|neighborhood_purity_multi_k|noise_aware_silhouette|silhouette,5,0.14249802345973828,1
c3m_000052_3336e2a6,y_only,piecewise_polylines_corners,2,0,direction_entropy|min_centroid_distance|parabolicity,neighborhood_purity|neighborhood_purity_multi_k|noise_aware_silhouette,2,0.0,1
c3m_000052_5d140900,x_only,radial_spiral_meander,5,1,,,0,0.0,1
c3m_000052_5d140900,xy_2d,radial_spiral_meander,3,0,noise_aware_silhouette|parallel_bands,connected_components_count|connectivity_components,1,-0.0016571647598278005,0
c3m_000052_5d140900,y_only,radial_spiral_meander,1,0,axial_symmetry|contour_graph_connectivity|gridness_fft_acf|min_intercluster_distance,cluster_size_balance_entropy|neighborhood_purity_multi_k|noise_aware_silhouette|radial_uniformity,3,0.0,1
c3m_000057_8bc00749,x_only,texture_density_fields,3,0,alpha_shape_compactness|hollow_score,min_centroid_distance|neighborhood_purity,2,0.0,1
c3m_000057_8bc00749,xy_2d,texture_density_fields,2,0,axial_symmetry|convexity_ratio|hollow_score,connectivity_components|gridness_fft_acf|noise_aware_silhouette,3,-0.016824369820130913,0
c3m_000057_8bc00749,y_only,texture_density_fields,4,0,davies_bouldin,noise_aware_silhouette,0,0.0,1
c3m_000062_fc574bb6,x_only,arcs_circles_rings,4,0,dbcv,gridness_fft_acf,0,0.0,1
c3m_000062_fc574bb6,xy_2d,arcs_circles_rings,1,0,curvature_consistency|hough_circle_arc_strength|ladderness|parabolicity,cluster_size_balance_entropy|connected_components_count|noise_aware_silhouette|silhouette,4,0.0,1
c3m_000062_fc574bb6,y_only,arcs_circles_rings,4,0,axial_symmetry,parallel_bands,1,0.0,1
c3m_000063_91ed0385,x_only,ladder_grid_lattice,0,0,blobness_log_dog|gridness_fft_acf|min_centroid_distance|neighborhood_purity|silhouette,alpha_shape_compactness|connected_components_count|convexity_ratio|parallel_bands|ribbon_thickness,2,0.027849155516052708,1
c3m_000063_91ed0385,xy_2d,ladder_grid_lattice,3,0,axial_symmetry|polygonality,cluster_size_balance_entropy|corner_junction_density,2,0.09415080453438845,0
c3m_000063_91ed0385,y_only,ladder_grid_lattice,4,0,avg_pca_isotropy,neighborhood_purity_multi_k,0,0.0,1
c3m_000065_c4fd4b86,x_only,piecewise_polylines_corners,3,0,min_centroid_distance|morphological_band_count,gridness_fft_acf|neighborhood_purity_multi_k,1,0.0,1
c3m_000065_c4fd4b86,xy_2d,piecewise_polylines_corners,2,0,eccentricity_ratio|line_straightness|ribbon_thickness,davies_bouldin|parallel_bands|silhouette,3,0.0,1
c3m_000065_c4fd4b86,y_only,piecewise_polylines_corners,3,0,cluster_size_balance_entropy|connectivity_components,contour_graph_connectivity|davies_bouldin,1,0.0,1
c3m_000067_eb13c863,x_only,linear_bands_parallel_stripes,1,0,cluster_size_balance_entropy|convexity_ratio|noise_aware_silhouette|silhouette,avg_pca_isotropy|cluster_size_imbalance_entropy|curvature_consistency|peak_to_background_hough,1,0.00024079293952180002,0
c3m_000067_eb13c863,xy_2d,linear_bands_parallel_stripes,4,0,radial_uniformity,parabolicity,1,0.0,1
c3m_000067_eb13c863,y_only,linear_bands_parallel_stripes,0,0,connected_components_count|fractal_dimension|glcm_haralick|morphological_band_count|parallel_bands,gridness_fft_acf|min_centroid_distance|neighborhood_purity|neighborhood_purity_multi_k|noise_aware_silhouette,5,0.025157560374294098,0
c3m_000068_6b65e725,x_only,hybrid_mixed_geometry,2,0,gridness_fft_acf|hough_line_strength|silhouette,axial_symmetry|parallel_bands|ribbon_thickness,2,0.1378270367010542,0
c3m_000068_6b65e725,xy_2d,hybrid_mixed_geometry,3,0,axial_symmetry|ellipse_fit_score,connectivity_components|curvature_consistency,2,0.18640267754913853,0
c3m_000068_6b65e725,y_only,hybrid_mixed_geometry,3,0,direction_entropy|hough_line_strength,axial_symmetry|silhouette,2,-0.018252813783184108,0
c3m_000069_36b3305f,x_only,ladder_grid_lattice,0,0,blobness_log_dog|min_centroid_distance|morphological_band_count|silhouette|turning_points_count,cluster_size_balance_entropy|connected_components_count|contour_graph_connectivity|corner_junction_density|ribbon_thickness,3,0.15303953391605873,0
c3m_000069_36b3305f,xy_2d,ladder_grid_lattice,1,0,convexity_solidity_image|ellipse_fit_score|gridness_2d|rectangularity,corner_junction_density|gridness_fft_acf|parabolicity|ribbon_thickness,4,0.46071737025202736,0
c3m_000069_36b3305f,y_only,ladder_grid_lattice,2,0,blobness_log_dog|direction_entropy|noise_aware_silhouette,gridness_fft_acf|neighborhood_purity|neighborhood_purity_multi_k,2,0.17433361425613766,0
c3m_000077_e95eb1e5,x_only,hybrid_mixed_geometry,1,0,hollow_score|hough_line_strength|peak_to_background_hough|symmetry_score,axial_symmetry|convexity_ratio|fractal_dimension|parallel_bands,4,-0.009235639491661202,1
c3m_000077_e95eb1e5,xy_2d,hybrid_mixed_geometry,1,0,axial_symmetry|calinski_harabasz|connectivity_components|dbcv,cluster_size_balance_entropy|convexity_ratio|corner_junction_density|glcm_haralick,2,0.286622418343759,1
c3m_000077_e95eb1e5,y_only,hybrid_mixed_geometry,3,0,cluster_size_balance_entropy|connectivity_components,connected_components_count|noise_aware_silhouette,1,0.03461580539981035,0
c3m_000078_8da24069,x_only,linear_bands_parallel_stripes,3,0,hough_circle_arc_strength|turning_points_count,curvature_consistency|edge_coherence,2,9.788117320862379e-05,0
c3m_000078_8da24069,xy_2d,linear_bands_parallel_stripes,1,0,avg_within_cluster_dispersion|ellipse_fit_score|fractal_dimension|s_dbw,curvature_consistency|glcm_haralick|periodicity_1d|skeleton_connectivity,2,0.00988438327689209,1
c3m_000078_8da24069,y_only,linear_bands_parallel_stripes,3,0,blobness_log_dog|noise_aware_silhouette,neighborhood_purity_multi_k|silhouette,1,0.0,1
c3m_000080_253b36bb,x_only,deinterleaving_pri_toa_amp_like,0,0,convexity_ratio|hough_line_strength|neighborhood_purity|neighborhood_purity_multi_k|noise_aware_silhouette,circularity_compactness|cluster_size_imbalance_entropy|ellipse_fit_score|orientation_histogram_entropy|radial_uniformity,2,0.0008049843570114,0
c3m_000080_253b36bb,xy_2d,deinterleaving_pri_toa_amp_like,3,0,contour_graph_connectivity|radial_uniformity,connectivity_components|dbcv,2,0.0,1
c3m_000080_253b36bb,y_only,deinterleaving_pri_toa_amp_like,1,0,cluster_size_balance_entropy|convexity_ratio|dbcv|min_intercluster_distance,davies_bouldin|neighborhood_purity|neighborhood_purity_multi_k|noise_aware_silhouette,1,0.07816513929173352,1
c3m_000194_b8ffb9f2,x_only,standard_clustering_blobs,2,0,direction_entropy|noise_aware_silhouette|radial_uniformity,gridness_fft_acf|min_centroid_distance|neighborhood_purity_multi_k,2,0.0,1
c3m_000194_b8ffb9f2,xy_2d,standard_clustering_blobs,3,0,axial_symmetry|ellipse_fit_score,avg_pca_isotropy|hollow_score,2,0.13861471764709976,0
c3m_000194_b8ffb9f2,y_only,standard_clustering_blobs,3,0,connected_components_count|contour_graph_connectivity,avg_pca_isotropy|silhouette,2,0.0,1
c3m_000217_83f86a3d,x_only,polygons_rectangles_frames,1,0,direction_entropy|min_centroid_distance|neighborhood_purity|neighborhood_purity_multi_k,axial_symmetry|connected_components_count|gridness_fft_acf|noise_aware_silhouette,1,-0.21450199670393316,0
c3m_000217_83f86a3d,xy_2d,polygons_rectangles_frames,3,0,alpha_shape_compactness|circularity_compactness,calinski_harabasz|hough_circle_arc_strength,2,0.0,1
c3m_000217_83f86a3d,y_only,polygons_rectangles_frames,2,0,contour_graph_connectivity|davies_bouldin|morphological_band_count,avg_pca_isotropy|neighborhood_purity_multi_k|silhouette,2,0.0,1
c3m_000238_98d3a2cd,x_only,radial_spiral_meander,4,0,neighborhood_purity,axial_symmetry,0,0.0,1
c3m_000238_98d3a2cd,xy_2d,radial_spiral_meander,3,0,contour_graph_connectivity|symmetry_score,alpha_shape_compactness|convexity_ratio,2,-1.0888538671482983e-05,0
c3m_000238_98d3a2cd,y_only,radial_spiral_meander,2,0,avg_pca_isotropy|morphological_band_count|radial_uniformity,alpha_shape_compactness|noise_aware_silhouette|silhouette,2,0.0,1
c3m_000239_39d6c66e,x_only,texture_density_fields,4,0,axial_symmetry,noise_aware_silhouette,1,0.0,1
c3m_000239_39d6c66e,xy_2d,texture_density_fields,1,0,corner_junction_density|lbp_stationarity|parallel_bands|peak_to_background_hough,calinski_harabasz|connected_components_count|contour_graph_connectivity|radial_uniformity,4,0.28052321493907634,0
c3m_000239_39d6c66e,y_only,texture_density_fields,1,0,cluster_size_balance_entropy|convexity_ratio|corner_junction_density|glcm_haralick,avg_pca_isotropy|contour_graph_connectivity|noise_aware_silhouette|silhouette,3,0.10986704315849988,0
c3m_000240_cf9ff3e4,x_only,ladder_grid_lattice,2,0,alpha_shape_compactness|fractal_dimension|radial_uniformity,connected_components_count|noise_aware_silhouette|parallel_bands,3,-0.018130422173962546,1
c3m_000240_cf9ff3e4,xy_2d,ladder_grid_lattice,3,0,arc_circle_fit|gridness_2d,connectivity_components|gridness_fft_acf,2,0.5147613892966862,0
c3m_000240_cf9ff3e4,y_only,ladder_grid_lattice,4,0,cluster_size_balance_entropy,dbcv,0,0.0,1
c3m_000243_ed65d844,x_only,parabolic_curved_chains,4,0,min_centroid_distance,noise_aware_silhouette,0,0.0,1
c3m_000243_ed65d844,xy_2d,parabolic_curved_chains,3,0,blobness_log_dog|direction_entropy,dbcv|min_intercluster_distance,2,0.0,0
c3m_000243_ed65d844,y_only,parabolic_curved_chains,3,0,connectivity_components|convexity_ratio,neighborhood_purity_multi_k|noise_aware_silhouette,2,0.0,1
c3m_000246_e082920a,x_only,texture_density_fields,3,0,cluster_size_balance_entropy|ridge_strength,gridness_fft_acf|silhouette,1,-0.01998664525467453,0
c3m_000246_e082920a,xy_2d,texture_density_fields,4,0,connectivity_components,radial_uniformity,1,0.12180482423277583,0
c3m_000246_e082920a,y_only,texture_density_fields,2,0,cluster_size_balance_entropy|min_centroid_distance|neighborhood_purity_multi_k,connected_components_count|contour_graph_connectivity|noise_aware_silhouette,0,0.10256636958505122,1
c3m_000247_050434bb,x_only,piecewise_polylines_corners,2,0,blobness_log_dog|direction_entropy|min_centroid_distance,connected_components_count|neighborhood_purity|neighborhood_purity_multi_k,2,0.0,1
c3m_000247_050434bb,xy_2d,piecewise_polylines_corners,2,0,cluster_size_imbalance_entropy|neighborhood_purity_multi_k|polygonality,eccentricity_ratio|noise_aware_silhouette|parabolicity,1,-0.017647396040278318,0
c3m_000247_050434bb,y_only,piecewise_polylines_corners,0,0,alpha_shape_compactness|contour_graph_connectivity|convexity_ratio|parallel_bands|ribbon_thickness,min_centroid_distance|neighborhood_purity|neighborhood_purity_multi_k|noise_aware_silhouette|silhouette,5,0.0135040830474258,0
c3m_000258_84ebe8c5,x_only,piecewise_polylines_corners,1,0,axial_symmetry|cluster_size_balance_entropy|gridness_fft_acf|radial_uniformity,davies_bouldin|dbcv|neighborhood_purity|noise_aware_silhouette,3,0.37629516653486905,0
c3m_000258_84ebe8c5,xy_2d,piecewise_polylines_corners,4,0,connectivity_components,dbcv,1,0.0,1
c3m_000258_84ebe8c5,y_only,piecewise_polylines_corners,3,0,axial_symmetry|convexity_ratio,davies_bouldin|gridness_fft_acf,2,-0.07145016798070924,0
c3m_000261_c6bc1720,x_only,hollow_topological_components,4,0,noise_aware_silhouette,min_centroid_distance,0,0.0008102240193247345,0
c3m_000261_c6bc1720,xy_2d,hollow_topological_components,3,0,dbcv|morphological_band_count,hollow_score|noise_aware_silhouette,1,0.0,1
c3m_000261_c6bc1720,y_only,hollow_topological_components,2,0,cluster_size_balance_entropy|davies_bouldin|silhouette,connected_components_count|connectivity_components|noise_aware_silhouette,0,0.0,1
c3m_000273_cd3f9ee8,x_only,arcs_circles_rings,1,0,alpha_shape_compactness|axial_symmetry|connected_components_count|convexity_ratio,arc_circle_fit|blobness_log_dog|hollow_score|ladderness,4,0.0,1
c3m_000273_cd3f9ee8,xy_2d,arcs_circles_rings,4,0,polygonality,avg_pca_isotropy,1,-0.01580958958558465,0
c3m_000273_cd3f9ee8,y_only,arcs_circles_rings,2,0,blobness_log_dog|connected_components_count|noise_aware_silhouette,gridness_fft_acf|min_centroid_distance|neighborhood_purity,2,0.005952173967998797,0
c3m_000276_2173f330,x_only,linear_bands_parallel_stripes,2,0,euler_holes_count|gridness_2d|hough_circle_arc_strength,avg_within_cluster_dispersion|cluster_size_imbalance_entropy|s_dbw,3,-8.335351675943853e-05,0
c3m_000276_2173f330,xy_2d,linear_bands_parallel_stripes,2,0,curvature_consistency|neighborhood_purity|silhouette,convexity_ratio|gridness_fft_acf|min_centroid_distance,1,0.037233240291187214,0
c3m_000276_2173f330,y_only,linear_bands_parallel_stripes,3,0,neighborhood_purity|neighborhood_purity_multi_k,parallel_bands|ribbon_thickness,0,-0.000984471137372156,0
c3m_000285_db2db6ad,x_only,linear_bands_parallel_stripes,2,0,avg_pca_isotropy|ladderness|peak_to_background_hough,ellipse_fit_score|parabolicity|piecewise_linearity,2,0.0011186913140634998,0
c3m_000285_db2db6ad,xy_2d,linear_bands_parallel_stripes,3,0,connectivity_components|polygonality,axial_symmetry|eccentricity_ratio,2,0.0,1
c3m_000285_db2db6ad,y_only,linear_bands_parallel_stripes,3,0,morphological_band_count|neighborhood_purity,cluster_size_balance_entropy|convexity_ratio,1,0.0,1
c3m_000321_2316de5c,x_only,deinterleaving_pri_toa_amp_like,2,0,avg_pca_isotropy|hough_line_strength|peak_to_background_hough,edge_coherence|polygonality|turning_points_count,2,0.00016572082015458707,0
c3m_000321_2316de5c,xy_2d,deinterleaving_pri_toa_amp_like,1,0,morphological_band_count|neighborhood_purity|neighborhood_purity_multi_k|ribbon_thickness,connectivity_components|curvature_consistency|dbcv|gridness_fft_acf,2,0.029514620407880998,1
c3m_000321_2316de5c,y_only,deinterleaving_pri_toa_amp_like,3,0,min_intercluster_distance|neighborhood_purity_multi_k,connectivity_components|noise_aware_silhouette,0,0.0,1
c3m_000325_28ee309f,x_only,deinterleaving_pri_toa_amp_like,1,0,alpha_shape_compactness|arc_circle_fit|avg_within_cluster_dispersion|axial_symmetry,calinski_harabasz|cluster_size_imbalance_entropy|convexity_ratio|hollow_score,3,-6.593535274799998e-05,0
c3m_000325_28ee309f,xy_2d,deinterleaving_pri_toa_amp_like,1,0,contour_graph_connectivity|curvature_consistency|radial_uniformity|skeleton_connectivity,cluster_size_imbalance_entropy|eccentricity_ratio|line_straightness|thickness_uniformity,4,0.08385958368480649,0
c3m_000325_28ee309f,y_only,deinterleaving_pri_toa_amp_like,1,0,contour_graph_connectivity|gridness_fft_acf|parallel_bands|ridge_strength,calinski_harabasz|curvature_consistency|glcm_haralick|radial_uniformity,4,0.07271559048837051,1
c3m_000333_34ee3443,x_only,hybrid_mixed_geometry,4,0,noise_aware_silhouette,gridness_fft_acf,0,0.0,1
c3m_000333_34ee3443,xy_2d,hybrid_mixed_geometry,4,0,contour_graph_connectivity,silhouette,1,0.01184550575318477,0
c3m_000333_34ee3443,y_only,hybrid_mixed_geometry,2,0,alpha_shape_compactness|contour_graph_connectivity|hough_circle_arc_strength,axial_symmetry|gridness_fft_acf|noise_aware_silhouette,3,0.009028239649917835,0
c3m_000355_d36cac2a,x_only,standard_clustering_blobs,4,0,noise_aware_silhouette,silhouette,0,-0.010808248726480008,0
c3m_000355_d36cac2a,xy_2d,standard_clustering_blobs,3,0,contour_graph_connectivity|morphological_band_count,radial_uniformity|silhouette,2,0.031064118434398158,0
c3m_000355_d36cac2a,y_only,standard_clustering_blobs,3,0,connected_components_count|morphological_band_count,gridness_fft_acf|neighborhood_purity_multi_k,2,0.0014546711137801704,0
c3m_000377_377c3e46,x_only,polygons_rectangles_frames,2,0,avg_pca_isotropy|contour_graph_connectivity|hollow_score,cluster_size_balance_entropy|connected_components_count|connectivity_components,2,0.0,1
c3m_000377_377c3e46,xy_2d,polygons_rectangles_frames,3,0,axial_symmetry|thickness_uniformity,alpha_shape_compactness|calinski_harabasz,2,0.0,1
c3m_000377_377c3e46,y_only,polygons_rectangles_frames,2,0,min_centroid_distance|morphological_band_count|noise_aware_silhouette,axial_symmetry|cluster_size_balance_entropy|connected_components_count,1,0.010701094314643,0
c3m_000411_a143d555,x_only,radial_spiral_meander,5,1,,,0,0.0,1
c3m_000411_a143d555,xy_2d,radial_spiral_meander,2,0,bimodality_anti_thickness|polygonality|radial_uniformity,arc_circle_fit|calinski_harabasz|gridness_fft_acf,3,0.0,1
c3m_000411_a143d555,y_only,radial_spiral_meander,3,0,arc_circle_fit|blobness_log_dog,noise_aware_silhouette|silhouette,2,0.0,1
c3m_000415_6a3d3269,x_only,parabolic_curved_chains,4,0,silhouette,cluster_size_balance_entropy,0,0.005109865555678092,0
c3m_000415_6a3d3269,xy_2d,parabolic_curved_chains,2,0,axial_symmetry|connectivity_components|turning_points_count,calinski_harabasz|cluster_size_balance_entropy|curvature_consistency,3,0.17221522826563923,0
c3m_000415_6a3d3269,y_only,parabolic_curved_chains,1,0,connectivity_components|hollow_score|piecewise_linearity|turning_points_count,min_intercluster_distance|neighborhood_purity|neighborhood_purity_multi_k|noise_aware_silhouette,4,0.04207797385535983,0
c3m_000418_192971f7,x_only,texture_density_fields,3,0,blobness_log_dog|noise_aware_silhouette,gridness_fft_acf|min_centroid_distance,1,0.03752861736412341,0
c3m_000418_192971f7,xy_2d,texture_density_fields,0,0,blobness_log_dog|hough_line_strength|min_centroid_distance|neighborhood_purity_multi_k|polygonality,arc_circle_fit|avg_pca_isotropy|calinski_harabasz|cluster_size_balance_entropy|hollow_score,3,-0.05918488439957248,0
c3m_000418_192971f7,y_only,texture_density_fields,3,0,alpha_shape_compactness|blobness_log_dog,gridness_fft_acf|noise_aware_silhouette,2,0.0,1
c3m_000428_c1b7364f,x_only,ladder_grid_lattice,2,0,direction_entropy|min_centroid_distance|morphological_band_count,gridness_fft_acf|neighborhood_purity|neighborhood_purity_multi_k,2,0.0,1
c3m_000428_c1b7364f,xy_2d,ladder_grid_lattice,0,0,eccentricity_ratio|gridness_fft_acf|hough_line_strength|ladderness|line_straightness,min_centroid_distance|neighborhood_purity|neighborhood_purity_multi_k|noise_aware_silhouette|silhouette,5,0.055993644302760937,0
c3m_000428_c1b7364f,y_only,ladder_grid_lattice,4,0,davies_bouldin,noise_aware_silhouette,0,0.0,1
c3m_000449_a4495f5b,x_only,piecewise_polylines_corners,3,0,connected_components_count|morphological_band_count,noise_aware_silhouette|radial_uniformity,2,0.0012387746233288865,0
c3m_000449_a4495f5b,xy_2d,piecewise_polylines_corners,3,0,edge_coherence|orientation_histogram_entropy,davies_bouldin|parallel_bands,2,0.0,1
c3m_000449_a4495f5b,y_only,piecewise_polylines_corners,4,0,ribbon_thickness,neighborhood_purity_multi_k,1,-0.029220537174425187,0
c3m_000451_2fe4d88a,x_only,hollow_topological_components,2,0,avg_pca_isotropy|connectivity_components|morphological_band_count,connected_components_count|contour_graph_connectivity|noise_aware_silhouette,2,0.16146331835216587,0
c3m_000451_2fe4d88a,xy_2d,hollow_topological_components,4,0,cluster_size_balance_entropy,dbcv,0,0.0,1
c3m_000451_2fe4d88a,y_only,hollow_topological_components,0,0,cluster_size_balance_entropy|connected_components_count|contour_graph_connectivity|morphological_band_count|radial_uniformity,gridness_fft_acf|min_centroid_distance|neighborhood_purity_multi_k|noise_aware_silhouette|silhouette,4,0.32388644250443743,0
c3m_000462_644f4b7a,x_only,arcs_circles_rings,2,0,axial_symmetry|contour_graph_connectivity|parabolicity,connected_components_count|connectivity_components|silhouette,3,0.0657433136203106,0
c3m_000462_644f4b7a,xy_2d,arcs_circles_rings,1,0,corner_sharpness|mst_smoothness|parallel_bands|polygonality,arc_circle_fit|blobness_log_dog|eccentricity_ratio|neighborhood_purity_multi_k,4,0.0,1
c3m_000462_644f4b7a,y_only,arcs_circles_rings,3,0,blobness_log_dog|noise_aware_silhouette,neighborhood_purity|silhouette,1,0.1308094837315944,0
c3m_000463_c7c2d1ff,x_only,hollow_topological_components,3,0,davies_bouldin|ribbon_thickness,gridness_fft_acf|noise_aware_silhouette,1,0.0,1
c3m_000463_c7c2d1ff,xy_2d,hollow_topological_components,4,0,cluster_size_balance_entropy,dbcv,0,0.0,1
c3m_000463_c7c2d1ff,y_only,hollow_topological_components,3,0,arc_circle_fit|avg_pca_isotropy,cluster_size_balance_entropy|noise_aware_silhouette,1,0.0,1
c3m_000487_0a8837fe,x_only,linear_bands_parallel_stripes,0,0,axial_symmetry|circularity_compactness|corner_junction_density|eccentricity_ratio|line_straightness,cluster_size_imbalance_entropy|davies_bouldin|parabolicity|polygonality|turning_points_count,5,-0.00047132219755349996,0
c3m_000487_0a8837fe,xy_2d,linear_bands_parallel_stripes,1,0,bimodality_anti_thickness|gridness_fft_acf|line_straightness|thickness_uniformity,connected_components_count|connectivity_components|contour_graph_connectivity|ladderness,4,0.2350619663168402,0
c3m_000487_0a8837fe,y_only,linear_bands_parallel_stripes,2,0,axial_symmetry|bimodality_anti_thickness|neighborhood_purity_multi_k,cluster_size_balance_entropy|gridness_fft_acf|noise_aware_silhouette,2,0.03436681810234932,0
c3m_000500_6a39c6b0,x_only,standard_clustering_blobs,4,0,direction_entropy,gridness_fft_acf,1,0.0,1
c3m_000500_6a39c6b0,xy_2d,standard_clustering_blobs,3,0,cluster_size_balance_entropy|connected_components_count,davies_bouldin|s_dbw,1,0.0,1
c3m_000500_6a39c6b0,y_only,standard_clustering_blobs,3,0,cluster_size_balance_entropy|contour_graph_connectivity,alpha_shape_compactness|axial_symmetry,1,0.0,1
c3m_000538_9de59812,x_only,polygons_rectangles_frames,3,0,axial_symmetry|cluster_size_balance_entropy,gridness_fft_acf|min_centroid_distance,1,0.19932659658418195,0
c3m_000538_9de59812,xy_2d,polygons_rectangles_frames,3,0,convexity_ratio|s_dbw,noise_aware_silhouette|silhouette,1,0.0,1
c3m_000538_9de59812,y_only,polygons_rectangles_frames,2,0,cluster_size_balance_entropy|parallel_bands|radial_uniformity,arc_circle_fit|avg_pca_isotropy|axial_symmetry,2,0.24941734018983197,0
c3m_000551_59139a93,x_only,deinterleaving_pri_toa_amp_like,0,0,gridness_fft_acf|noise_aware_silhouette|rectangularity|silhouette|symmetry_score,cluster_size_imbalance_entropy|curvature_consistency|ellipse_fit_score|gridness_2d|orientation_histogram_entropy,3,0.0010791758850192,0
c3m_000551_59139a93,xy_2d,deinterleaving_pri_toa_amp_like,4,0,bimodality_anti_thickness,dbcv,1,0.0,1
c3m_000551_59139a93,y_only,deinterleaving_pri_toa_amp_like,3,0,gridness_fft_acf|min_intercluster_distance,neighborhood_purity|neighborhood_purity_multi_k,1,0.0,1
c3m_000554_8085af81,x_only,deinterleaving_pri_toa_amp_like,0,0,convexity_solidity_image|curvature_consistency|ellipse_fit_score|mst_smoothness|rectangularity,cluster_size_imbalance_entropy|edge_coherence|line_straightness|orientation_histogram_entropy|parabolicity,5,0.0,1
c3m_000554_8085af81,xy_2d,deinterleaving_pri_toa_amp_like,3,0,eccentricity_ratio|ribbon_thickness,connected_components_count|piecewise_linearity,2,0.0,1
c3m_000554_8085af81,y_only,deinterleaving_pri_toa_amp_like,1,0,min_centroid_distance|min_intercluster_distance|neighborhood_purity|silhouette,cluster_size_balance_entropy|connected_components_count|contour_graph_connectivity|gridness_fft_acf,0,0.21674055574275197,0
c3m_000585_145174df,x_only,hybrid_mixed_geometry,0,0,alpha_shape_compactness|connected_components_count|hollow_score|parallel_bands|symmetry_score,circularity_compactness|eccentricity_ratio|ellipse_fit_score|parabolicity|radial_uniformity,5,0.0016175943842651,0
c3m_000585_145174df,xy_2d,hybrid_mixed_geometry,3,0,connected_components_count|eccentricity_ratio,connectivity_components|dbcv,2,0.0,1
c3m_000585_145174df,y_only,hybrid_mixed_geometry,1,0,connected_components_count|connectivity_components|noise_aware_silhouette|parabolicity,cluster_size_balance_entropy|neighborhood_purity|neighborhood_purity_multi_k|silhouette,3,0.018919670731961657,0
c3m_000590_40816834,x_only,parabolic_curved_chains,2,0,gridness_fft_acf|min_centroid_distance|silhouette,cluster_size_balance_entropy|noise_aware_silhouette|parabolicity,1,0.009789516461129799,0
c3m_000590_40816834,xy_2d,parabolic_curved_chains,0,0,dbcv|min_centroid_distance|morphological_band_count|neighborhood_purity|neighborhood_purity_multi_k,calinski_harabasz|cluster_size_balance_entropy|connectivity_components|noise_aware_silhouette|parabolicity,1,0.23633031841629643,0
c3m_000590_40816834,y_only,parabolic_curved_chains,4,0,piecewise_linearity,neighborhood_purity,1,0.004764540009079554,0
c3m_000595_18e92b45,x_only,radial_spiral_meander,5,1,,,0,0.0,1
c3m_000595_18e92b45,xy_2d,radial_spiral_meander,2,0,bimodality_anti_thickness|curvature_consistency|davies_bouldin,blobness_log_dog|neighborhood_purity|neighborhood_purity_multi_k,2,0.0,1
c3m_000595_18e92b45,y_only,radial_spiral_meander,0,0,blobness_log_dog|connected_components_count|convexity_ratio|piecewise_linearity|turning_points_count,gridness_fft_acf|neighborhood_purity|neighborhood_purity_multi_k|noise_aware_silhouette|silhouette,5,0.1351289195548644,0
c3m_000599_ade2b224,x_only,hybrid_mixed_geometry,1,0,alpha_shape_compactness|convexity_ratio|curvature_consistency|ellipse_fit_score,arc_circle_fit|hough_line_strength|ladderness|morphological_band_count,4,0.03130418798843612,0
c3m_000599_ade2b224,xy_2d,hybrid_mixed_geometry,3,0,convexity_ratio|hough_circle_arc_strength,alpha_shape_compactness|periodicity_1d,2,-0.0699327776095324,0
c3m_000599_ade2b224,y_only,hybrid_mixed_geometry,3,0,neighborhood_purity|neighborhood_purity_multi_k,gridness_fft_acf|min_centroid_distance,0,0.0,1
c3m_000606_f671ea16,x_only,texture_density_fields,4,0,avg_pca_isotropy,min_centroid_distance,0,0.0,1
c3m_000606_f671ea16,xy_2d,texture_density_fields,2,0,arc_circle_fit|cluster_size_balance_entropy|radial_uniformity,connected_components_count|contour_graph_connectivity|corner_junction_density,2,0.0,1
c3m_000606_f671ea16,y_only,texture_density_fields,3,0,min_centroid_distance|morphological_band_count,gridness_fft_acf|silhouette,1,0.0,1
c3m_000634_e5e64f90,x_only,piecewise_polylines_corners,1,0,davies_bouldin|gridness_fft_acf|neighborhood_purity_multi_k|noise_aware_silhouette,alpha_shape_compactness|avg_pca_isotropy|cluster_size_balance_entropy|contour_graph_connectivity,1,-0.08017631309985929,0
c3m_000634_e5e64f90,xy_2d,piecewise_polylines_corners,4,0,radial_uniformity,connectivity_components,1,0.001246393641226029,0
c3m_000634_e5e64f90,y_only,piecewise_polylines_corners,3,0,alpha_shape_compactness|cluster_size_balance_entropy,min_centroid_distance|neighborhood_purity_multi_k,1,0.0,1
c3m_000636_05b8b0e1,x_only,ladder_grid_lattice,3,0,neighborhood_purity|noise_aware_silhouette,cluster_size_balance_entropy|gridness_fft_acf,0,0.004583473662735926,0
c3m_000636_05b8b0e1,xy_2d,ladder_grid_lattice,2,0,hollow_score|rectangularity|silhouette,alpha_shape_compactness|cluster_size_balance_entropy|convexity_ratio,2,-0.007949377323892226,0
c3m_000636_05b8b0e1,y_only,ladder_grid_lattice,4,0,connectivity_components,cluster_size_balance_entropy,1,-0.027674216377224392,0
c3m_000641_7291920d,x_only,standard_clustering_blobs,5,1,,,0,0.0,1
c3m_000641_7291920d,xy_2d,standard_clustering_blobs,4,0,connected_components_count,radial_uniformity,1,0.084938191770209,0
c3m_000641_7291920d,y_only,standard_clustering_blobs,2,0,cluster_size_balance_entropy|contour_graph_connectivity|neighborhood_purity,direction_entropy|gridness_fft_acf|silhouette,1,0.014120917167533165,0
c3m_000653_1ef20c61,x_only,arcs_circles_rings,2,0,alpha_shape_compactness|arc_circle_fit|hollow_score,connected_components_count|neighborhood_purity_multi_k|silhouette,3,0.1846278143548702,0
c3m_000653_1ef20c61,xy_2d,arcs_circles_rings,3,0,alpha_shape_compactness|circularity_compactness,avg_pca_isotropy|cluster_size_balance_entropy,2,0.0,1
c3m_000653_1ef20c61,y_only,arcs_circles_rings,1,0,axial_symmetry|blobness_log_dog|connected_components_count|contour_graph_connectivity,gridness_fft_acf|min_centroid_distance|neighborhood_purity|neighborhood_purity_multi_k,4,0.000411378041174304,0
c3m_000656_a9b1b793,x_only,arcs_circles_rings,3,0,axial_symmetry|convexity_ratio,gridness_fft_acf|noise_aware_silhouette,2,0.0,1
c3m_000656_a9b1b793,xy_2d,arcs_circles_rings,3,0,arc_circle_fit|convexity_ratio,davies_bouldin|s_dbw,2,0.0,1
c3m_000656_a9b1b793,y_only,arcs_circles_rings,1,0,arc_circle_fit|blobness_log_dog|circularity_compactness|convexity_solidity_image,gridness_fft_acf|neighborhood_purity|neighborhood_purity_multi_k|noise_aware_silhouette,4,0.17142149207957524,0
c3m_000661_d59d278a,x_only,hollow_topological_components,4,0,axial_symmetry,gridness_fft_acf,1,0.0,1
c3m_000661_d59d278a,xy_2d,hollow_topological_components,3,0,contour_graph_connectivity|radial_uniformity,cluster_size_balance_entropy|s_dbw,2,0.0011895283260435763,0
c3m_000661_d59d278a,y_only,hollow_topological_components,3,0,davies_bouldin|dbcv,connected_components_count|connectivity_components,0,0.0,1
c3m_000683_169efdbc,x_only,linear_bands_parallel_stripes,0,0,bimodality_anti_thickness|convexity_solidity_image|edge_coherence|rectangularity|ribbon_thickness,avg_within_cluster_dispersion|circularity_compactness|parabolicity|s_dbw|skeleton_connectivity,5,-0.00011759354871259997,1
c3m_000683_169efdbc,xy_2d,linear_bands_parallel_stripes,0,0,eccentricity_ratio|gridness_fft_acf|line_straightness|polygonality|ribbon_thickness,connected_components_count|corner_junction_density|curvature_consistency|glcm_haralick|periodicity_1d,5,0.2879557477328678,0
c3m_000683_169efdbc,y_only,linear_bands_parallel_stripes,3,0,alpha_shape_compactness|parabolicity,neighborhood_purity|neighborhood_purity_multi_k,2,0.02276275245916809,0
c3m_000703_4476b9b9,x_only,polygons_rectangles_frames,1,0,alpha_shape_compactness|avg_pca_isotropy|axial_symmetry|morphological_band_count,gridness_fft_acf|neighborhood_purity|neighborhood_purity_multi_k|noise_aware_silhouette,3,0.0,1
c3m_000703_4476b9b9,xy_2d,polygons_rectangles_frames,4,0,curvature_consistency,cluster_size_balance_entropy,1,0.0,1
c3m_000703_4476b9b9,y_only,polygons_rectangles_frames,2,0,min_intercluster_distance|neighborhood_purity_multi_k|noise_aware_silhouette,arc_circle_fit|connectivity_components|hollow_score,0,-0.16612619677755036,0
c3m_000773_60319427,x_only,radial_spiral_meander,3,0,connected_components_count|contour_graph_connectivity,cluster_size_balance_entropy|neighborhood_purity_multi_k,2,0.0,1
c3m_000773_60319427,xy_2d,radial_spiral_meander,3,0,mst_smoothness|symmetry_score,calinski_harabasz|convexity_solidity_image,2,0.0,1
c3m_000773_60319427,y_only,radial_spiral_meander,4,0,noise_aware_silhouette,silhouette,0,0.0,1
c3m_000778_6c3682a8,x_only,texture_density_fields,2,0,blobness_log_dog|direction_entropy|morphological_band_count,gridness_fft_acf|neighborhood_purity|neighborhood_purity_multi_k,3,0.0,1
c3m_000778_6c3682a8,xy_2d,texture_density_fields,1,0,davies_bouldin|noise_aware_silhouette|parallel_bands|silhouette,avg_pca_isotropy|connected_components_count|connectivity_components|contour_graph_connectivity,1,0.46765566148849125,0
c3m_000778_6c3682a8,y_only,texture_density_fields,1,0,gridness_fft_acf|neighborhood_purity|neighborhood_purity_multi_k|noise_aware_silhouette,alpha_shape_compactness|axial_symmetry|radial_uniformity|ribbon_thickness,1,-0.10457761182126701,1
c3m_000789_d41f6ecc,x_only,parabolic_curved_chains,3,0,min_centroid_distance|parabolicity,noise_aware_silhouette|silhouette,1,-0.0022372300787648625,0
c3m_000789_d41f6ecc,xy_2d,parabolic_curved_chains,1,0,ellipse_fit_score|glcm_haralick|min_centroid_distance|noise_aware_silhouette,corner_junction_density|neighborhood_purity|neighborhood_purity_multi_k|parabolicity,2,0.0836786809542645,0
c3m_000789_d41f6ecc,y_only,parabolic_curved_chains,2,0,connected_components_count|direction_entropy|silhouette,cluster_size_balance_entropy|corner_junction_density|min_intercluster_distance,2,-0.014707611485757693,0
c3m_000795_c827bdb6,x_only,standard_clustering_blobs,4,0,connectivity_components,axial_symmetry,1,0.0,1
c3m_000795_c827bdb6,xy_2d,standard_clustering_blobs,5,1,,,0,0.0,1
c3m_000795_c827bdb6,y_only,standard_clustering_blobs,2,0,alpha_shape_compactness|cluster_size_balance_entropy|euler_holes_count,contour_graph_connectivity|noise_aware_silhouette|radial_uniformity,2,0.0,1
c3m_000796_9e77a4bc,x_only,deinterleaving_pri_toa_amp_like,1,0,avg_pca_isotropy|axial_symmetry|ladderness|symmetry_score,calinski_harabasz|cluster_size_imbalance_entropy|ellipse_fit_score|s_dbw,3,-0.00015667186017140003,0
c3m_000796_9e77a4bc,xy_2d,deinterleaving_pri_toa_amp_like,3,0,circularity_compactness|hough_circle_arc_strength,fractal_dimension|glcm_haralick,2,0.0,1
c3m_000796_9e77a4bc,y_only,deinterleaving_pri_toa_amp_like,2,0,connected_components_count|morphological_band_count|silhouette,connectivity_components|gridness_fft_acf|neighborhood_purity,2,0.0,1
c3m_000813_a7b58a25,x_only,ladder_grid_lattice,2,0,connectivity_components|direction_entropy|neighborhood_purity_multi_k,noise_aware_silhouette|parallel_bands|ribbon_thickness,2,0.025040210042226604,0
c3m_000813_a7b58a25,xy_2d,ladder_grid_lattice,3,0,blobness_log_dog|ladderness,calinski_harabasz|silhouette,2,-0.009986763627862327,0
c3m_000813_a7b58a25,y_only,ladder_grid_lattice,3,0,connectivity_components|noise_aware_silhouette,cluster_size_balance_entropy|min_centroid_distance,1,-0.007092639746138163,0
c3m_000843_1bed9563,x_only,hollow_topological_components,5,1,,,0,0.0,1
c3m_000843_1bed9563,xy_2d,hollow_topological_components,3,0,connected_components_count|noise_aware_silhouette,calinski_harabasz|corner_sharpness,1,0.2532089272674698,1
c3m_000843_1bed9563,y_only,hollow_topological_components,3,0,blobness_log_dog|direction_entropy,gridness_fft_acf|min_centroid_distance,2,0.005148734972030944,0
c3m_000852_818e2af4,x_only,hybrid_mixed_geometry,3,0,axial_symmetry|noise_aware_silhouette,connected_components_count|min_centroid_distance,1,0.0,1
c3m_000852_818e2af4,xy_2d,hybrid_mixed_geometry,3,0,ellipse_fit_score|silhouette,calinski_harabasz|convexity_ratio,1,-0.019634134507443446,1
c3m_000852_818e2af4,y_only,hybrid_mixed_geometry,1,0,blobness_log_dog|connectivity_components|convexity_ratio|morphological_band_count,connected_components_count|gridness_fft_acf|neighborhood_purity_multi_k|silhouette,4,0.0,1
c3m_000855_2c3a622a,x_only,arcs_circles_rings,3,0,blobness_log_dog|connected_components_count,min_centroid_distance|neighborhood_purity,2,0.0,1
c3m_000855_2c3a622a,xy_2d,arcs_circles_rings,1,0,connectivity_components|convexity_ratio|min_centroid_distance|polygonality,arc_circle_fit|gridness_fft_acf|noise_aware_silhouette|silhouette,3,0.0,1
c3m_000855_2c3a622a,y_only,arcs_circles_rings,4,0,hough_line_strength,min_centroid_distance,1,0.0,1
c3m_000859_ee94f002,x_only,piecewise_polylines_corners,0,0,arc_circle_fit|avg_pca_isotropy|neighborhood_purity|neighborhood_purity_multi_k|silhouette,axial_symmetry|cluster_size_balance_entropy|connected_components_count|contour_graph_connectivity|radial_uniformity,1,0.26170765973262167,0
c3m_000859_ee94f002,xy_2d,piecewise_polylines_corners,4,0,curvature_consistency,calinski_harabasz,1,0.0,1
c3m_000859_ee94f002,y_only,piecewise_polylines_corners,4,0,parallel_bands,contour_graph_connectivity,1,0.0,1
c3m_000860_42772281,x_only,arcs_circles_rings,3,0,blobness_log_dog|noise_aware_silhouette,gridness_fft_acf|min_centroid_distance,1,0.0,1
c3m_000860_42772281,xy_2d,arcs_circles_rings,4,0,morphological_band_count,ladderness,1,0.0,1
c3m_000860_42772281,y_only,arcs_circles_rings,2,0,arc_circle_fit|avg_pca_isotropy|peak_to_background_hough,gridness_fft_acf|neighborhood_purity|noise_aware_silhouette,2,0.0,1
c3m_000869_9d7c43cf,x_only,polygons_rectangles_frames,3,0,hough_line_strength|noise_aware_silhouette,neighborhood_purity|neighborhood_purity_multi_k,1,-0.0027746241323249876,0
c3m_000869_9d7c43cf,xy_2d,polygons_rectangles_frames,3,0,alpha_shape_compactness|axial_symmetry,calinski_harabasz|rectangularity,2,0.0,1
c3m_000869_9d7c43cf,y_only,polygons_rectangles_frames,2,0,connected_components_count|convexity_ratio|direction_entropy,min_centroid_distance|neighborhood_purity|neighborhood_purity_multi_k,3,0.21315650751508108,0
c3m_000900_3ef620a6,x_only,linear_bands_parallel_stripes,3,0,hollow_score|min_intercluster_distance,noise_aware_silhouette|silhouette,1,0.022686815899664398,0
c3m_000900_3ef620a6,xy_2d,linear_bands_parallel_stripes,4,0,rectangularity,gridness_fft_acf,1,0.0,1
c3m_000900_3ef620a6,y_only,linear_bands_parallel_stripes,3,0,alpha_shape_compactness|convexity_ratio,gridness_fft_acf|noise_aware_silhouette,2,-0.002726692502071894,0
c3m_000932_b337efa1,x_only,standard_clustering_blobs,3,0,cluster_size_balance_entropy|noise_aware_silhouette,neighborhood_purity|neighborhood_purity_multi_k,0,-0.00011426922082430346,0
c3m_000932_b337efa1,xy_2d,standard_clustering_blobs,1,0,cluster_size_balance_entropy|convexity_solidity_image|corner_sharpness|rectangularity,calinski_harabasz|min_centroid_distance|noise_aware_silhouette|radial_uniformity,3,0.14933700045788706,0
c3m_000932_b337efa1,y_only,standard_clustering_blobs,3,0,connected_components_count|neighborhood_purity,direction_entropy|min_centroid_distance,1,-0.0007697329909582828,0
c3m_000954_f9e95354,x_only,radial_spiral_meander,5,1,,,0,0.0,1
c3m_000954_f9e95354,xy_2d,radial_spiral_meander,4,0,gridness_fft_acf,parallel_bands,1,0.0,1
c3m_000954_f9e95354,y_only,radial_spiral_meander,4,0,alpha_shape_compactness,noise_aware_silhouette,1,0.0,1
c3m_000959_140cdd29,x_only,parabolic_curved_chains,4,0,min_centroid_distance,noise_aware_silhouette,0,0.0,1
c3m_000959_140cdd29,xy_2d,parabolic_curved_chains,0,0,cluster_size_balance_entropy|connectivity_components|curvature_consistency|ladderness|thickness_uniformity,dbcv|neighborhood_purity|neighborhood_purity_multi_k|noise_aware_silhouette|silhouette,4,0.4084930967990188,1
c3m_000959_140cdd29,y_only,parabolic_curved_chains,3,0,davies_bouldin|piecewise_linearity,parallel_bands|silhouette,1,0.0,1
c3m_000966_283d2be6,x_only,texture_density_fields,4,0,neighborhood_purity,noise_aware_silhouette,0,0.0,1
c3m_000966_283d2be6,xy_2d,texture_density_fields,0,0,connected_components_count|connectivity_components|parabolicity|parallel_bands|ridge_strength,avg_within_cluster_dispersion|convexity_ratio|corner_junction_density|curvature_consistency|glcm_haralick,5,0.28736594242039726,0
c3m_000966_283d2be6,y_only,texture_density_fields,2,0,axial_symmetry|hollow_score|hough_line_strength,avg_pca_isotropy|noise_aware_silhouette|silhouette,3,0.1327813677203672,0
c3m_001010_c01becda,x_only,ladder_grid_lattice,3,0,blobness_log_dog|convexity_ratio,connectivity_components|neighborhood_purity,2,0.0495781127119268,0
c3m_001010_c01becda,xy_2d,ladder_grid_lattice,2,0,blobness_log_dog|direction_entropy|morphological_band_count,connectivity_components|convexity_ratio|gridness_fft_acf,3,-0.0001090466464506723,0
c3m_001010_c01becda,y_only,ladder_grid_lattice,2,0,connected_components_count|davies_bouldin|radial_uniformity,cluster_size_balance_entropy|gridness_fft_acf|parallel_bands,2,-0.015651195500044,0
c3m_001014_681e62bc,x_only,ladder_grid_lattice,4,0,gridness_2d,neighborhood_purity,1,-0.010272526909251789,0
c3m_001014_681e62bc,xy_2d,ladder_grid_lattice,3,0,contour_graph_connectivity|silhouette,gridness_fft_acf|min_centroid_distance,1,0.0,1
c3m_001014_681e62bc,y_only,ladder_grid_lattice,2,0,axial_symmetry|connected_components_count|direction_entropy,min_centroid_distance|neighborhood_purity|neighborhood_purity_multi_k,3,0.0,1
c3m_001029_c1311312,x_only,deinterleaving_pri_toa_amp_like,4,0,connectivity_components,axial_symmetry,1,0.0,1
c3m_001029_c1311312,xy_2d,deinterleaving_pri_toa_amp_like,2,0,euler_holes_count|ladderness|morphological_band_count,eccentricity_ratio|gridness_fft_acf|noise_aware_silhouette,3,0.0,1
c3m_001029_c1311312,y_only,deinterleaving_pri_toa_amp_like,3,0,min_centroid_distance|neighborhood_purity,convexity_ratio|noise_aware_silhouette,0,0.018656394335443194,0
c3m_001049_d902b5cc,x_only,hollow_topological_components,3,0,avg_pca_isotropy|hough_line_strength,min_centroid_distance|neighborhood_purity_multi_k,1,-0.05139118404497023,0
c3m_001049_d902b5cc,xy_2d,hollow_topological_components,2,0,gridness_fft_acf|neighborhood_purity|neighborhood_purity_multi_k,calinski_harabasz|cluster_size_balance_entropy|hollow_score,1,0.0,1
c3m_001049_d902b5cc,y_only,hollow_topological_components,2,0,arc_circle_fit|avg_pca_isotropy|connected_components_count,connectivity_components|neighborhood_purity_multi_k|noise_aware_silhouette,2,0.0,1
c3m_001049_ec07917b,x_only,polygons_rectangles_frames,3,0,connectivity_components|hough_line_strength,gridness_fft_acf|neighborhood_purity,2,0.0040459670541374,0
c3m_001049_ec07917b,xy_2d,polygons_rectangles_frames,2,0,axial_symmetry|ellipse_fit_score|silhouette,alpha_shape_compactness|convexity_solidity_image|hollow_score,2,0.0,1
c3m_001049_ec07917b,y_only,polygons_rectangles_frames,3,0,axial_symmetry|contour_graph_connectivity,gridness_fft_acf|min_centroid_distance,2,0.16118442369560448,0
c3m_001053_16b56c7d,x_only,piecewise_polylines_corners,2,0,blobness_log_dog|direction_entropy|ribbon_thickness,gridness_fft_acf|noise_aware_silhouette|silhouette,3,0.09044147059264118,0
c3m_001053_16b56c7d,xy_2d,piecewise_polylines_corners,4,0,parallel_bands,gridness_fft_acf,1,0.0,1
c3m_001053_16b56c7d,y_only,piecewise_polylines_corners,4,0,blobness_log_dog,noise_aware_silhouette,1,0.0,1
c3m_001057_d56810e8,x_only,piecewise_polylines_corners,1,0,cluster_size_balance_entropy|direction_entropy|min_intercluster_distance|radial_uniformity,gridness_fft_acf|min_centroid_distance|neighborhood_purity|neighborhood_purity_multi_k,2,0.0,1
c3m_001057_d56810e8,xy_2d,piecewise_polylines_corners,3,0,gridness_fft_acf|piecewise_linearity,parabolicity|parallel_bands,2,0.0,1
c3m_001057_d56810e8,y_only,piecewise_polylines_corners,3,0,blobness_log_dog|min_intercluster_distance,min_centroid_distance|neighborhood_purity,1,0.0,1
c3m_001078_8b4741b6,x_only,arcs_circles_rings,4,0,gridness_fft_acf,blobness_log_dog,1,0.0,1
c3m_001078_8b4741b6,xy_2d,arcs_circles_rings,1,0,curvature_consistency|ladderness|parabolicity|piecewise_linearity,davies_bouldin|noise_aware_silhouette|s_dbw|silhouette,4,0.0,1
c3m_001078_8b4741b6,y_only,arcs_circles_rings,2,0,alpha_shape_compactness|arc_circle_fit|contour_graph_connectivity,neighborhood_purity|neighborhood_purity_multi_k|noise_aware_silhouette,3,0.1418843097087168,0
c3m_001103_98b26d12,x_only,hybrid_mixed_geometry,1,0,direction_entropy|min_centroid_distance|neighborhood_purity|neighborhood_purity_multi_k,gridness_fft_acf|noise_aware_silhouette|parallel_bands|ribbon_thickness,1,0.0385040547918578,1
c3m_001103_98b26d12,xy_2d,hybrid_mixed_geometry,2,0,calinski_harabasz|mst_smoothness|symmetry_score,avg_within_cluster_dispersion|connected_components_count|periodicity_1d,2,0.09995598966274197,0
c3m_001103_98b26d12,y_only,hybrid_mixed_geometry,2,0,contour_graph_connectivity|parallel_bands|ribbon_thickness,alpha_shape_compactness|cluster_size_balance_entropy|corner_junction_density,3,0.01419211878602028,0
c3m_001106_f3759337,x_only,linear_bands_parallel_stripes,0,0,cluster_size_balance_entropy|connectivity_components|morphological_band_count|noise_aware_silhouette|silhouette,cluster_size_imbalance_entropy|ellipse_fit_score|gridness_2d|parabolicity|turning_points_count,2,0.0002616410667650971,0
c3m_001106_f3759337,xy_2d,linear_bands_parallel_stripes,2,0,curvature_consistency|edge_coherence|orientation_histogram_entropy,corner_junction_density|fractal_dimension|glcm_haralick,3,0.0,1
c3m_001106_f3759337,y_only,linear_bands_parallel_stripes,3,0,gridness_fft_acf|min_intercluster_distance,min_centroid_distance|noise_aware_silhouette,1,0.0,1
c3m_001126_014b5ef4,x_only,linear_bands_parallel_stripes,0,0,avg_within_cluster_dispersion|axial_symmetry|convexity_solidity_image|corner_sharpness|rectangularity,cluster_size_imbalance_entropy|ladderness|lbp_stationarity|parallel_bands|ribbon_thickness,4,0.00013366801800545412,0
c3m_001126_014b5ef4,xy_2d,linear_bands_parallel_stripes,2,0,cluster_size_balance_entropy|convexity_ratio|morphological_band_count,connectivity_components|min_centroid_distance|ribbon_thickness,2,-0.06079173421849621,0
c3m_001126_014b5ef4,y_only,linear_bands_parallel_stripes,4,0,davies_bouldin,silhouette,0,0.0,1
c3m_001136_9db75b9b,x_only,texture_density_fields,4,0,neighborhood_purity,noise_aware_silhouette,0,0.0,1
c3m_001136_9db75b9b,xy_2d,texture_density_fields,3,0,axial_symmetry|ellipse_fit_score,corner_junction_density|radial_uniformity,2,0.12888791840682912,1
c3m_001136_9db75b9b,y_only,texture_density_fields,2,0,connectivity_components|gridness_fft_acf|neighborhood_purity_multi_k,alpha_shape_compactness|axial_symmetry|cluster_size_balance_entropy,2,-0.20812331664671668,0
c3m_001136_ae1a0d26,x_only,radial_spiral_meander,2,0,arc_circle_fit|avg_pca_isotropy|gridness_fft_acf,min_centroid_distance|noise_aware_silhouette|silhouette,2,-0.006393136650338194,0
c3m_001136_ae1a0d26,xy_2d,radial_spiral_meander,1,0,alpha_shape_compactness|calinski_harabasz|cluster_size_balance_entropy|mst_smoothness,connected_components_count|contour_graph_connectivity|curvature_consistency|ribbon_thickness,2,-0.2505714248609178,0
c3m_001136_ae1a0d26,y_only,radial_spiral_meander,4,0,contour_graph_connectivity,neighborhood_purity_multi_k,1,0.0,1
c3m_001138_c4631db5,x_only,parabolic_curved_chains,3,0,hough_line_strength|min_centroid_distance,neighborhood_purity|silhouette,1,-0.13819236129754692,0
c3m_001138_c4631db5,xy_2d,parabolic_curved_chains,2,0,arc_circle_fit|avg_pca_isotropy|calinski_harabasz,min_centroid_distance|neighborhood_purity|silhouette,1,0.08063616453141453,0
c3m_001138_c4631db5,y_only,parabolic_curved_chains,4,0,peak_to_background_hough,neighborhood_purity_multi_k,1,0.190596164131312,0
c3m_001204_e225b442,x_only,ladder_grid_lattice,3,0,blobness_log_dog|contour_graph_connectivity,direction_entropy|min_centroid_distance,2,0.0,1
c3m_001204_e225b442,xy_2d,ladder_grid_lattice,4,0,calinski_harabasz,avg_pca_isotropy,0,-0.006242704075859251,0
c3m_001204_e225b442,y_only,ladder_grid_lattice,3,0,cluster_size_balance_entropy|contour_graph_connectivity,connectivity_components|min_centroid_distance,1,0.0,1
c3m_001252_29c1c7a0,x_only,hollow_topological_components,4,0,avg_pca_isotropy,neighborhood_purity,0,0.0,1
c3m_001252_29c1c7a0,xy_2d,hollow_topological_components,3,0,connected_components_count|ladderness,convexity_ratio|hollow_score,2,0.00059815724696477,0
c3m_001252_29c1c7a0,y_only,hollow_topological_components,3,0,davies_bouldin|dbcv,avg_pca_isotropy|connected_components_count,0,0.0,1
c3m_001256_52d31bea,x_only,piecewise_polylines_corners,5,1,,,0,0.0,1
c3m_001256_52d31bea,xy_2d,piecewise_polylines_corners,3,0,axial_symmetry|s_dbw,connected_components_count|connectivity_components,1,0.0,1
c3m_001256_52d31bea,y_only,piecewise_polylines_corners,4,0,neighborhood_purity,neighborhood_purity_multi_k,0,0.0,1
c3m_001289_1dcde325,x_only,deinterleaving_pri_toa_amp_like,3,0,connectivity_components|morphological_band_count,arc_circle_fit|cluster_size_balance_entropy,2,-0.00044025459734942096,0
c3m_001289_1dcde325,xy_2d,deinterleaving_pri_toa_amp_like,3,0,hough_line_strength|polygonality,min_centroid_distance|silhouette,2,0.0,1
c3m_001289_1dcde325,y_only,deinterleaving_pri_toa_amp_like,4,0,noise_aware_silhouette,neighborhood_purity,0,-0.0648840244485569,0
c3m_001292_1b0f5cc2,x_only,deinterleaving_pri_toa_amp_like,2,0,bimodality_anti_thickness|min_centroid_distance|morphological_band_count,neighborhood_purity|neighborhood_purity_multi_k|noise_aware_silhouette,2,0.017700985789565804,0
c3m_001292_1b0f5cc2,xy_2d,deinterleaving_pri_toa_amp_like,4,0,line_straightness,ladderness,1,0.0,1
c3m_001292_1b0f5cc2,y_only,deinterleaving_pri_toa_amp_like,4,0,alpha_shape_compactness,silhouette,1,0.0,1
c3m_001317_27b57ef7,x_only,arcs_circles_rings,3,0,arc_circle_fit|dbcv,neighborhood_purity|neighborhood_purity_multi_k,1,0.0,1
c3m_001317_27b57ef7,xy_2d,arcs_circles_rings,1,0,eccentricity_ratio|line_straightness|parabolicity|ribbon_thickness,cluster_size_balance_entropy|connected_components_count|contour_graph_connectivity|parallel_bands,4,0.002370181678579386,0
c3m_001317_27b57ef7,y_only,arcs_circles_rings,3,0,davies_bouldin|min_centroid_distance,neighborhood_purity_multi_k|silhouette,0,0.0,1
c3m_001319_47dc3911,x_only,arcs_circles_rings,1,0,blobness_log_dog|direction_entropy|ladderness|noise_aware_silhouette,gridness_fft_acf|min_centroid_distance|neighborhood_purity_multi_k|silhouette,3,0.0,1
c3m_001319_47dc3911,xy_2d,arcs_circles_rings,1,0,eccentricity_ratio|parabolicity|piecewise_linearity|ribbon_thickness,cluster_size_balance_entropy|davies_bouldin|parallel_bands|silhouette,4,0.0,1
c3m_001319_47dc3911,y_only,arcs_circles_rings,4,0,parallel_bands,contour_graph_connectivity,1,0.0,1
c3m_001350_bb1a265d,x_only,linear_bands_parallel_stripes,2,0,direction_entropy|gridness_fft_acf|morphological_band_count,cluster_size_balance_entropy|neighborhood_purity|silhouette,3,0.0037524074247067968,0
c3m_001350_bb1a265d,xy_2d,linear_bands_parallel_stripes,4,0,orientation_histogram_entropy,radial_uniformity,1,0.0,1
c3m_001350_bb1a265d,y_only,linear_bands_parallel_stripes,2,0,contour_graph_connectivity|eccentricity_ratio|morphological_band_count,connected_components_count|davies_bouldin|noise_aware_silhouette,3,0.0,1
c3m_001353_5d79ddd6,x_only,linear_bands_parallel_stripes,1,0,contour_graph_connectivity|morphological_band_count|neighborhood_purity|parallel_bands,alpha_shape_compactness|cluster_size_balance_entropy|corner_junction_density|ribbon_thickness,3,0.0237375504596154,1
c3m_001353_5d79ddd6,xy_2d,linear_bands_parallel_stripes,4,0,axial_symmetry,radial_uniformity,1,0.0,1
c3m_001353_5d79ddd6,y_only,linear_bands_parallel_stripes,2,0,connectivity_components|gridness_fft_acf|min_intercluster_distance,cluster_size_balance_entropy|neighborhood_purity|silhouette,2,0.0,1
c3m_001372_38cbf7e8,x_only,hybrid_mixed_geometry,2,0,avg_pca_isotropy|min_centroid_distance|noise_aware_silhouette,gridness_fft_acf|neighborhood_purity|neighborhood_purity_multi_k,0,0.006407502471815096,0
c3m_001372_38cbf7e8,xy_2d,hybrid_mixed_geometry,1,0,cluster_size_balance_entropy|convexity_solidity_image|polygonality|rectangularity,alpha_shape_compactness|avg_pca_isotropy|connectivity_components|noise_aware_silhouette,3,0.1084231172448098,1
c3m_001372_38cbf7e8,y_only,hybrid_mixed_geometry,3,0,axial_symmetry|peak_to_background_hough,neighborhood_purity|silhouette,2,0.040250181389260786,0
c3m_001374_38aaa630,x_only,hybrid_mixed_geometry,3,0,blobness_log_dog|euler_holes_count,arc_circle_fit|convexity_ratio,2,0.0,1
c3m_001374_38aaa630,xy_2d,hybrid_mixed_geometry,4,0,polygonality,avg_pca_isotropy,1,0.0,1
c3m_001374_38aaa630,y_only,hybrid_mixed_geometry,3,0,noise_aware_silhouette|radial_uniformity,gridness_fft_acf|neighborhood_purity_multi_k,1,0.0,1
c3m_001549_a04af4f0,x_only,deinterleaving_pri_toa_amp_like,0,0,arc_circle_fit|convexity_ratio|hollow_score|hough_line_strength|noise_aware_silhouette,axial_symmetry|connected_components_count|glcm_haralick|parallel_bands|ribbon_thickness,4,0.0017985153439704013,1
c3m_001549_a04af4f0,xy_2d,deinterleaving_pri_toa_amp_like,4,0,line_straightness,ladderness,1,0.11759327658183416,0
c3m_001549_a04af4f0,y_only,deinterleaving_pri_toa_amp_like,3,0,dbcv|min_centroid_distance,convexity_ratio|neighborhood_purity,0,0.0,1
c3m_001554_97c9870e,x_only,deinterleaving_pri_toa_amp_like,1,0,alpha_shape_compactness|axial_symmetry|connected_components_count|min_intercluster_distance,connectivity_components|neighborhood_purity|neighborhood_purity_multi_k|silhouette,3,-0.0007181881433242984,0
c3m_001554_97c9870e,xy_2d,deinterleaving_pri_toa_amp_like,0,0,avg_within_cluster_dispersion|axial_symmetry|cluster_size_balance_entropy|hollow_score|mst_smoothness,connected_components_count|contour_graph_connectivity|corner_junction_density|glcm_haralick|periodicity_1d,3,0.1067865520734306,0
c3m_001554_97c9870e,y_only,deinterleaving_pri_toa_amp_like,2,0,axial_symmetry|blobness_log_dog|direction_entropy,connected_components_count|connectivity_components|ribbon_thickness,3,0.0105992307527287,0
c3m_001564_017683a3,x_only,arcs_circles_rings,0,0,alpha_shape_compactness|arc_circle_fit|connectivity_components|convexity_ratio|parabolicity,connected_components_count|contour_graph_connectivity|gridness_fft_acf|noise_aware_silhouette|silhouette,5,0.008226501467961597,0
c3m_001564_017683a3,xy_2d,arcs_circles_rings,1,0,connected_components_count|dbcv|hough_circle_arc_strength|parabolicity,eccentricity_ratio|ladderness|line_straightness|ribbon_thickness,3,0.29008620398171314,0
c3m_001564_017683a3,y_only,arcs_circles_rings,3,0,connected_components_count|hough_circle_arc_strength,gridness_fft_acf|neighborhood_purity_multi_k,2,0.005647117408175917,0
c3m_001572_f2ff26b9,x_only,arcs_circles_rings,0,0,connected_components_count|contour_graph_connectivity|min_intercluster_distance|morphological_band_count|parallel_bands,gridness_fft_acf|min_centroid_distance|neighborhood_purity|neighborhood_purity_multi_k|silhouette,4,0.0901575184114729,0
c3m_001572_f2ff26b9,xy_2d,arcs_circles_rings,3,0,connectivity_components|line_straightness,dbcv|ribbon_thickness,2,0.0,1
c3m_001572_f2ff26b9,y_only,arcs_circles_rings,1,0,alpha_shape_compactness|convexity_ratio|periodicity_1d|ribbon_thickness,connected_components_count|curvature_consistency|fractal_dimension|glcm_haralick,4,0.11230231166190031,0
c3m_001638_4dabe012,x_only,hybrid_mixed_geometry,1,0,avg_pca_isotropy|radial_uniformity|ridge_strength|silhouette,alpha_shape_compactness|axial_symmetry|connected_components_count|convexity_ratio,2,0.23202880611872878,0
c3m_001638_4dabe012,xy_2d,hybrid_mixed_geometry,0,0,contour_graph_connectivity|gridness_2d|lbp_stationarity|noise_aware_silhouette|silhouette,axial_symmetry|cluster_size_balance_entropy|connected_components_count|connectivity_components|skeleton_connectivity,3,0.21665891016387412,0
c3m_001638_4dabe012,y_only,hybrid_mixed_geometry,3,0,dbcv|lbp_stationarity,connected_components_count|radial_uniformity,1,-0.08753819691880127,0
c3m_001652_07ad32ca,x_only,hybrid_mixed_geometry,3,0,min_centroid_distance|neighborhood_purity,avg_pca_isotropy|gridness_fft_acf,0,0.0,1
c3m_001652_07ad32ca,xy_2d,hybrid_mixed_geometry,4,0,calinski_harabasz,curvature_consistency,0,0.0,1
c3m_001652_07ad32ca,y_only,hybrid_mixed_geometry,3,0,cluster_size_balance_entropy|contour_graph_connectivity,direction_entropy|hollow_score,1,0.0,1
c3m_001886_e6473f04,x_only,hybrid_mixed_geometry,1,0,arc_circle_fit|cluster_size_balance_entropy|min_centroid_distance|noise_aware_silhouette,axial_symmetry|gridness_fft_acf|neighborhood_purity|neighborhood_purity_multi_k,1,0.0,1
c3m_001886_e6473f04,xy_2d,hybrid_mixed_geometry,0,0,axial_symmetry|curvature_consistency|ellipse_fit_score|ladderness|parallel_bands,avg_within_cluster_dispersion|connected_components_count|corner_junction_density|glcm_haralick|skeleton_connectivity,5,0.06727889727049186,1
c3m_001886_e6473f04,y_only,hybrid_mixed_geometry,2,0,min_intercluster_distance|neighborhood_purity|neighborhood_purity_multi_k,axial_symmetry|connectivity_components|noise_aware_silhouette,0,0.0,1
c3vh_000084_6a62fc0a,x_only,radial_spiral_meander,3,0,alpha_shape_compactness|avg_pca_isotropy,convexity_ratio|symmetry_score,1,0.1272946680118674,0
c3vh_000084_6a62fc0a,xy_2d,radial_spiral_meander,2,0,calinski_harabasz|radial_uniformity|rectangularity,circularity_compactness|corner_junction_density|glcm_haralick,2,0.1770971751715782,1
c3vh_000084_6a62fc0a,y_only,radial_spiral_meander,4,0,neighborhood_purity,connectivity_components,0,0.0,1
c3vh_000093_3dd0e042,x_only,hollow_topological_components,4,0,noise_aware_silhouette,axial_symmetry,0,0.032258030442471,0
c3vh_000093_3dd0e042,xy_2d,hollow_topological_components,2,0,contour_graph_connectivity|morphological_band_count|rectangularity,calinski_harabasz|gridness_fft_acf|noise_aware_silhouette,3,0.0,1
c3vh_000093_3dd0e042,y_only,hollow_topological_components,4,0,direction_entropy,neighborhood_purity_multi_k,1,0.0,1
c3vh_000095_f655f61c,x_only,ladder_grid_lattice,3,0,connected_components_count|noise_aware_silhouette,axial_symmetry|silhouette,1,0.0047777222644262984,0
c3vh_000095_f655f61c,xy_2d,ladder_grid_lattice,2,0,convexity_ratio|ellipse_fit_score|hollow_score,alpha_shape_compactness|corner_junction_density|glcm_haralick,3,0.09735008466837758,0
c3vh_000095_f655f61c,y_only,ladder_grid_lattice,3,0,connectivity_components|direction_entropy,min_centroid_distance|noise_aware_silhouette,2,0.0,1
c3vh_000100_b311955a,x_only,arcs_circles_rings,3,0,direction_entropy|morphological_band_count,gridness_fft_acf|min_centroid_distance,2,0.0,1
c3vh_000100_b311955a,xy_2d,arcs_circles_rings,5,1,,,0,0.0,1
c3vh_000100_b311955a,y_only,arcs_circles_rings,4,0,axial_symmetry,neighborhood_purity,1,0.0011098346299101003,0
c3vh_000103_f7d56e3e,x_only,linear_bands_parallel_stripes,1,0,axial_symmetry|connectivity_components|convexity_solidity_image|ribbon_thickness,avg_within_cluster_dispersion|corner_junction_density|glcm_haralick|skeleton_connectivity,4,0.0032509159608005997,0
c3vh_000103_f7d56e3e,xy_2d,linear_bands_parallel_stripes,1,0,connected_components_count|edge_coherence|lbp_stationarity|orientation_histogram_entropy,fractal_dimension|ridge_strength|skeleton_connectivity|thickness_uniformity,4,0.0224664701578813,0
c3vh_000103_f7d56e3e,y_only,linear_bands_parallel_stripes,2,0,cluster_size_balance_entropy|direction_entropy|min_centroid_distance,connected_components_count|connectivity_components|symmetry_score,1,0.015167472338600801,0
c3vh_000266_689305f1,x_only,parabolic_curved_chains,4,0,min_centroid_distance,cluster_size_balance_entropy,0,-0.02469766527291417,0
c3vh_000266_689305f1,xy_2d,parabolic_curved_chains,1,0,axial_symmetry|parabolicity|piecewise_linearity|polygonality,calinski_harabasz|convexity_ratio|noise_aware_silhouette|silhouette,4,0.24349959105655616,0
c3vh_000266_689305f1,y_only,parabolic_curved_chains,4,0,davies_bouldin,connectivity_components,0,0.0,1
c3vh_000294_a4af180b,x_only,arcs_circles_rings,3,0,hough_line_strength|min_centroid_distance,neighborhood_purity_multi_k|noise_aware_silhouette,1,9.192375921690532e-05,0
c3vh_000294_a4af180b,xy_2d,arcs_circles_rings,3,0,contour_graph_connectivity|radial_uniformity,corner_junction_density|periodicity_1d,2,0.0,1
c3vh_000294_a4af180b,y_only,arcs_circles_rings,3,0,blobness_log_dog|noise_aware_silhouette,neighborhood_purity|silhouette,1,-0.00469819496925572,0
c3vh_000315_12c83649,x_only,linear_bands_parallel_stripes,3,0,periodicity_1d|symmetry_score,eccentricity_ratio|glcm_haralick,2,0.0,1
c3vh_000315_12c83649,xy_2d,linear_bands_parallel_stripes,3,0,min_centroid_distance|silhouette,axial_symmetry|calinski_harabasz,0,0.002059956882081604,0
c3vh_000315_12c83649,y_only,linear_bands_parallel_stripes,4,0,silhouette,gridness_fft_acf,0,0.0,1
c3vh_000359_0445dfd7,x_only,deinterleaving_pri_toa_amp_like,1,0,contour_graph_connectivity|convexity_ratio|davies_bouldin|symmetry_score,corner_junction_density|glcm_haralick|ribbon_thickness|skeleton_connectivity,3,0.0009056703351792003,0
c3vh_000359_0445dfd7,xy_2d,deinterleaving_pri_toa_amp_like,2,0,eccentricity_ratio|line_straightness|ribbon_thickness,corner_junction_density|glcm_haralick|periodicity_1d,3,0.08578607641151642,0
c3vh_000359_0445dfd7,y_only,deinterleaving_pri_toa_amp_like,4,0,neighborhood_purity,min_centroid_distance,0,0.0,1
c3vh_000367_45620348,x_only,hybrid_mixed_geometry,3,0,min_centroid_distance|neighborhood_purity,axial_symmetry|neighborhood_purity_multi_k,0,-0.0023133284547648403,0
c3vh_000367_45620348,xy_2d,hybrid_mixed_geometry,3,0,davies_bouldin|dbcv,connected_components_count|s_dbw,0,0.021575643219276186,0
c3vh_000367_45620348,y_only,hybrid_mixed_geometry,3,0,min_centroid_distance|neighborhood_purity,axial_symmetry|noise_aware_silhouette,0,-0.014087679013972287,0
c3vh_000448_8fda3e39,x_only,radial_spiral_meander,4,0,hough_line_strength,gridness_fft_acf,1,0.0,1
c3vh_000448_8fda3e39,xy_2d,radial_spiral_meander,1,0,axial_symmetry|connectivity_components|corner_sharpness|ellipse_fit_score,alpha_shape_compactness|calinski_harabasz|convexity_solidity_image|rectangularity,4,-0.00855887272175937,0
c3vh_000448_8fda3e39,y_only,radial_spiral_meander,4,0,axial_symmetry,neighborhood_purity,1,0.0,1
c3vh_000449_c38286e1,x_only,texture_density_fields,2,0,connected_components_count|connectivity_components|gridness_fft_acf,cluster_size_balance_entropy|min_centroid_distance|noise_aware_silhouette,3,0.0,1
c3vh_000449_c38286e1,xy_2d,texture_density_fields,2,0,ladderness|min_centroid_distance|rectangularity,avg_pca_isotropy|convexity_solidity_image|noise_aware_silhouette,2,0.0,1
c3vh_000449_c38286e1,y_only,texture_density_fields,2,0,alpha_shape_compactness|cluster_size_balance_entropy|connected_components_count,connectivity_components|min_centroid_distance|neighborhood_purity_multi_k,2,-0.016559975649983405,0
c3vh_000466_dae4a16d,x_only,ladder_grid_lattice,3,0,neighborhood_purity|noise_aware_silhouette,parallel_bands|silhouette,0,-0.005979809272052397,0
c3vh_000466_dae4a16d,xy_2d,ladder_grid_lattice,1,0,davies_bouldin|neighborhood_purity|neighborhood_purity_multi_k|silhouette,avg_pca_isotropy|calinski_harabasz|cluster_size_balance_entropy|ladderness,0,0.0847404103674001,0
c3vh_000466_dae4a16d,y_only,ladder_grid_lattice,2,0,davies_bouldin|min_centroid_distance|min_intercluster_distance,gridness_fft_acf|neighborhood_purity|neighborhood_purity_multi_k,0,0.0,1
c3vh_000485_a118c508,x_only,piecewise_polylines_corners,2,0,connectivity_components|radial_uniformity|silhouette,axial_symmetry|connected_components_count|corner_junction_density,2,0.24026030345034138,1
c3vh_000485_a118c508,xy_2d,piecewise_polylines_corners,2,0,davies_bouldin|s_dbw|silhouette,contour_graph_connectivity|corner_junction_density|glcm_haralick,0,0.30355182923750645,0
c3vh_000485_a118c508,y_only,piecewise_polylines_corners,5,1,,,0,0.0,1
c3vh_000489_9c508f1c,x_only,hollow_topological_components,2,0,curvature_consistency|hollow_score|ladderness,gridness_fft_acf|noise_aware_silhouette|silhouette,3,0.0,1
c3vh_000489_9c508f1c,xy_2d,hollow_topological_components,2,0,curvature_consistency|parallel_bands|radial_uniformity,avg_pca_isotropy|hollow_score|periodicity_1d,3,0.2334992905059825,0
c3vh_000489_9c508f1c,y_only,hollow_topological_components,2,0,connectivity_components|corner_junction_density|parallel_bands,connected_components_count|contour_graph_connectivity|radial_uniformity,3,0.30068624123009574,0
c3vh_000495_c999c411,x_only,arcs_circles_rings,4,0,neighborhood_purity,gridness_fft_acf,0,0.0,1
c3vh_000495_c999c411,xy_2d,arcs_circles_rings,0,0,alpha_shape_compactness|cluster_size_imbalance_entropy|contour_graph_connectivity|ellipse_fit_score|rectangularity,davies_bouldin|neighborhood_purity|neighborhood_purity_multi_k|noise_aware_silhouette|silhouette,4,0.07942379167717528,0
c3vh_000495_c999c411,y_only,arcs_circles_rings,2,0,connected_components_count|connectivity_components|radial_uniformity,avg_pca_isotropy|neighborhood_purity|neighborhood_purity_multi_k,3,0.0,1
c3vh_000513_00d5044d,x_only,linear_bands_parallel_stripes,2,0,cluster_size_balance_entropy|eccentricity_ratio|line_straightness,corner_junction_density|glcm_haralick|skeleton_connectivity,2,0.0,1
c3vh_000513_00d5044d,xy_2d,linear_bands_parallel_stripes,3,0,arc_circle_fit|hollow_score,calinski_harabasz|glcm_haralick,2,0.0,1
c3vh_000513_00d5044d,y_only,linear_bands_parallel_stripes,2,0,blobness_log_dog|direction_entropy|noise_aware_silhouette,min_centroid_distance|neighborhood_purity|neighborhood_purity_multi_k,2,0.1608296816827935,0
c3vh_000593_324cdbf0,x_only,deinterleaving_pri_toa_amp_like,1,0,connectivity_components|contour_graph_connectivity|davies_bouldin|gridness_fft_acf,calinski_harabasz|corner_junction_density|glcm_haralick|ribbon_thickness,3,0.00028256359533019963,1
c3vh_000593_324cdbf0,xy_2d,deinterleaving_pri_toa_amp_like,3,0,hollow_score|parallel_bands,circularity_compactness|fractal_dimension,2,0.16788451375314692,0
c3vh_000593_324cdbf0,y_only,deinterleaving_pri_toa_amp_like,3,0,connected_components_count|neighborhood_purity,gridness_fft_acf|min_centroid_distance,1,0.0,1
c3vh_000627_d31779ba,x_only,texture_density_fields,1,0,axial_symmetry|connectivity_components|gridness_2d|noise_aware_silhouette,gridness_fft_acf|neighborhood_purity|neighborhood_purity_multi_k|silhouette,3,-0.06510467096375161,0
c3vh_000627_d31779ba,xy_2d,texture_density_fields,3,0,axial_symmetry|corner_sharpness,mst_smoothness|radial_uniformity,2,0.0,1
c3vh_000627_d31779ba,y_only,texture_density_fields,0,0,gridness_fft_acf|neighborhood_purity|neighborhood_purity_multi_k|noise_aware_silhouette|silhouette,alpha_shape_compactness|avg_pca_isotropy|axial_symmetry|cluster_size_balance_entropy|connectivity_components,1,-0.015563508494007616,0
c3vh_000633_40d26301,x_only,parabolic_curved_chains,2,0,min_centroid_distance|neighborhood_purity|neighborhood_purity_multi_k,alpha_shape_compactness|cluster_size_balance_entropy|gridness_fft_acf,0,-0.013161391869764394,0
c3vh_000633_40d26301,xy_2d,parabolic_curved_chains,0,0,blobness_log_dog|min_centroid_distance|morphological_band_count|neighborhood_purity|neighborhood_purity_multi_k,calinski_harabasz|cluster_size_balance_entropy|connectivity_components|convexity_ratio|corner_junction_density,2,0.14251442564454048,0
c3vh_000633_40d26301,y_only,parabolic_curved_chains,5,1,,,0,0.0,1
c3vh_000676_4c0bc1b2,x_only,piecewise_polylines_corners,4,0,neighborhood_purity,min_centroid_distance,0,0.0,1
c3vh_000676_4c0bc1b2,xy_2d,piecewise_polylines_corners,3,0,contour_graph_connectivity|ellipse_fit_score,calinski_harabasz|rectangularity,2,0.014698353436469636,0
c3vh_000676_4c0bc1b2,y_only,piecewise_polylines_corners,4,0,axial_symmetry,noise_aware_silhouette,1,0.12287356364556601,0
c3vh_000686_b26898d4,x_only,hollow_topological_components,3,0,direction_entropy|noise_aware_silhouette,neighborhood_purity|silhouette,1,0.0970390703981249,0
c3vh_000686_b26898d4,xy_2d,hollow_topological_components,2,0,alpha_shape_compactness|mst_smoothness|radial_uniformity,corner_junction_density|glcm_haralick|periodicity_1d,3,0.20296226993671518,1
c3vh_000686_b26898d4,y_only,hollow_topological_components,3,0,contour_graph_connectivity|min_centroid_distance,gridness_fft_acf|neighborhood_purity_multi_k,1,0.0,1
c3vh_000697_8c8448c8,x_only,arcs_circles_rings,2,0,contour_graph_connectivity|direction_entropy|silhouette,gridness_fft_acf|neighborhood_purity|noise_aware_silhouette,2,0.0,1
c3vh_000697_8c8448c8,xy_2d,arcs_circles_rings,4,0,ladderness,calinski_harabasz,1,-0.02602573001215447,0
c3vh_000697_8c8448c8,y_only,arcs_circles_rings,2,0,avg_pca_isotropy|axial_symmetry|connected_components_count,gridness_fft_acf|noise_aware_silhouette|silhouette,2,0.22698409469245978,1
c3vh_000727_fc77c2c9,x_only,linear_bands_parallel_stripes,1,0,connected_components_count|connectivity_components|min_intercluster_distance|symmetry_score,corner_junction_density|eccentricity_ratio|glcm_haralick|ribbon_thickness,3,0.001989464830687099,0
c3vh_000727_fc77c2c9,xy_2d,linear_bands_parallel_stripes,0,0,curvature_consistency|davies_bouldin|gridness_fft_acf|noise_aware_silhouette|parallel_bands,alpha_shape_compactness|calinski_harabasz|corner_junction_density|glcm_haralick|periodicity_1d,3,-0.006385582054369121,1
c3vh_000727_fc77c2c9,y_only,linear_bands_parallel_stripes,4,0,silhouette,cluster_size_balance_entropy,0,0.0,1
c3vh_000807_8bf35d0b,x_only,texture_density_fields,5,1,,,0,0.0,1
c3vh_000807_8bf35d0b,xy_2d,texture_density_fields,4,0,connectivity_components,gridness_fft_acf,1,0.0,1
c3vh_000807_8bf35d0b,y_only,texture_density_fields,2,0,connectivity_components|contour_graph_connectivity|parallel_bands,gridness_fft_acf|neighborhood_purity|neighborhood_purity_multi_k,3,0.004690833462147492,0
c3vh_000819_afbd6e81,x_only,parabolic_curved_chains,2,0,connectivity_components|gridness_fft_acf|parabolicity,min_centroid_distance|neighborhood_purity_multi_k|silhouette,3,0.09633229168013657,0
c3vh_000819_afbd6e81,xy_2d,parabolic_curved_chains,3,0,avg_pca_isotropy|min_intercluster_distance,gridness_fft_acf|min_centroid_distance,0,0.08820172856407998,0
c3vh_000819_afbd6e81,y_only,parabolic_curved_chains,1,0,axial_symmetry|cluster_size_balance_entropy|morphological_band_count|ribbon_thickness,gridness_fft_acf|neighborhood_purity|neighborhood_purity_multi_k|silhouette,3,0.010503732804764396,0
c3vh_000833_789dccbb,x_only,deinterleaving_pri_toa_amp_like,4,0,connected_components_count,skeleton_connectivity,1,0.0,1
c3vh_000833_789dccbb,xy_2d,deinterleaving_pri_toa_amp_like,3,0,circularity_compactness|connected_components_count,glcm_haralick|periodicity_1d,2,0.0,1
c3vh_000833_789dccbb,y_only,deinterleaving_pri_toa_amp_like,3,0,axial_symmetry|direction_entropy,connectivity_components|gridness_fft_acf,2,0.0,1
c3vh_000860_60e30c40,x_only,ladder_grid_lattice,3,0,contour_graph_connectivity|silhouette,gridness_fft_acf|noise_aware_silhouette,1,0.0,1
c3vh_000860_60e30c40,xy_2d,ladder_grid_lattice,4,0,cluster_size_balance_entropy,calinski_harabasz,0,0.0,1
c3vh_000860_60e30c40,y_only,ladder_grid_lattice,4,0,morphological_band_count,neighborhood_purity,1,0.0,1
c3vh_000887_1015000e,x_only,hybrid_mixed_geometry,4,0,blobness_log_dog,min_centroid_distance,1,0.015076593854411735,0
c3vh_000887_1015000e,xy_2d,hybrid_mixed_geometry,4,0,axial_symmetry,noise_aware_silhouette,1,0.0,1
c3vh_000887_1015000e,y_only,hybrid_mixed_geometry,4,0,neighborhood_purity,neighborhood_purity_multi_k,0,0.0,1
c3vh_000900_bfd7c733,x_only,arcs_circles_rings,4,0,axial_symmetry,neighborhood_purity_multi_k,1,0.030566393289920113,0
c3vh_000900_bfd7c733,xy_2d,arcs_circles_rings,2,0,avg_pca_isotropy|connectivity_components|davies_bouldin,alpha_shape_compactness|convexity_solidity_image|rectangularity,1,-0.0012101696947794949,0
c3vh_000900_bfd7c733,y_only,arcs_circles_rings,4,0,noise_aware_silhouette,neighborhood_purity,0,0.0,1
c3vh_000901_311e3a7c,x_only,polygons_rectangles_frames,4,0,alpha_shape_compactness,gridness_fft_acf,1,0.0,1
c3vh_000901_311e3a7c,xy_2d,polygons_rectangles_frames,3,0,cluster_size_balance_entropy|connected_components_count,davies_bouldin|silhouette,1,0.004814204530089183,0
c3vh_000901_311e3a7c,y_only,polygons_rectangles_frames,4,0,connectivity_components,neighborhood_purity,1,0.0,1
c3vh_000937_21e1c7f2,x_only,linear_bands_parallel_stripes,4,0,corner_junction_density,cluster_size_balance_entropy,1,0.0,1
c3vh_000937_21e1c7f2,xy_2d,linear_bands_parallel_stripes,2,0,morphological_band_count|polygonality|radial_uniformity,alpha_shape_compactness|convexity_ratio|noise_aware_silhouette,3,0.09274238915290747,0
c3vh_000937_21e1c7f2,y_only,linear_bands_parallel_stripes,4,0,min_centroid_distance,silhouette,0,0.0,1
c3vh_000987_94c2dc03,x_only,texture_density_fields,3,0,axial_symmetry|direction_entropy,gridness_fft_acf|noise_aware_silhouette,2,0.0,1
c3vh_000987_94c2dc03,xy_2d,texture_density_fields,5,1,,,0,0.0,1
c3vh_000987_94c2dc03,y_only,texture_density_fields,4,0,contour_graph_connectivity,neighborhood_purity_multi_k,1,0.0,1
c3vh_000988_e8ed6031,x_only,radial_spiral_meander,3,0,connectivity_components|corner_junction_density,avg_pca_isotropy|silhouette,2,-0.14169682200714534,1
c3vh_000988_e8ed6031,xy_2d,radial_spiral_meander,2,0,contour_graph_connectivity|convexity_solidity_image|ellipse_fit_score,cluster_size_balance_entropy|connected_components_count|s_dbw,3,0.012407193365791769,0
c3vh_000988_e8ed6031,y_only,radial_spiral_meander,3,0,alpha_shape_compactness|connectivity_components,contour_graph_connectivity|davies_bouldin,2,0.0,1
c3vh_001077_d61aef27,x_only,polygons_rectangles_frames,3,0,direction_entropy|morphological_band_count,min_centroid_distance|neighborhood_purity_multi_k,2,0.0,1
c3vh_001077_d61aef27,xy_2d,polygons_rectangles_frames,0,0,gridness_fft_acf|min_centroid_distance|morphological_band_count|noise_aware_silhouette|silhouette,avg_pca_isotropy|cluster_size_balance_entropy|corner_junction_density|corner_sharpness|radial_uniformity,2,-0.018803185800134403,0
c3vh_001077_d61aef27,y_only,polygons_rectangles_frames,4,0,noise_aware_silhouette,neighborhood_purity,0,0.0,1
c3vh_001098_b044fc74,x_only,piecewise_polylines_corners,2,0,alpha_shape_compactness|min_intercluster_distance|neighborhood_purity,avg_pca_isotropy|min_centroid_distance|silhouette,1,0.04726564918538151,0
c3vh_001098_b044fc74,xy_2d,piecewise_polylines_corners,0,0,alpha_shape_compactness|convexity_ratio|ellipse_fit_score|mst_smoothness|rectangularity,gridness_fft_acf|min_centroid_distance|neighborhood_purity_multi_k|noise_aware_silhouette|silhouette,5,0.19408989150070372,0
c3vh_001098_b044fc74,y_only,piecewise_polylines_corners,4,0,hough_line_strength,neighborhood_purity,1,-0.0027645901796389816,0
c3vh_001110_74aa1b3b,x_only,arcs_circles_rings,2,0,cluster_size_balance_entropy|gridness_fft_acf|noise_aware_silhouette,connectivity_components|neighborhood_purity_multi_k|silhouette,1,0.023403002289671897,0
c3vh_001110_74aa1b3b,xy_2d,arcs_circles_rings,3,0,avg_pca_isotropy|convexity_solidity_image,cluster_size_balance_entropy|gridness_fft_acf,1,0.0038811957340858794,0
c3vh_001110_74aa1b3b,y_only,arcs_circles_rings,3,0,gridness_fft_acf|noise_aware_silhouette,neighborhood_purity|neighborhood_purity_multi_k,1,0.0,1
c3vh_001150_de0e8c5d,x_only,hybrid_mixed_geometry,3,0,parallel_bands|symmetry_score,convexity_ratio|ribbon_thickness,2,0.116321255407692,0
c3vh_001150_de0e8c5d,xy_2d,hybrid_mixed_geometry,1,0,arc_circle_fit|hollow_score|noise_aware_silhouette|silhouette,alpha_shape_compactness|calinski_harabasz|corner_junction_density|glcm_haralick,2,0.04522613176056056,0
c3vh_001150_de0e8c5d,y_only,hybrid_mixed_geometry,3,0,fractal_dimension|glcm_haralick,corner_junction_density|parallel_bands,2,-0.0662479001451641,0
c3vh_001151_bd3832fb,x_only,linear_bands_parallel_stripes,2,0,alpha_shape_compactness|axial_symmetry|symmetry_score,corner_junction_density|eccentricity_ratio|glcm_haralick,3,0.0009365359002667,0
c3vh_001151_bd3832fb,xy_2d,linear_bands_parallel_stripes,0,0,davies_bouldin|eccentricity_ratio|min_centroid_distance|min_intercluster_distance|ribbon_thickness,axial_symmetry|connectivity_components|gridness_fft_acf|noise_aware_silhouette|silhouette,2,0.013107195776954683,0
c3vh_001151_bd3832fb,y_only,linear_bands_parallel_stripes,3,0,davies_bouldin|min_intercluster_distance,cluster_size_balance_entropy|gridness_fft_acf,0,0.01094203865370691,0
c3vh_001174_27f89d98,x_only,parabolic_curved_chains,4,0,silhouette,neighborhood_purity,0,0.0,1
c3vh_001174_27f89d98,xy_2d,parabolic_curved_chains,0,0,axial_symmetry|connectivity_components|convexity_ratio|convexity_solidity_image|noise_aware_silhouette,alpha_shape_compactness|corner_junction_density|fractal_dimension|glcm_haralick|periodicity_1d,4,0.1183864889101992,0
c3vh_001174_27f89d98,y_only,parabolic_curved_chains,2,0,blobness_log_dog|connectivity_components|silhouette,gridness_fft_acf|min_centroid_distance|noise_aware_silhouette,2,0.0,1
c3vh_001292_e00d2c76,x_only,hollow_topological_components,3,0,axial_symmetry|euler_holes_count,gridness_fft_acf|silhouette,2,0.005439950507802105,0
c3vh_001292_e00d2c76,xy_2d,hollow_topological_components,2,0,cluster_size_balance_entropy|edge_coherence|mst_smoothness,blobness_log_dog|calinski_harabasz|gridness_fft_acf,2,0.0426745159441472,1
c3vh_001292_e00d2c76,y_only,hollow_topological_components,4,0,noise_aware_silhouette,min_centroid_distance,0,0.0,1
c3vh_001295_76f1be98,x_only,piecewise_polylines_corners,2,0,axial_symmetry|connected_components_count|direction_entropy,min_centroid_distance|neighborhood_purity|neighborhood_purity_multi_k,3,0.00712058544757177,0
c3vh_001295_76f1be98,xy_2d,piecewise_polylines_corners,2,0,ellipse_fit_score|gridness_fft_acf|noise_aware_silhouette,avg_pca_isotropy|cluster_size_balance_entropy|radial_uniformity,2,0.0012724441970669575,0
c3vh_001295_76f1be98,y_only,piecewise_polylines_corners,3,0,direction_entropy|neighborhood_purity,gridness_fft_acf|min_centroid_distance,1,0.0,1
c3vh_001332_b193ae37,x_only,deinterleaving_pri_toa_amp_like,3,0,connectivity_components|silhouette,cluster_size_balance_entropy|gridness_fft_acf,1,-0.047978807957736694,0
c3vh_001332_b193ae37,xy_2d,deinterleaving_pri_toa_amp_like,3,0,axial_symmetry|connectivity_components,calinski_harabasz|parallel_bands,2,-0.142288285710032,0
c3vh_001332_b193ae37,y_only,deinterleaving_pri_toa_amp_like,3,0,direction_entropy|silhouette,gridness_fft_acf|parallel_bands,1,-0.1327747954959831,0
c3vh_001350_70709dd9,x_only,arcs_circles_rings,3,0,contour_graph_connectivity|neighborhood_purity,avg_pca_isotropy|connectivity_components,1,0.005139767825731334,0
c3vh_001350_70709dd9,xy_2d,arcs_circles_rings,3,0,orientation_histogram_entropy|parallel_bands,corner_junction_density|periodicity_1d,2,0.07213713222588941,1
c3vh_001350_70709dd9,y_only,arcs_circles_rings,4,0,axial_symmetry,neighborhood_purity,1,0.002690044925284074,0
c3vh_001383_22095824,x_only,linear_bands_parallel_stripes,2,0,alpha_shape_compactness|min_intercluster_distance|neighborhood_purity_multi_k,axial_symmetry|cluster_size_balance_entropy|convexity_ratio,1,0.03567168194503491,0
c3vh_001383_22095824,xy_2d,linear_bands_parallel_stripes,2,0,cluster_size_balance_entropy|connected_components_count|parallel_bands,corner_junction_density|glcm_haralick|periodicity_1d,2,0.07792469845326763,0
c3vh_001383_22095824,y_only,linear_bands_parallel_stripes,0,0,connectivity_components|davies_bouldin|noise_aware_silhouette|parallel_bands|silhouette,axial_symmetry|connected_components_count|convexity_ratio|glcm_haralick|ribbon_thickness,2,0.048418645320394915,1
c3vh_001407_a0044496,x_only,hybrid_mixed_geometry,2,0,min_intercluster_distance|morphological_band_count|symmetry_score,connectivity_components|gridness_fft_acf|silhouette,2,0.05217626997459712,0
c3vh_001407_a0044496,xy_2d,hybrid_mixed_geometry,1,0,connected_components_count|connectivity_components|ellipse_fit_score|symmetry_score,alpha_shape_compactness|cluster_size_balance_entropy|corner_junction_density|glcm_haralick,4,0.0913114512326364,0
c3vh_001407_a0044496,y_only,hybrid_mixed_geometry,1,0,connectivity_components|contour_graph_connectivity|neighborhood_purity|neighborhood_purity_multi_k,convexity_ratio|parallel_bands|ribbon_thickness|symmetry_score,2,0.039152278292201304,0
c3vh_001594_44a402b0,x_only,deinterleaving_pri_toa_amp_like,2,0,alpha_shape_compactness|convexity_ratio|corner_junction_density,neighborhood_purity|neighborhood_purity_multi_k|silhouette,3,0.0090573187322028,0
c3vh_001594_44a402b0,xy_2d,deinterleaving_pri_toa_amp_like,3,0,s_dbw|thickness_uniformity,cluster_size_balance_entropy|corner_junction_density,1,0.0,1
c3vh_001594_44a402b0,y_only,deinterleaving_pri_toa_amp_like,4,0,cluster_size_balance_entropy,neighborhood_purity_multi_k,0,0.000179232425905701,0
c3vh_001680_1744cf91,x_only,hybrid_mixed_geometry,4,0,direction_entropy,min_centroid_distance,1,0.0,1
c3vh_001680_1744cf91,xy_2d,hybrid_mixed_geometry,1,0,connected_components_count|contour_graph_connectivity|rectangularity|silhouette,cluster_size_balance_entropy|corner_junction_density|hollow_score|periodicity_1d,3,-0.0009203385681093579,0
c3vh_001680_1744cf91,y_only,hybrid_mixed_geometry,2,0,cluster_size_balance_entropy|connected_components_count|connectivity_components,avg_pca_isotropy|gridness_fft_acf|neighborhood_purity_multi_k,2,0.0013216777326475748,0
c3vh_001927_f4a69b78,x_only,hybrid_mixed_geometry,4,0,morphological_band_count,parallel_bands,1,0.09474700313495252,1
c3vh_001927_f4a69b78,xy_2d,hybrid_mixed_geometry,2,0,convexity_solidity_image|fractal_dimension|ridge_strength,alpha_shape_compactness|calinski_harabasz|noise_aware_silhouette,3,-0.0007417825297247882,0
c3vh_001927_f4a69b78,y_only,hybrid_mixed_geometry,3,0,axial_symmetry|min_centroid_distance,neighborhood_purity|neighborhood_purity_multi_k,1,0.0,1
c4e_000081_9020582c,x_only,standard_clustering_blobs,3,0,min_intercluster_distance|morphological_band_count,min_centroid_distance|neighborhood_purity_multi_k,1,0.0,1
c4e_000081_9020582c,xy_2d,standard_clustering_blobs,2,0,avg_pca_isotropy|fractal_dimension|gridness_2d,circularity_compactness|periodicity_1d|radial_uniformity,2,0.2398478370577093,0
c4e_000081_9020582c,y_only,standard_clustering_blobs,3,0,calinski_harabasz|symmetry_score,avg_pca_isotropy|contour_graph_connectivity,1,0.0,1
c4e_000096_39549fee,x_only,ladder_grid_lattice,0,0,davies_bouldin|min_centroid_distance|min_intercluster_distance|neighborhood_purity|noise_aware_silhouette,cluster_size_balance_entropy|connected_components_count|contour_graph_connectivity|convexity_ratio|ribbon_thickness,0,0.027718407109268484,0
c4e_000096_39549fee,xy_2d,ladder_grid_lattice,1,0,calinski_harabasz|corner_sharpness|ellipse_fit_score|piecewise_linearity,cluster_size_balance_entropy|gridness_fft_acf|noise_aware_silhouette|silhouette,3,-0.0003863582465151727,1
c4e_000096_39549fee,y_only,ladder_grid_lattice,1,0,alpha_shape_compactness|noise_aware_silhouette|parallel_bands|ribbon_thickness,corner_junction_density|min_intercluster_distance|neighborhood_purity|silhouette,3,0.1044697817237161,0
c4e_000101_bdab2938,x_only,texture_density_fields,3,0,min_centroid_distance|min_intercluster_distance,neighborhood_purity|neighborhood_purity_multi_k,0,0.0,1
c4e_000101_bdab2938,xy_2d,texture_density_fields,3,0,contour_graph_connectivity|thickness_uniformity,connectivity_components|corner_junction_density,2,0.12795587357886873,0
c4e_000101_bdab2938,y_only,texture_density_fields,4,0,dbcv,cluster_size_balance_entropy,0,0.0,1
c4e_000102_b3aa241d,x_only,hollow_topological_components,4,0,hough_circle_arc_strength,convexity_ratio,1,0.0,1
c4e_000102_b3aa241d,xy_2d,hollow_topological_components,3,0,bimodality_anti_thickness|contour_graph_connectivity,avg_pca_isotropy|ellipse_fit_score,2,-0.025251947077029935,0
c4e_000102_b3aa241d,y_only,hollow_topological_components,1,0,cluster_size_balance_entropy|connectivity_components|contour_graph_connectivity|gridness_fft_acf,min_centroid_distance|neighborhood_purity|neighborhood_purity_multi_k|noise_aware_silhouette,3,0.0,1
c4e_000103_ee73b17c,x_only,piecewise_polylines_corners,3,0,parabolicity|ribbon_thickness,gridness_fft_acf|noise_aware_silhouette,2,0.0,1
c4e_000103_ee73b17c,xy_2d,piecewise_polylines_corners,2,0,contour_graph_connectivity|orientation_histogram_entropy|ridge_strength,eccentricity_ratio|gridness_fft_acf|ribbon_thickness,3,0.0,1
c4e_000103_ee73b17c,y_only,piecewise_polylines_corners,3,0,eccentricity_ratio|line_straightness,cluster_size_balance_entropy|connected_components_count,2,0.0,1
c4e_000110_4cec2938,x_only,arcs_circles_rings,1,0,gridness_fft_acf|neighborhood_purity|neighborhood_purity_multi_k|noise_aware_silhouette,connected_components_count|contour_graph_connectivity|corner_junction_density|glcm_haralick,1,0.06780075809570252,1
c4e_000110_4cec2938,xy_2d,arcs_circles_rings,1,0,arc_circle_fit|davies_bouldin|noise_aware_silhouette|silhouette,connected_components_count|connectivity_components|glcm_haralick|skeleton_connectivity,1,0.24802071527548258,0
c4e_000110_4cec2938,y_only,arcs_circles_rings,3,0,cluster_size_balance_entropy|noise_aware_silhouette,connected_components_count|connectivity_components,0,0.0,1
c4e_000120_701a7670,x_only,linear_bands_parallel_stripes,0,0,corner_junction_density|eccentricity_ratio|line_straightness|ribbon_thickness|s_dbw,cluster_size_imbalance_entropy|curvature_consistency|edge_coherence|ladderness|orientation_histogram_entropy,4,0.0005397537143612944,0
c4e_000120_701a7670,xy_2d,linear_bands_parallel_stripes,2,0,alpha_shape_compactness|hollow_score|s_dbw,avg_within_cluster_dispersion|connected_components_count|skeleton_connectivity,2,0.0,1
c4e_000120_701a7670,y_only,linear_bands_parallel_stripes,3,0,alpha_shape_compactness|convexity_ratio,cluster_size_balance_entropy|neighborhood_purity,2,0.0,1
c4e_000131_a67f5272,x_only,deinterleaving_pri_toa_amp_like,0,0,cluster_size_balance_entropy|fractal_dimension|noise_aware_silhouette|ribbon_thickness|silhouette,cluster_size_imbalance_entropy|edge_coherence|gridness_2d|orientation_histogram_entropy|turning_points_count,2,0.0003870659973231254,0
c4e_000131_a67f5272,xy_2d,deinterleaving_pri_toa_amp_like,4,0,mst_smoothness,curvature_consistency,1,0.0,1
c4e_000131_a67f5272,y_only,deinterleaving_pri_toa_amp_like,2,0,calinski_harabasz|line_straightness|noise_aware_silhouette,cluster_size_balance_entropy|gridness_fft_acf|silhouette,1,0.02302634856967778,0
c4e_000139_812e0a4b,x_only,hybrid_mixed_geometry,3,0,corner_junction_density|symmetry_score,convexity_ratio|parallel_bands,2,0.0,1
c4e_000139_812e0a4b,xy_2d,hybrid_mixed_geometry,3,0,periodicity_1d|symmetry_score,connected_components_count|glcm_haralick,2,0.0,1
c4e_000139_812e0a4b,y_only,hybrid_mixed_geometry,2,0,connectivity_components|min_centroid_distance|radial_uniformity,connected_components_count|gridness_fft_acf|silhouette,2,7.873987904472024e-06,0
c4e_000241_c669f5e0,x_only,polygons_rectangles_frames,0,0,connectivity_components|gridness_fft_acf|neighborhood_purity|neighborhood_purity_multi_k|silhouette,axial_symmetry|cluster_size_balance_entropy|connected_components_count|contour_graph_connectivity|convexity_ratio,2,-0.053010168784121126,0
c4e_000241_c669f5e0,xy_2d,polygons_rectangles_frames,2,0,connected_components_count|curvature_consistency|parallel_bands,arc_circle_fit|calinski_harabasz|hough_circle_arc_strength,3,0.005475604633529918,0
c4e_000241_c669f5e0,y_only,polygons_rectangles_frames,2,0,cluster_size_balance_entropy|dbcv|noise_aware_silhouette,connected_components_count|convexity_ratio|gridness_fft_acf,0,0.005042197081432664,0
c4e_000275_9efbb580,x_only,parabolic_curved_chains,1,0,connected_components_count|corner_junction_density|gridness_fft_acf|radial_uniformity,cluster_size_balance_entropy|min_centroid_distance|neighborhood_purity_multi_k|ribbon_thickness,4,-0.005465702188927599,0
c4e_000275_9efbb580,xy_2d,parabolic_curved_chains,2,0,cluster_size_balance_entropy|corner_junction_density|gridness_fft_acf,neighborhood_purity|neighborhood_purity_multi_k|noise_aware_silhouette,2,0.0,1
c4e_000275_9efbb580,y_only,parabolic_curved_chains,2,0,corner_junction_density|gridness_fft_acf|hollow_score,min_intercluster_distance|neighborhood_purity|turning_points_count,3,0.0,1
c4e_000279_52019f71,x_only,radial_spiral_meander,2,0,alpha_shape_compactness|connectivity_components|gridness_2d,axial_symmetry|connected_components_count|contour_graph_connectivity,3,0.06759486604208043,0
c4e_000279_52019f71,xy_2d,radial_spiral_meander,2,0,calinski_harabasz|connectivity_components|polygonality,alpha_shape_compactness|corner_junction_density|skeleton_connectivity,2,0.05003625867299466,0
c4e_000279_52019f71,y_only,radial_spiral_meander,4,0,contour_graph_connectivity,neighborhood_purity_multi_k,1,0.0,1
c4e_000286_7789759f,x_only,ladder_grid_lattice,2,0,davies_bouldin|edge_coherence|silhouette,convexity_ratio|parallel_bands|ribbon_thickness,1,0.03809233695992492,1
c4e_000286_7789759f,xy_2d,ladder_grid_lattice,3,0,corner_junction_density|periodicity_1d,avg_within_cluster_dispersion|connectivity_components,2,0.0,1
c4e_000286_7789759f,y_only,ladder_grid_lattice,3,0,parallel_bands|piecewise_linearity,calinski_harabasz|connectivity_components,2,0.01582221102498621,1
c4e_000297_ff9717a7,x_only,piecewise_polylines_corners,2,0,cluster_size_balance_entropy|glcm_haralick|ridge_strength,connected_components_count|gridness_fft_acf|silhouette,2,-0.14928692185122594,1
c4e_000297_ff9717a7,xy_2d,piecewise_polylines_corners,2,0,connected_components_count|gridness_fft_acf|radial_uniformity,cluster_size_balance_entropy|hough_circle_arc_strength|parallel_bands,3,0.1065838779111219,0
c4e_000297_ff9717a7,y_only,piecewise_polylines_corners,2,0,gridness_fft_acf|morphological_band_count|radial_uniformity,contour_graph_connectivity|ribbon_thickness|silhouette,3,0.01708922835499399,0
c4e_000298_c3e6384c,x_only,hollow_topological_components,1,0,connectivity_components|curvature_consistency|hollow_score|hough_circle_arc_strength,avg_pca_isotropy|connected_components_count|contour_graph_connectivity|silhouette,4,0.1009285447324707,0
c4e_000298_c3e6384c,xy_2d,hollow_topological_components,1,0,circularity_compactness|cluster_size_balance_entropy|ellipse_fit_score|thickness_uniformity,connected_components_count|convexity_ratio|hollow_score|hough_circle_arc_strength,3,0.015586184670942194,0
c4e_000298_c3e6384c,y_only,hollow_topological_components,1,0,axial_symmetry|convexity_ratio|hollow_score|parallel_bands,connected_components_count|contour_graph_connectivity|corner_junction_density|lbp_stationarity,4,0.2885047664675213,0
c4e_000306_699be54c,x_only,arcs_circles_rings,3,0,axial_symmetry|convexity_ratio,gridness_fft_acf|min_centroid_distance,2,0.0,1
c4e_000306_699be54c,xy_2d,arcs_circles_rings,1,0,gridness_2d|hough_circle_arc_strength|parabolicity|parallel_bands,cluster_size_balance_entropy|connected_components_count|corner_junction_density|curvature_consistency,4,-0.04556804341904519,0
c4e_000306_699be54c,y_only,arcs_circles_rings,0,0,calinski_harabasz|cluster_size_balance_entropy|connected_components_count|connectivity_components|contour_graph_connectivity,gridness_fft_acf|neighborhood_purity|neighborhood_purity_multi_k|noise_aware_silhouette|silhouette,3,0.008927952043503107,0
c4e_000322_220d3fa7,x_only,linear_bands_parallel_stripes,1,0,euler_holes_count|gridness_2d|lbp_stationarity|morphological_band_count,curvature_consistency|orientation_histogram_entropy|peak_to_background_hough|polygonality,4,0.0011120736983485,0
c4e_000322_220d3fa7,xy_2d,linear_bands_parallel_stripes,1,0,alpha_shape_compactness|convexity_ratio|parallel_bands|periodicity_1d,curvature_consistency|eccentricity_ratio|gridness_fft_acf|line_straightness,4,0.146873271633314,0
c4e_000322_220d3fa7,y_only,linear_bands_parallel_stripes,4,0,min_centroid_distance,silhouette,0,0.029862104796618605,0
c4e_000382_35b51401,x_only,hybrid_mixed_geometry,2,0,fractal_dimension|parallel_bands|radial_uniformity,connected_components_count|glcm_haralick|silhouette,3,-0.058429999621903095,0
c4e_000382_35b51401,xy_2d,hybrid_mixed_geometry,5,1,,,0,0.0,1
c4e_000382_35b51401,y_only,hybrid_mixed_geometry,3,0,cluster_size_balance_entropy|glcm_haralick,convexity_ratio|noise_aware_silhouette,1,0.0,1
c4e_000408_cf19185c,x_only,polygons_rectangles_frames,3,0,contour_graph_connectivity|davies_bouldin,axial_symmetry|noise_aware_silhouette,1,0.0,1
c4e_000408_cf19185c,xy_2d,polygons_rectangles_frames,1,0,avg_pca_isotropy|cluster_size_balance_entropy|connectivity_components|convexity_ratio,arc_circle_fit|calinski_harabasz|hollow_score|hough_circle_arc_strength,2,-0.002280480002014862,0
c4e_000408_cf19185c,y_only,polygons_rectangles_frames,1,0,cluster_size_balance_entropy|connectivity_components|gridness_fft_acf|hollow_score,connected_components_count|contour_graph_connectivity|convexity_ratio|silhouette,3,0.0,1
c4e_000453_909ae383,x_only,radial_spiral_meander,4,0,alpha_shape_compactness,connected_components_count,1,0.039991303461297534,0
c4e_000453_909ae383,xy_2d,radial_spiral_meander,2,0,alpha_shape_compactness|contour_graph_connectivity|ellipse_fit_score,cluster_size_balance_entropy|connected_components_count|corner_junction_density,3,0.2680551418179601,1
c4e_000453_909ae383,y_only,radial_spiral_meander,3,0,convexity_ratio|morphological_band_count,neighborhood_purity_multi_k|noise_aware_silhouette,2,0.0,1
c4e_000459_842baefd,x_only,parabolic_curved_chains,4,0,min_centroid_distance,cluster_size_balance_entropy,0,0.0009134054041767814,0
c4e_000459_842baefd,xy_2d,parabolic_curved_chains,1,0,davies_bouldin|dbcv|neighborhood_purity|neighborhood_purity_multi_k,calinski_harabasz|cluster_size_balance_entropy|noise_aware_silhouette|parabolicity,0,-0.2710689483745309,1
c4e_000459_842baefd,y_only,parabolic_curved_chains,3,0,connected_components_count|davies_bouldin,cluster_size_balance_entropy|corner_junction_density,1,0.13206015738307364,0
c4e_000479_6d0d2df5,x_only,ladder_grid_lattice,1,0,contour_graph_connectivity|min_intercluster_distance|noise_aware_silhouette|periodicity_1d,connected_components_count|gridness_fft_acf|ribbon_thickness|thickness_uniformity,2,0.0,1
c4e_000479_6d0d2df5,xy_2d,ladder_grid_lattice,1,0,connected_components_count|corner_sharpness|parabolicity|periodicity_1d,avg_within_cluster_dispersion|cluster_size_balance_entropy|corner_junction_density|skeleton_connectivity,4,0.0936305779919589,1
c4e_000479_6d0d2df5,y_only,ladder_grid_lattice,5,1,,,0,0.0,1
c4e_000486_33360f3a,x_only,piecewise_polylines_corners,1,0,alpha_shape_compactness|convexity_ratio|noise_aware_silhouette|ribbon_thickness,gridness_fft_acf|min_centroid_distance|neighborhood_purity|silhouette,3,0.0392285010757777,0
c4e_000486_33360f3a,xy_2d,piecewise_polylines_corners,0,0,contour_graph_connectivity|curvature_consistency|ladderness|polygonality|ribbon_thickness,calinski_harabasz|cluster_size_balance_entropy|corner_junction_density|hough_circle_arc_strength|skeleton_connectivity,5,0.2852632750629023,0
c4e_000486_33360f3a,y_only,piecewise_polylines_corners,4,0,gridness_fft_acf,cluster_size_balance_entropy,1,0.028633458514505827,0
c4e_000497_7cc250d3,x_only,hollow_topological_components,2,0,cluster_size_balance_entropy|connectivity_components|radial_uniformity,contour_graph_connectivity|gridness_fft_acf|thickness_uniformity,2,0.0,1
c4e_000497_7cc250d3,xy_2d,hollow_topological_components,3,0,avg_within_cluster_dispersion|periodicity_1d,cluster_size_balance_entropy|contour_graph_connectivity,1,0.16958488461583532,0
c4e_000497_7cc250d3,y_only,hollow_topological_components,1,0,alpha_shape_compactness|connected_components_count|periodicity_1d|ribbon_thickness,cluster_size_balance_entropy|convexity_ratio|curvature_consistency|parallel_bands,4,0.0,1
c4e_000501_86b44907,x_only,arcs_circles_rings,3,0,periodicity_1d|ridge_strength,gridness_fft_acf|neighborhood_purity_multi_k,2,0.0,1
c4e_000501_86b44907,xy_2d,arcs_circles_rings,4,0,skeleton_connectivity,calinski_harabasz,1,0.0,1
c4e_000501_86b44907,y_only,arcs_circles_rings,1,0,axial_symmetry|convexity_ratio|hough_circle_arc_strength|ribbon_thickness,connected_components_count|glcm_haralick|noise_aware_silhouette|silhouette,4,0.15303638042330148,0
c4e_000529_ce785d9a,x_only,linear_bands_parallel_stripes,0,0,gridness_fft_acf|neighborhood_purity|neighborhood_purity_multi_k|noise_aware_silhouette|silhouette,cluster_size_imbalance_entropy|curvature_consistency|gridness_2d|orientation_histogram_entropy|parabolicity,1,0.0011252984683280188,0
c4e_000529_ce785d9a,xy_2d,linear_bands_parallel_stripes,0,0,circularity_compactness|curvature_consistency|edge_coherence|fractal_dimension|ridge_strength,connected_components_count|contour_graph_connectivity|corner_junction_density|glcm_haralick|skeleton_connectivity,5,0.0,1
c4e_000529_ce785d9a,y_only,linear_bands_parallel_stripes,0,0,curvature_consistency|fractal_dimension|glcm_haralick|parabolicity|piecewise_linearity,cluster_size_balance_entropy|gridness_fft_acf|neighborhood_purity|neighborhood_purity_multi_k|noise_aware_silhouette,5,0.0726424377408486,0
c4e_000604_d4e5071c,x_only,deinterleaving_pri_toa_amp_like,0,0,avg_pca_isotropy|min_centroid_distance|min_intercluster_distance|neighborhood_purity|neighborhood_purity_multi_k,cluster_size_balance_entropy|davies_bouldin|gridness_fft_acf|noise_aware_silhouette|silhouette,0,0.0005509645624384,0
c4e_000604_d4e5071c,xy_2d,deinterleaving_pri_toa_amp_like,2,0,lbp_stationarity|periodicity_1d|piecewise_linearity,connected_components_count|fractal_dimension|glcm_haralick,3,0.0,1
c4e_000604_d4e5071c,y_only,deinterleaving_pri_toa_amp_like,2,0,contour_graph_connectivity|hough_line_strength|symmetry_score,cluster_size_balance_entropy|neighborhood_purity|silhouette,3,-0.005358679925841103,0
c4e_000631_d74e6692,x_only,texture_density_fields,3,0,davies_bouldin|gridness_fft_acf,cluster_size_balance_entropy|contour_graph_connectivity,1,-0.06306406121754948,0
c4e_000631_d74e6692,xy_2d,texture_density_fields,3,0,contour_graph_connectivity|hollow_score,connected_components_count|corner_junction_density,2,0.0,1
c4e_000631_d74e6692,y_only,texture_density_fields,1,0,cluster_size_balance_entropy|morphological_band_count|neighborhood_purity|silhouette,connected_components_count|contour_graph_connectivity|convexity_ratio|ribbon_thickness,1,0.17325465917271898,0
c4e_000646_48a1b0da,x_only,parabolic_curved_chains,5,1,,,0,0.0,1
c4e_000646_48a1b0da,xy_2d,parabolic_curved_chains,3,0,convexity_ratio|dbcv,connectivity_components|silhouette,1,0.02737206264301839,0
c4e_000646_48a1b0da,y_only,parabolic_curved_chains,3,0,neighborhood_purity_multi_k|silhouette,connectivity_components|noise_aware_silhouette,0,-0.03443437639466512,0
c4e_000647_c55b2841,x_only,hybrid_mixed_geometry,2,0,avg_pca_isotropy|axial_symmetry|convexity_ratio,connected_components_count|gridness_fft_acf|noise_aware_silhouette,2,0.0,1
c4e_000647_c55b2841,xy_2d,hybrid_mixed_geometry,3,0,contour_graph_connectivity|s_dbw,avg_within_cluster_dispersion|convexity_ratio,1,0.0,1
c4e_000647_c55b2841,y_only,hybrid_mixed_geometry,2,0,axial_symmetry|cluster_size_balance_entropy|convexity_ratio,connected_components_count|davies_bouldin|silhouette,2,0.020057180612372272,0
c4e_000669_aabcc2df,x_only,ladder_grid_lattice,3,0,direction_entropy|gridness_fft_acf,neighborhood_purity|neighborhood_purity_multi_k,2,0.06154203655750509,0
c4e_000669_aabcc2df,xy_2d,ladder_grid_lattice,1,0,axial_symmetry|gridness_fft_acf|hollow_score|morphological_band_count,calinski_harabasz|cluster_size_balance_entropy|convexity_ratio|silhouette,4,0.1966944153405103,0
c4e_000669_aabcc2df,y_only,ladder_grid_lattice,5,1,,,0,0.0,1
c4e_000688_6e9f8bf3,x_only,piecewise_polylines_corners,2,0,glcm_haralick|lbp_stationarity|ridge_strength,contour_graph_connectivity|gridness_fft_acf|silhouette,3,0.013300357906389615,1
c4e_000688_6e9f8bf3,xy_2d,piecewise_polylines_corners,0,0,connected_components_count|edge_coherence|orientation_histogram_entropy|polygonality|radial_uniformity,arc_circle_fit|avg_pca_isotropy|contour_graph_connectivity|hough_circle_arc_strength|lbp_stationarity,5,0.08217868043005161,0
c4e_000688_6e9f8bf3,y_only,piecewise_polylines_corners,3,0,avg_pca_isotropy|dbcv,neighborhood_purity|neighborhood_purity_multi_k,0,0.0,1
c4e_000698_0ff3b9cc,x_only,hollow_topological_components,0,0,axial_symmetry|cluster_size_balance_entropy|connectivity_components|direction_entropy|radial_uniformity,gridness_fft_acf|min_centroid_distance|neighborhood_purity_multi_k|noise_aware_silhouette|silhouette,4,0.1752527980137895,0
c4e_000698_0ff3b9cc,xy_2d,hollow_topological_components,2,0,calinski_harabasz|periodicity_1d|s_dbw,axial_symmetry|ellipse_fit_score|radial_uniformity,1,0.1061672434122114,1
c4e_000698_0ff3b9cc,y_only,hollow_topological_components,3,0,direction_entropy|min_centroid_distance,avg_pca_isotropy|connectivity_components,1,-0.021809727762990894,1
c4e_000709_8c57ab7f,x_only,arcs_circles_rings,2,0,arc_circle_fit|avg_pca_isotropy|blobness_log_dog,convexity_ratio|neighborhood_purity|neighborhood_purity_multi_k,2,0.0,1
c4e_000709_8c57ab7f,xy_2d,arcs_circles_rings,4,0,polygonality,convexity_ratio,1,0.0,1
c4e_000709_8c57ab7f,y_only,arcs_circles_rings,1,0,avg_pca_isotropy|cluster_size_balance_entropy|neighborhood_purity_multi_k|silhouette,connected_components_count|connectivity_components|contour_graph_connectivity|hough_circle_arc_strength,0,0.0861923798532861,0
c4e_000734_d9f73c80,x_only,linear_bands_parallel_stripes,0,0,cluster_size_imbalance_entropy|lbp_stationarity|parabolicity|ridge_strength|turning_points_count,curvature_consistency|davies_bouldin|edge_coherence|gridness_fft_acf|orientation_histogram_entropy,4,0.0002206186967454895,0
c4e_000734_d9f73c80,xy_2d,linear_bands_parallel_stripes,1,0,connectivity_components|hough_circle_arc_strength|periodicity_1d|ridge_strength,avg_within_cluster_dispersion|corner_junction_density|fractal_dimension|glcm_haralick,4,0.009099263996078605,1
c4e_000734_d9f73c80,y_only,linear_bands_parallel_stripes,4,0,cluster_size_balance_entropy,neighborhood_purity,0,0.011831083160225804,0
c4e_000814_dfa5a031,x_only,texture_density_fields,3,0,min_intercluster_distance|parallel_bands,connected_components_count|contour_graph_connectivity,1,0.5132696137768538,0
c4e_000814_dfa5a031,xy_2d,texture_density_fields,3,0,axial_symmetry|corner_junction_density,cluster_size_balance_entropy|connectivity_components,2,0.0542734091296998,0
c4e_000814_dfa5a031,y_only,texture_density_fields,3,0,min_centroid_distance|min_intercluster_distance,gridness_fft_acf|silhouette,0,0.0,1
c4e_000822_63bea17b,x_only,parabolic_curved_chains,3,0,min_centroid_distance|min_intercluster_distance,cluster_size_balance_entropy|noise_aware_silhouette,0,0.02279050680653011,0
c4e_000822_63bea17b,xy_2d,parabolic_curved_chains,4,0,silhouette,corner_junction_density,0,0.0,1
c4e_000822_63bea17b,y_only,parabolic_curved_chains,2,0,connectivity_components|parabolicity|piecewise_linearity,cluster_size_balance_entropy|min_intercluster_distance|turning_points_count,3,0.03756767994807861,1
c4e_000853_94ff78b9,x_only,deinterleaving_pri_toa_amp_like,0,0,connected_components_count|convexity_solidity_image|peak_to_background_hough|ribbon_thickness|ridge_strength,davies_bouldin|edge_coherence|gridness_fft_acf|noise_aware_silhouette|silhouette,5,0.0001447979315524206,0
c4e_000853_94ff78b9,xy_2d,deinterleaving_pri_toa_amp_like,2,0,connectivity_components|contour_graph_connectivity|convexity_ratio,corner_junction_density|glcm_haralick|skeleton_connectivity,3,0.0,1
c4e_000853_94ff78b9,y_only,deinterleaving_pri_toa_amp_like,1,0,convexity_ratio|hough_line_strength|min_intercluster_distance|symmetry_score,bimodality_anti_thickness|cluster_size_balance_entropy|ladderness|ribbon_thickness,3,0.0,1
c4e_000866_5d339835,x_only,ladder_grid_lattice,3,0,convexity_ratio|direction_entropy,min_centroid_distance|neighborhood_purity,2,0.0,1
c4e_000866_5d339835,xy_2d,ladder_grid_lattice,3,0,euler_holes_count|min_centroid_distance,calinski_harabasz|morphological_band_count,1,0.005624769257706275,0
c4e_000866_5d339835,y_only,ladder_grid_lattice,4,0,axial_symmetry,neighborhood_purity,1,0.00628856107148168,0
c4e_000891_639573aa,x_only,hollow_topological_components,3,0,avg_pca_isotropy|axial_symmetry,convexity_ratio|glcm_haralick,1,0.04485710111174179,0
c4e_000891_639573aa,xy_2d,hollow_topological_components,4,0,periodicity_1d,lbp_stationarity,1,-0.21441384896448556,1
c4e_000891_639573aa,y_only,hollow_topological_components,2,0,alpha_shape_compactness|axial_symmetry|parallel_bands,gridness_fft_acf|neighborhood_purity|neighborhood_purity_multi_k,3,0.10110879355579161,0
c4e_000903_04956aff,x_only,piecewise_polylines_corners,2,0,alpha_shape_compactness|corner_junction_density|glcm_haralick,cluster_size_balance_entropy|parallel_bands|ribbon_thickness,3,-0.0010258784676741017,0
c4e_000903_04956aff,xy_2d,piecewise_polylines_corners,3,0,edge_coherence|polygonality,calinski_harabasz|contour_graph_connectivity,2,0.08988131883919037,1
c4e_000903_04956aff,y_only,piecewise_polylines_corners,3,0,ellipse_fit_score|silhouette,contour_graph_connectivity|ribbon_thickness,1,-0.005981551781776617,0
c4e_000903_accade06,x_only,arcs_circles_rings,4,0,arc_circle_fit,axial_symmetry,1,-0.1421843757885783,0
c4e_000903_accade06,xy_2d,arcs_circles_rings,3,0,cluster_size_balance_entropy|contour_graph_connectivity,arc_circle_fit|convexity_ratio,1,0.06919202125358404,0
c4e_000903_accade06,y_only,arcs_circles_rings,3,0,cluster_size_balance_entropy|corner_junction_density,connected_components_count|convexity_ratio,1,0.1408419447707101,0
c4e_000907_c4aa26b3,x_only,hybrid_mixed_geometry,2,0,axial_symmetry|convexity_ratio|min_centroid_distance,neighborhood_purity_multi_k|noise_aware_silhouette|silhouette,2,0.0,1
c4e_000907_c4aa26b3,xy_2d,hybrid_mixed_geometry,4,0,lbp_stationarity,blobness_log_dog,1,0.0,1
c4e_000907_c4aa26b3,y_only,hybrid_mixed_geometry,1,0,arc_circle_fit|connected_components_count|connectivity_components|contour_graph_connectivity,neighborhood_purity|neighborhood_purity_multi_k|noise_aware_silhouette|silhouette,4,0.0,1
c4e_000994_1469e7e3,x_only,texture_density_fields,3,0,corner_junction_density|glcm_haralick,axial_symmetry|noise_aware_silhouette,2,0.0,1
c4e_000994_1469e7e3,xy_2d,texture_density_fields,3,0,dbcv|glcm_haralick,contour_graph_connectivity|corner_junction_density,1,0.0,1
c4e_000994_1469e7e3,y_only,texture_density_fields,1,0,calinski_harabasz|cluster_size_balance_entropy|radial_uniformity|silhouette,axial_symmetry|connected_components_count|corner_junction_density|glcm_haralick,1,0.18583600251619437,1
c4e_000995_da0e74e5,x_only,radial_spiral_meander,1,0,avg_pca_isotropy|curvature_consistency|parallel_bands|piecewise_linearity,connected_components_count|contour_graph_connectivity|convexity_ratio|glcm_haralick,3,0.07214625625726334,0
c4e_000995_da0e74e5,xy_2d,radial_spiral_meander,3,0,avg_pca_isotropy|parallel_bands,calinski_harabasz|radial_uniformity,1,0.08431127787682635,0
c4e_000995_da0e74e5,y_only,radial_spiral_meander,2,0,cluster_size_balance_entropy|lbp_stationarity|silhouette,alpha_shape_compactness|contour_graph_connectivity|ribbon_thickness,1,0.12426153179646648,0
c4e_001057_064c516c,x_only,ladder_grid_lattice,3,0,direction_entropy|gridness_fft_acf,min_centroid_distance|neighborhood_purity,2,0.0,1
c4e_001057_064c516c,xy_2d,ladder_grid_lattice,3,0,cluster_size_balance_entropy|mst_smoothness,gridness_fft_acf|min_centroid_distance,1,0.11732493560901669,0
c4e_001057_064c516c,y_only,ladder_grid_lattice,1,0,axial_symmetry|bimodality_anti_thickness|peak_to_background_hough|silhouette,connected_components_count|gridness_fft_acf|noise_aware_silhouette|ribbon_thickness,3,0.04855425912716091,0
c4e_001082_16459e53,x_only,polygons_rectangles_frames,3,0,alpha_shape_compactness|connected_components_count,contour_graph_connectivity|noise_aware_silhouette,2,0.0,1
c4e_001082_16459e53,xy_2d,polygons_rectangles_frames,4,0,s_dbw,corner_junction_density,0,0.0,1
c4e_001082_16459e53,y_only,polygons_rectangles_frames,1,0,axial_symmetry|convexity_solidity_image|noise_aware_silhouette|silhouette,contour_graph_connectivity|corner_junction_density|glcm_haralick|radial_uniformity,2,0.24074828210518778,1
c4e_001092_f8995caa,x_only,hollow_topological_components,2,0,min_centroid_distance|mst_smoothness|noise_aware_silhouette,connected_components_count|neighborhood_purity|neighborhood_purity_multi_k,1,-0.010106232272122706,0
c4e_001092_f8995caa,xy_2d,hollow_topological_components,2,0,connectivity_components|curvature_consistency|hollow_score,arc_circle_fit|calinski_harabasz|contour_graph_connectivity,3,0.0,1
c4e_001092_f8995caa,y_only,hollow_topological_components,2,0,connected_components_count|neighborhood_purity|noise_aware_silhouette,cluster_size_balance_entropy|min_centroid_distance|neighborhood_purity_multi_k,1,0.0,1
c4e_001099_a10175bc,x_only,deinterleaving_pri_toa_amp_like,2,0,avg_pca_isotropy|morphological_band_count|noise_aware_silhouette,neighborhood_purity|neighborhood_purity_multi_k|silhouette,1,-0.0421149291358581,0
c4e_001099_a10175bc,xy_2d,deinterleaving_pri_toa_amp_like,1,0,circularity_compactness|glcm_haralick|periodicity_1d|turning_points_count,calinski_harabasz|cluster_size_balance_entropy|connected_components_count|noise_aware_silhouette,4,0.1892834793752426,0
c4e_001099_a10175bc,y_only,deinterleaving_pri_toa_amp_like,1,0,convexity_ratio|direction_entropy|min_centroid_distance|radial_uniformity,edge_coherence|neighborhood_purity|neighborhood_purity_multi_k|noise_aware_silhouette,3,0.0,1
c4e_001111_38ffef67,x_only,arcs_circles_rings,0,0,contour_graph_connectivity|convexity_ratio|min_intercluster_distance|radial_uniformity|ribbon_thickness,gridness_fft_acf|min_centroid_distance|neighborhood_purity|neighborhood_purity_multi_k|silhouette,4,-0.07332088277387888,0
c4e_001111_38ffef67,xy_2d,arcs_circles_rings,0,0,arc_circle_fit|connected_components_count|connectivity_components|parallel_bands|piecewise_linearity,contour_graph_connectivity|corner_junction_density|curvature_consistency|hough_circle_arc_strength|skeleton_connectivity,5,0.18258659445137015,0
c4e_001111_38ffef67,y_only,arcs_circles_rings,3,0,calinski_harabasz|curvature_consistency,convexity_ratio|glcm_haralick,1,-0.26738686184710847,0
c4e_001111_ad108640,x_only,piecewise_polylines_corners,1,0,axial_symmetry|convexity_ratio|corner_junction_density|ribbon_thickness,contour_graph_connectivity|neighborhood_purity|neighborhood_purity_multi_k|silhouette,4,0.1162861680143703,0
c4e_001111_ad108640,xy_2d,piecewise_polylines_corners,0,0,axial_symmetry|bimodality_anti_thickness|connected_components_count|edge_coherence|orientation_histogram_entropy,calinski_harabasz|cluster_size_balance_entropy|corner_junction_density|periodicity_1d|skeleton_connectivity,5,0.0,1
c4e_001111_ad108640,y_only,piecewise_polylines_corners,3,0,min_centroid_distance|morphological_band_count,axial_symmetry|ribbon_thickness,1,0.04255304245296637,0
c4e_001163_c8d10563,x_only,hybrid_mixed_geometry,3,0,min_intercluster_distance|thickness_uniformity,neighborhood_purity|neighborhood_purity_multi_k,1,-0.004725707255346379,0
c4e_001163_c8d10563,xy_2d,hybrid_mixed_geometry,1,0,contour_graph_connectivity|gridness_fft_acf|s_dbw|thickness_uniformity,calinski_harabasz|connectivity_components|hollow_score|skeleton_connectivity,3,0.22219562503977408,0
c4e_001163_c8d10563,y_only,hybrid_mixed_geometry,1,0,contour_graph_connectivity|gridness_2d|piecewise_linearity|turning_points_count,corner_junction_density|neighborhood_purity|noise_aware_silhouette|silhouette,4,0.0,1
c4e_001170_49d1f338,x_only,linear_bands_parallel_stripes,0,0,axial_symmetry|corner_junction_density|parallel_bands|ribbon_thickness|ridge_strength,bimodality_anti_thickness|cluster_size_imbalance_entropy|edge_coherence|orientation_histogram_entropy|parabolicity,5,0.00036767376484988135,0
c4e_001170_49d1f338,xy_2d,linear_bands_parallel_stripes,4,0,ladderness,ribbon_thickness,1,-0.0005281964320190125,1
c4e_001170_49d1f338,y_only,linear_bands_parallel_stripes,2,0,convexity_ratio|morphological_band_count|neighborhood_purity,gridness_fft_acf|noise_aware_silhouette|ribbon_thickness,2,0.0459111221138217,1
c4e_001239_153c2e52,x_only,ladder_grid_lattice,4,0,connectivity_components,cluster_size_balance_entropy,1,-0.027664818109587305,0
c4e_001239_153c2e52,xy_2d,ladder_grid_lattice,4,0,connected_components_count,gridness_fft_acf,1,-0.013633943501184492,0
c4e_001239_153c2e52,y_only,ladder_grid_lattice,0,0,connected_components_count|curvature_consistency|ribbon_thickness|skeleton_connectivity|symmetry_score,cluster_size_balance_entropy|min_centroid_distance|neighborhood_purity|neighborhood_purity_multi_k|silhouette,5,0.0508998798892462,0
c4e_001306_cfb8a248,x_only,piecewise_polylines_corners,2,0,avg_pca_isotropy|axial_symmetry|fractal_dimension,connectivity_components|contour_graph_connectivity|convexity_ratio,2,0.0,1
c4e_001306_cfb8a248,xy_2d,piecewise_polylines_corners,5,1,,,0,0.0,1
c4e_001306_cfb8a248,y_only,piecewise_polylines_corners,0,0,alpha_shape_compactness|avg_pca_isotropy|contour_graph_connectivity|lbp_stationarity|ribbon_thickness,gridness_fft_acf|neighborhood_purity|neighborhood_purity_multi_k|noise_aware_silhouette|silhouette,4,0.1237529314811408,0
c4e_001308_5df22614,x_only,hollow_topological_components,3,0,hollow_score|hough_circle_arc_strength,cluster_size_balance_entropy|convexity_ratio,2,0.0,1
c4e_001308_5df22614,xy_2d,hollow_topological_components,2,0,arc_circle_fit|convexity_ratio|hough_circle_arc_strength,connected_components_count|connectivity_components|contour_graph_connectivity,3,0.0021531407167240113,0
c4e_001308_5df22614,y_only,hollow_topological_components,3,0,morphological_band_count|ribbon_thickness,connectivity_components|contour_graph_connectivity,2,0.0,1
c4e_001353_faaa00a4,x_only,deinterleaving_pri_toa_amp_like,0,0,connected_components_count|convexity_ratio|corner_junction_density|glcm_haralick|gridness_fft_acf,cluster_size_balance_entropy|neighborhood_purity|neighborhood_purity_multi_k|noise_aware_silhouette|silhouette,5,0.015342204846061011,0
c4e_001353_faaa00a4,xy_2d,deinterleaving_pri_toa_amp_like,3,0,cluster_size_balance_entropy|gridness_fft_acf,connected_components_count|corner_junction_density,1,0.0,1
c4e_001353_faaa00a4,y_only,deinterleaving_pri_toa_amp_like,1,0,convexity_ratio|ladderness|neighborhood_purity|parallel_bands,edge_coherence|noise_aware_silhouette|orientation_histogram_entropy|silhouette,3,0.2523431760394631,1
c4e_001368_bc7b65f8,x_only,arcs_circles_rings,1,0,avg_pca_isotropy|min_intercluster_distance|noise_aware_silhouette|silhouette,axial_symmetry|contour_graph_connectivity|convexity_ratio|glcm_haralick,0,0.03958817668421871,0
c4e_001368_bc7b65f8,xy_2d,arcs_circles_rings,0,0,cluster_size_balance_entropy|curvature_consistency|hough_circle_arc_strength|ridge_strength|thickness_uniformity,calinski_harabasz|connected_components_count|corner_junction_density|glcm_haralick|skeleton_connectivity,4,0.20971295255822875,0
c4e_001368_bc7b65f8,y_only,arcs_circles_rings,1,0,arc_circle_fit|connectivity_components|davies_bouldin|parallel_bands,connected_components_count|contour_graph_connectivity|convexity_ratio|glcm_haralick,3,0.07310114680262914,0
c4e_001391_bb923383,x_only,linear_bands_parallel_stripes,0,0,arc_circle_fit|axial_symmetry|corner_junction_density|parallel_bands|radial_uniformity,cluster_size_balance_entropy|min_centroid_distance|neighborhood_purity|neighborhood_purity_multi_k|silhouette,5,0.008924379923302396,0
c4e_001391_bb923383,xy_2d,linear_bands_parallel_stripes,4,0,orientation_histogram_entropy,curvature_consistency,1,0.0,1
c4e_001391_bb923383,y_only,linear_bands_parallel_stripes,1,0,corner_junction_density|glcm_haralick|gridness_fft_acf|ladderness,connected_components_count|convexity_ratio|parallel_bands|piecewise_linearity,4,0.011029018447221317,0
c4e_001423_a16c6fd5,x_only,hybrid_mixed_geometry,3,0,davies_bouldin|min_centroid_distance,neighborhood_purity|neighborhood_purity_multi_k,0,0.0,1
c4e_001423_a16c6fd5,xy_2d,hybrid_mixed_geometry,3,0,davies_bouldin|silhouette,connected_components_count|contour_graph_connectivity,0,0.08520491815864961,1
c4e_001423_a16c6fd5,y_only,hybrid_mixed_geometry,2,0,alpha_shape_compactness|corner_junction_density|min_intercluster_distance,axial_symmetry|neighborhood_purity|neighborhood_purity_multi_k,2,0.0,1
c4e_001603_9b440496,x_only,arcs_circles_rings,3,0,calinski_harabasz|periodicity_1d,contour_graph_connectivity|corner_junction_density,1,0.010096170760440212,0
c4e_001603_9b440496,xy_2d,arcs_circles_rings,2,0,hough_circle_arc_strength|lbp_stationarity|ridge_strength,connectivity_components|contour_graph_connectivity|parabolicity,3,0.0,1
c4e_001603_9b440496,y_only,arcs_circles_rings,2,0,alpha_shape_compactness|corner_junction_density|turning_points_count,connected_components_count|glcm_haralick|radial_uniformity,3,0.0,1
c4e_001617_960cef00,x_only,deinterleaving_pri_toa_amp_like,4,0,convexity_ratio,noise_aware_silhouette,1,0.0221183870706656,0
c4e_001617_960cef00,xy_2d,deinterleaving_pri_toa_amp_like,1,0,axial_symmetry|cluster_size_balance_entropy|gridness_fft_acf|ribbon_thickness,avg_within_cluster_dispersion|corner_junction_density|glcm_haralick|skeleton_connectivity,3,0.2625611783861952,0
c4e_001617_960cef00,y_only,deinterleaving_pri_toa_amp_like,3,0,calinski_harabasz|skeleton_connectivity,parallel_bands|ribbon_thickness,1,0.0,1
c4e_001698_85d79592,x_only,hybrid_mixed_geometry,3,0,axial_symmetry|euler_holes_count,neighborhood_purity|neighborhood_purity_multi_k,2,0.042992556904972,0
c4e_001698_85d79592,xy_2d,hybrid_mixed_geometry,3,0,connected_components_count|davies_bouldin,corner_junction_density|glcm_haralick,1,-0.005317955727858981,0
c4e_001698_85d79592,y_only,hybrid_mixed_geometry,2,0,axial_symmetry|connectivity_components|min_centroid_distance,gridness_fft_acf|neighborhood_purity|neighborhood_purity_multi_k,2,-0.024862102890747084,0
c4e_001942_6d0a2453,x_only,hybrid_mixed_geometry,1,0,alpha_shape_compactness|convexity_solidity_image|parallel_bands|symmetry_score,convexity_ratio|corner_junction_density|fractal_dimension|glcm_haralick,4,0.0058262946825980155,1
c4e_001942_6d0a2453,xy_2d,hybrid_mixed_geometry,2,0,circularity_compactness|cluster_size_balance_entropy|convexity_solidity_image,fractal_dimension|periodicity_1d|ridge_strength,2,0.0,1
c4e_001942_6d0a2453,y_only,hybrid_mixed_geometry,3,0,cluster_size_balance_entropy|radial_uniformity,neighborhood_purity|neighborhood_purity_multi_k,1,0.0,1
c4h_000105_2182efde,x_only,standard_clustering_blobs,2,0,axial_symmetry|contour_graph_connectivity|neighborhood_purity,gridness_fft_acf|min_centroid_distance|noise_aware_silhouette,2,-0.00023482946297059826,0
c4h_000105_2182efde,xy_2d,standard_clustering_blobs,2,0,contour_graph_connectivity|corner_junction_density|glcm_haralick,convexity_solidity_image|ellipse_fit_score|rectangularity,3,-0.027223901651206472,1
c4h_000105_2182efde,y_only,standard_clustering_blobs,3,0,connectivity_components|hough_line_strength,min_centroid_distance|neighborhood_purity,2,0.03884559808779553,0
c4h_000116_869b7a3e,x_only,polygons_rectangles_frames,2,0,connectivity_components|convexity_ratio|fractal_dimension,avg_pca_isotropy|axial_symmetry|contour_graph_connectivity,3,-0.16821200630133087,0
c4h_000116_869b7a3e,xy_2d,polygons_rectangles_frames,3,0,circularity_compactness|connected_components_count,convexity_ratio|convexity_solidity_image,2,0.0,1
c4h_000116_869b7a3e,y_only,polygons_rectangles_frames,0,0,corner_sharpness|hough_circle_arc_strength|parallel_bands|ridge_strength|skeleton_connectivity,alpha_shape_compactness|arc_circle_fit|avg_pca_isotropy|cluster_size_balance_entropy|silhouette,5,0.07702278833616599,0
c4h_000132_a86f0fc5,x_only,piecewise_polylines_corners,1,0,arc_circle_fit|convexity_ratio|corner_junction_density|ridge_strength,avg_pca_isotropy|cluster_size_balance_entropy|noise_aware_silhouette|silhouette,4,-0.07622688288055335,0
c4h_000132_a86f0fc5,xy_2d,piecewise_polylines_corners,2,0,circularity_compactness|corner_junction_density|corner_sharpness,alpha_shape_compactness|arc_circle_fit|hollow_score,3,0.0,1
c4h_000132_a86f0fc5,y_only,piecewise_polylines_corners,3,0,neighborhood_purity|noise_aware_silhouette,axial_symmetry|silhouette,0,0.034822080036844394,0
c4h_000133_50fd43b9,x_only,radial_spiral_meander,1,0,connected_components_count|gridness_fft_acf|min_centroid_distance|morphological_band_count,axial_symmetry|connectivity_components|radial_uniformity|silhouette,3,0.0,1
c4h_000133_50fd43b9,xy_2d,radial_spiral_meander,1,0,avg_within_cluster_dispersion|contour_graph_connectivity|lbp_stationarity|orientation_histogram_entropy,circularity_compactness|corner_junction_density|fractal_dimension|periodicity_1d,3,0.12544339207823274,0
c4h_000133_50fd43b9,y_only,radial_spiral_meander,1,0,alpha_shape_compactness|corner_junction_density|glcm_haralick|symmetry_score,avg_pca_isotropy|axial_symmetry|contour_graph_connectivity|convexity_ratio,4,0.07003283696023288,0
c4h_000134_58776803,x_only,parabolic_curved_chains,3,0,cluster_size_balance_entropy|gridness_fft_acf,min_centroid_distance|neighborhood_purity_multi_k,1,-0.004251207078538988,0
c4h_000134_58776803,xy_2d,parabolic_curved_chains,0,0,min_centroid_distance|min_intercluster_distance|morphological_band_count|neighborhood_purity|neighborhood_purity_multi_k,calinski_harabasz|connectivity_components|glcm_haralick|noise_aware_silhouette|parabolicity,1,0.0,1
c4h_000134_58776803,y_only,parabolic_curved_chains,2,0,parabolicity|radial_uniformity|ribbon_thickness,gridness_fft_acf|min_intercluster_distance|noise_aware_silhouette,3,-0.004274460243941097,0
c4h_000134_a9872823,x_only,texture_density_fields,4,0,direction_entropy,noise_aware_silhouette,1,0.0,1
c4h_000134_a9872823,xy_2d,texture_density_fields,3,0,calinski_harabasz|connectivity_components,avg_within_cluster_dispersion|periodicity_1d,1,0.06816559190339933,1
c4h_000134_a9872823,y_only,texture_density_fields,3,0,cluster_size_balance_entropy|contour_graph_connectivity,alpha_shape_compactness|axial_symmetry,1,0.13204877103908708,0
c4h_000138_759cbe86,x_only,hollow_topological_components,1,0,contour_graph_connectivity|gridness_fft_acf|neighborhood_purity_multi_k|silhouette,convexity_ratio|parallel_bands|radial_uniformity|ribbon_thickness,2,0.024209555086048717,1
c4h_000138_759cbe86,xy_2d,hollow_topological_components,3,0,circularity_compactness|corner_sharpness,avg_pca_isotropy|cluster_size_balance_entropy,2,0.046836182953357564,0
c4h_000138_759cbe86,y_only,hollow_topological_components,0,0,alpha_shape_compactness|min_centroid_distance|neighborhood_purity|neighborhood_purity_multi_k|silhouette,axial_symmetry|cluster_size_balance_entropy|connected_components_count|connectivity_components|contour_graph_connectivity,1,0.040644453847308804,1
c4h_000139_5032e24f,x_only,ladder_grid_lattice,3,0,axial_symmetry|neighborhood_purity,gridness_fft_acf|neighborhood_purity_multi_k,1,0.0,1
c4h_000139_5032e24f,xy_2d,ladder_grid_lattice,2,0,cluster_size_balance_entropy|morphological_band_count|thickness_uniformity,arc_circle_fit|noise_aware_silhouette|silhouette,2,0.040326277679978095,0
c4h_000139_5032e24f,y_only,ladder_grid_lattice,0,0,axial_symmetry|gridness_fft_acf|neighborhood_purity|neighborhood_purity_multi_k|silhouette,connected_components_count|corner_junction_density|noise_aware_silhouette|parallel_bands|ribbon_thickness,2,0.0759431617719289,0
c4h_000140_186dde11,x_only,arcs_circles_rings,4,0,morphological_band_count,contour_graph_connectivity,1,0.04182824110815697,0
c4h_000140_186dde11,xy_2d,arcs_circles_rings,1,0,connectivity_components|curvature_consistency|lbp_stationarity|periodicity_1d,calinski_harabasz|connected_components_count|contour_graph_connectivity|glcm_haralick,4,0.0,1
c4h_000140_186dde11,y_only,arcs_circles_rings,3,0,contour_graph_connectivity|corner_junction_density,alpha_shape_compactness|silhouette,2,0.0035434835704734047,0
c4h_000165_33386e03,x_only,linear_bands_parallel_stripes,0,0,axial_symmetry|connected_components_count|glcm_haralick|parallel_bands|ridge_strength,blobness_log_dog|hough_line_strength|ladderness|peak_to_background_hough|symmetry_score,5,0.0034167285824958,0
c4h_000165_33386e03,xy_2d,linear_bands_parallel_stripes,2,0,dbcv|ladderness|turning_points_count,connected_components_count|corner_junction_density|glcm_haralick,2,0.020429049869514104,0
c4h_000165_33386e03,y_only,linear_bands_parallel_stripes,2,0,hough_line_strength|neighborhood_purity|neighborhood_purity_multi_k,axial_symmetry|connected_components_count|gridness_fft_acf,1,0.055173932402136805,0
c4h_000177_f84f409d,x_only,deinterleaving_pri_toa_amp_like,0,0,cluster_size_imbalance_entropy|convexity_solidity_image|curvature_consistency|gridness_2d|ladderness,corner_junction_density|glcm_haralick|parallel_bands|radial_uniformity|ribbon_thickness,4,0.0029934416672574,0
c4h_000177_f84f409d,xy_2d,deinterleaving_pri_toa_amp_like,3,0,gridness_fft_acf|parallel_bands,eccentricity_ratio|ribbon_thickness,2,0.0,1
c4h_000177_f84f409d,y_only,deinterleaving_pri_toa_amp_like,0,0,axial_symmetry|connectivity_components|contour_graph_connectivity|parallel_bands|ribbon_thickness,gridness_fft_acf|neighborhood_purity|neighborhood_purity_multi_k|noise_aware_silhouette|silhouette,5,0.03880691119566421,0
c4h_000179_581a6c07,x_only,hybrid_mixed_geometry,3,0,gridness_fft_acf|morphological_band_count,connected_components_count|ribbon_thickness,2,0.016859218841930992,0
c4h_000179_581a6c07,xy_2d,hybrid_mixed_geometry,4,0,circularity_compactness,connected_components_count,1,0.0,1
c4h_000179_581a6c07,y_only,hybrid_mixed_geometry,4,0,hough_line_strength,silhouette,1,0.0,1
c4h_000256_9b57a56a,x_only,standard_clustering_blobs,2,0,alpha_shape_compactness|corner_junction_density|silhouette,axial_symmetry|glcm_haralick|radial_uniformity,2,-0.09094324529945819,0
c4h_000256_9b57a56a,xy_2d,standard_clustering_blobs,2,0,convexity_ratio|corner_junction_density|periodicity_1d,calinski_harabasz|connected_components_count|s_dbw,3,0.07680814325256102,0
c4h_000256_9b57a56a,y_only,standard_clustering_blobs,1,0,cluster_size_balance_entropy|contour_graph_connectivity|eccentricity_ratio|line_straightness,axial_symmetry|neighborhood_purity|neighborhood_purity_multi_k|silhouette,3,0.11639650709514437,0
c4h_000278_75ee964d,x_only,polygons_rectangles_frames,3,0,direction_entropy|hough_line_strength,neighborhood_purity_multi_k|noise_aware_silhouette,2,0.0,1
c4h_000278_75ee964d,xy_2d,polygons_rectangles_frames,2,0,contour_graph_connectivity|hollow_score|rectangularity,convexity_ratio|convexity_solidity_image|ellipse_fit_score,3,0.0,1
c4h_000278_75ee964d,y_only,polygons_rectangles_frames,3,0,connectivity_components|gridness_fft_acf,contour_graph_connectivity|parallel_bands,2,0.18291529800555,0
c4h_000311_db5958e6,x_only,texture_density_fields,0,0,avg_pca_isotropy|connectivity_components|direction_entropy|neighborhood_purity|neighborhood_purity_multi_k,connected_components_count|contour_graph_connectivity|convexity_ratio|corner_junction_density|glcm_haralick,2,0.1245011089547719,0
c4h_000311_db5958e6,xy_2d,texture_density_fields,1,0,corner_sharpness|glcm_haralick|orientation_histogram_entropy|periodicity_1d,calinski_harabasz|connected_components_count|contour_graph_connectivity|radial_uniformity,4,0.0,1
c4h_000311_db5958e6,y_only,texture_density_fields,1,0,alpha_shape_compactness|cluster_size_balance_entropy|min_intercluster_distance|radial_uniformity,gridness_fft_acf|min_centroid_distance|neighborhood_purity_multi_k|silhouette,2,0.02862130881323921,0
c4h_000313_504d527e,x_only,radial_spiral_meander,4,0,connectivity_components,neighborhood_purity_multi_k,1,0.0,1
c4h_000313_504d527e,xy_2d,radial_spiral_meander,3,0,circularity_compactness|ridge_strength,avg_pca_isotropy|corner_junction_density,2,-0.2402127319805601,0
c4h_000313_504d527e,y_only,radial_spiral_meander,4,0,euler_holes_count,cluster_size_balance_entropy,1,0.020014750986091012,0
c4h_000314_94d55430,x_only,parabolic_curved_chains,3,0,gridness_fft_acf|min_centroid_distance,cluster_size_balance_entropy|silhouette,1,0.03230112419955131,0
c4h_000314_94d55430,xy_2d,parabolic_curved_chains,3,0,fractal_dimension|parallel_bands,calinski_harabasz|parabolicity,2,0.0,1
c4h_000314_94d55430,y_only,parabolic_curved_chains,5,1,,,0,0.0,1
c4h_000318_33c2291f,x_only,ladder_grid_lattice,0,0,cluster_size_balance_entropy|connectivity_components|contour_graph_connectivity|parallel_bands|ribbon_thickness,gridness_fft_acf|min_centroid_distance|neighborhood_purity_multi_k|noise_aware_silhouette|silhouette,4,0.16478970288366357,0
c4h_000318_33c2291f,xy_2d,ladder_grid_lattice,1,0,calinski_harabasz|contour_graph_connectivity|lbp_stationarity|periodicity_1d,avg_within_cluster_dispersion|convexity_ratio|glcm_haralick|skeleton_connectivity,3,-0.057600861262926906,1
c4h_000318_33c2291f,y_only,ladder_grid_lattice,2,0,axial_symmetry|calinski_harabasz|ladderness,cluster_size_balance_entropy|connectivity_components|noise_aware_silhouette,2,0.0018087073269736353,1
c4h_000334_5c408983,x_only,arcs_circles_rings,3,0,connected_components_count|connectivity_components,contour_graph_connectivity|parallel_bands,2,0.0172378382895938,0
c4h_000334_5c408983,xy_2d,arcs_circles_rings,3,0,avg_pca_isotropy|convexity_ratio,contour_graph_connectivity|corner_junction_density,1,0.07626072831951625,0
c4h_000334_5c408983,y_only,arcs_circles_rings,3,0,ridge_strength|silhouette,contour_graph_connectivity|fractal_dimension,1,0.11224917162200992,0
c4h_000338_88a6d6f2,x_only,piecewise_polylines_corners,2,0,avg_pca_isotropy|connectivity_components|min_centroid_distance,gridness_fft_acf|neighborhood_purity|noise_aware_silhouette,1,0.0,1
c4h_000338_88a6d6f2,xy_2d,piecewise_polylines_corners,0,0,avg_within_cluster_dispersion|corner_sharpness|fractal_dimension|glcm_haralick|periodicity_1d,davies_bouldin|neighborhood_purity|neighborhood_purity_multi_k|noise_aware_silhouette|silhouette,4,0.16715865794866114,0
c4h_000338_88a6d6f2,y_only,piecewise_polylines_corners,0,0,axial_symmetry|fractal_dimension|lbp_stationarity|parallel_bands|radial_uniformity,min_centroid_distance|neighborhood_purity|neighborhood_purity_multi_k|noise_aware_silhouette|silhouette,5,0.06757084392965051,0
c4h_000338_a96a202a,x_only,hollow_topological_components,2,0,connected_components_count|connectivity_components|radial_uniformity,gridness_fft_acf|neighborhood_purity_multi_k|noise_aware_silhouette,3,0.1275723121189632,0
c4h_000338_a96a202a,xy_2d,hollow_topological_components,2,0,avg_pca_isotropy|curvature_consistency|hollow_score,circularity_compactness|cluster_size_balance_entropy|convexity_ratio,2,0.0,1
c4h_000338_a96a202a,y_only,hollow_topological_components,1,0,convexity_solidity_image|ellipse_fit_score|fractal_dimension|glcm_haralick,axial_symmetry|cluster_size_balance_entropy|contour_graph_connectivity|silhouette,4,0.00949470186048984,0
c4h_000341_abec27ab,x_only,arcs_circles_rings,1,0,axial_symmetry|cluster_size_balance_entropy|glcm_haralick|symmetry_score,gridness_fft_acf|min_centroid_distance|neighborhood_purity_multi_k|silhouette,3,0.07283488503189978,0
c4h_000341_abec27ab,xy_2d,arcs_circles_rings,3,0,avg_pca_isotropy|rectangularity,convexity_ratio|noise_aware_silhouette,1,0.0,1
c4h_000341_abec27ab,y_only,arcs_circles_rings,2,0,axial_symmetry|convexity_ratio|morphological_band_count,min_centroid_distance|noise_aware_silhouette|silhouette,3,0.0,1
c4h_000361_6ed8eca2,x_only,linear_bands_parallel_stripes,0,0,cluster_size_imbalance_entropy|curvature_consistency|euler_holes_count|gridness_2d|lbp_stationarity,corner_junction_density|glcm_haralick|parallel_bands|ribbon_thickness|symmetry_score,4,0.0006140140270357999,0
c4h_000361_6ed8eca2,xy_2d,linear_bands_parallel_stripes,1,0,ellipse_fit_score|lbp_stationarity|parabolicity|skeleton_connectivity,circularity_compactness|corner_junction_density|glcm_haralick|periodicity_1d,4,0.0,1
c4h_000361_6ed8eca2,y_only,linear_bands_parallel_stripes,3,0,axial_symmetry|neighborhood_purity_multi_k,ribbon_thickness|symmetry_score,1,0.010954177778723984,0
c4h_000405_9c192486,x_only,deinterleaving_pri_toa_amp_like,1,0,calinski_harabasz|convexity_solidity_image|rectangularity|s_dbw,contour_graph_connectivity|corner_junction_density|glcm_haralick|ribbon_thickness,2,0.0004482350910026999,0
c4h_000405_9c192486,xy_2d,deinterleaving_pri_toa_amp_like,2,0,arc_circle_fit|connected_components_count|piecewise_linearity,fractal_dimension|ridge_strength|thickness_uniformity,3,0.0,1
c4h_000405_9c192486,y_only,deinterleaving_pri_toa_amp_like,3,0,contour_graph_connectivity|hough_line_strength,cluster_size_balance_entropy|gridness_fft_acf,2,-0.047172362834860315,1
c4h_000412_b1a8e8a4,x_only,standard_clustering_blobs,0,0,avg_pca_isotropy|gridness_fft_acf|morphological_band_count|neighborhood_purity|neighborhood_purity_multi_k,axial_symmetry|connected_components_count|connectivity_components|convexity_ratio|ribbon_thickness,2,0.03798434993999869,0
c4h_000412_b1a8e8a4,xy_2d,standard_clustering_blobs,1,0,davies_bouldin|ellipse_fit_score|noise_aware_silhouette|s_dbw,contour_graph_connectivity|corner_junction_density|glcm_haralick|periodicity_1d,1,0.1835858250134768,0
c4h_000412_b1a8e8a4,y_only,standard_clustering_blobs,2,0,axial_symmetry|min_centroid_distance|min_intercluster_distance,gridness_fft_acf|neighborhood_purity|neighborhood_purity_multi_k,1,-0.0017058017745210097,0
c4h_000416_3be16092,x_only,deinterleaving_pri_toa_amp_like,1,0,cluster_size_imbalance_entropy|connectivity_components|ellipse_fit_score|hough_line_strength,contour_graph_connectivity|corner_junction_density|glcm_haralick|ribbon_thickness,3,0.0018102286495352,0
c4h_000416_3be16092,xy_2d,deinterleaving_pri_toa_amp_like,2,0,arc_circle_fit|calinski_harabasz|hollow_score,glcm_haralick|periodicity_1d|s_dbw,2,0.0769415319228588,0
c4h_000416_3be16092,y_only,deinterleaving_pri_toa_amp_like,3,0,bimodality_anti_thickness|parallel_bands,gridness_fft_acf|neighborhood_purity,2,0.05563233911018334,0
c4h_000419_70e31dd0,x_only,hybrid_mixed_geometry,3,0,cluster_size_balance_entropy|connected_components_count,gridness_fft_acf|noise_aware_silhouette,1,0.1540522544715055,1
c4h_000419_70e31dd0,xy_2d,hybrid_mixed_geometry,3,0,contour_graph_connectivity|ridge_strength,cluster_size_balance_entropy|glcm_haralick,2,0.0,1
c4h_000419_70e31dd0,y_only,hybrid_mixed_geometry,2,0,glcm_haralick|parallel_bands|ribbon_thickness,connectivity_components|noise_aware_silhouette|silhouette,3,-0.11319390168634147,0
c4h_000436_cfa7859c,x_only,polygons_rectangles_frames,2,0,alpha_shape_compactness|min_centroid_distance|morphological_band_count,gridness_fft_acf|neighborhood_purity|neighborhood_purity_multi_k,2,0.0009572734379831305,0
c4h_000436_cfa7859c,xy_2d,polygons_rectangles_frames,2,0,circularity_compactness|connectivity_components|contour_graph_connectivity,convexity_ratio|corner_junction_density|glcm_haralick,3,0.18462480569932216,1
c4h_000436_cfa7859c,y_only,polygons_rectangles_frames,3,0,direction_entropy|gridness_fft_acf,alpha_shape_compactness|axial_symmetry,2,-0.002014283029657893,0
c4h_000482_fefb5341,x_only,radial_spiral_meander,4,0,alpha_shape_compactness,contour_graph_connectivity,1,0.14134821121400631,1
c4h_000482_fefb5341,xy_2d,radial_spiral_meander,4,0,convexity_solidity_image,convexity_ratio,1,0.0,1
c4h_000482_fefb5341,y_only,radial_spiral_meander,3,0,avg_pca_isotropy|connected_components_count,contour_graph_connectivity|davies_bouldin,1,0.0,1
c4h_000483_b12d4254,x_only,texture_density_fields,3,0,connectivity_components|gridness_2d,gridness_fft_acf|silhouette,2,-0.001633308853420834,0
c4h_000483_b12d4254,xy_2d,texture_density_fields,2,0,alpha_shape_compactness|connected_components_count|fractal_dimension,avg_within_cluster_dispersion|corner_junction_density|glcm_haralick,3,0.0,1
c4h_000483_b12d4254,y_only,texture_density_fields,3,0,axial_symmetry|direction_entropy,min_centroid_distance|neighborhood_purity_multi_k,2,0.0007831101334833113,0
c4h_000495_3ae19b93,x_only,parabolic_curved_chains,3,0,gridness_fft_acf|min_centroid_distance,cluster_size_balance_entropy|silhouette,1,0.0,1
c4h_000495_3ae19b93,xy_2d,parabolic_curved_chains,3,0,bimodality_anti_thickness|cluster_size_balance_entropy,avg_within_cluster_dispersion|glcm_haralick,1,0.0,1
c4h_000495_3ae19b93,y_only,parabolic_curved_chains,3,0,davies_bouldin|silhouette,min_intercluster_distance|noise_aware_silhouette,0,-0.057876066059097175,0
c4h_000515_d51c7605,x_only,ladder_grid_lattice,1,0,hough_line_strength|min_centroid_distance|parallel_bands|ribbon_thickness,gridness_fft_acf|neighborhood_purity|neighborhood_purity_multi_k|noise_aware_silhouette,3,0.10648284507450109,0
c4h_000515_d51c7605,xy_2d,ladder_grid_lattice,3,0,arc_circle_fit|fractal_dimension,calinski_harabasz|convexity_ratio,2,0.0,1
c4h_000515_d51c7605,y_only,ladder_grid_lattice,2,0,direction_entropy|min_intercluster_distance|silhouette,contour_graph_connectivity|convexity_ratio|noise_aware_silhouette,1,0.007380115271661797,0
c4h_000520_911c3553,x_only,piecewise_polylines_corners,4,0,noise_aware_silhouette,axial_symmetry,0,0.0,1
c4h_000520_911c3553,xy_2d,piecewise_polylines_corners,2,0,edge_coherence|orientation_histogram_entropy|radial_uniformity,connected_components_count|connectivity_components|convexity_ratio,3,0.11711766822171521,0
c4h_000520_911c3553,y_only,piecewise_polylines_corners,2,0,alpha_shape_compactness|connectivity_components|ridge_strength,contour_graph_connectivity|corner_junction_density|radial_uniformity,3,-0.04116721889890196,0
c4h_000531_5a053bed,x_only,hollow_topological_components,5,1,,,0,0.0,1
c4h_000531_5a053bed,xy_2d,hollow_topological_components,4,0,cluster_size_balance_entropy,contour_graph_connectivity,0,0.08731183677148491,0
c4h_000531_5a053bed,y_only,hollow_topological_components,3,0,calinski_harabasz|convexity_ratio,connected_components_count|contour_graph_connectivity,1,0.0,1
c4h_000547_3cd31480,x_only,arcs_circles_rings,3,0,alpha_shape_compactness|morphological_band_count,connected_components_count|contour_graph_connectivity,2,-0.028055982003592717,0
c4h_000547_3cd31480,xy_2d,arcs_circles_rings,5,1,,,0,0.0,1
c4h_000547_3cd31480,y_only,arcs_circles_rings,1,0,alpha_shape_compactness|blobness_log_dog|direction_entropy|min_centroid_distance,neighborhood_purity|neighborhood_purity_multi_k|noise_aware_silhouette|silhouette,3,0.0,1
c4h_000570_3388a144,x_only,linear_bands_parallel_stripes,0,0,cluster_size_imbalance_entropy|edge_coherence|gridness_2d|lbp_stationarity|orientation_histogram_entropy,connected_components_count|corner_junction_density|glcm_haralick|parallel_bands|ribbon_thickness,4,0.0009860533239422998,0
c4h_000570_3388a144,xy_2d,linear_bands_parallel_stripes,1,0,min_centroid_distance|min_intercluster_distance|neighborhood_purity|neighborhood_purity_multi_k,calinski_harabasz|connectivity_components|convexity_ratio|noise_aware_silhouette,0,0.07381044730051547,0
c4h_000570_3388a144,y_only,linear_bands_parallel_stripes,3,0,ribbon_thickness|silhouette,neighborhood_purity|neighborhood_purity_multi_k,1,0.0035958771394389855,0
c4h_000604_4cf15cb0,x_only,polygons_rectangles_frames,3,0,avg_pca_isotropy|noise_aware_silhouette,neighborhood_purity|neighborhood_purity_multi_k,0,-0.007710796033078504,0
c4h_000604_4cf15cb0,xy_2d,polygons_rectangles_frames,1,0,cluster_size_imbalance_entropy|convexity_solidity_image|hough_line_strength|ladderness,arc_circle_fit|blobness_log_dog|hollow_score|neighborhood_purity_multi_k,3,-0.0220724200994874,0
c4h_000604_4cf15cb0,y_only,polygons_rectangles_frames,3,0,axial_symmetry|cluster_size_balance_entropy,avg_pca_isotropy|neighborhood_purity_multi_k,1,0.0008856000329321989,0
c4h_000650_089417fa,x_only,deinterleaving_pri_toa_amp_like,1,0,connectivity_components|convexity_ratio|convexity_solidity_image|symmetry_score,contour_graph_connectivity|corner_junction_density|glcm_haralick|ribbon_thickness,4,0.0018718642853187998,0
c4h_000650_089417fa,xy_2d,deinterleaving_pri_toa_amp_like,4,0,ridge_strength,circularity_compactness,1,0.0,1
c4h_000650_089417fa,y_only,deinterleaving_pri_toa_amp_like,3,0,blobness_log_dog|cluster_size_balance_entropy,gridness_fft_acf|noise_aware_silhouette,1,0.023877301807180507,0
c4h_000672_d76fdf1c,x_only,parabolic_curved_chains,3,0,connected_components_count|gridness_2d,gridness_fft_acf|neighborhood_purity_multi_k,2,0.0,1
c4h_000672_d76fdf1c,xy_2d,parabolic_curved_chains,2,0,avg_pca_isotropy|cluster_size_balance_entropy|parabolicity,min_centroid_distance|neighborhood_purity|neighborhood_purity_multi_k,1,0.1327117736515669,0
c4h_000672_d76fdf1c,y_only,parabolic_curved_chains,0,0,connectivity_components|convexity_ratio|gridness_2d|hollow_score|parabolicity,min_intercluster_distance|neighborhood_purity|neighborhood_purity_multi_k|noise_aware_silhouette|silhouette,5,0.1350575289572246,0
c4h_000674_d2ef7e96,x_only,radial_spiral_meander,1,0,connected_components_count|contour_graph_connectivity|gridness_fft_acf|morphological_band_count,cluster_size_balance_entropy|neighborhood_purity|neighborhood_purity_multi_k|silhouette,4,0.0025817552926893084,0
c4h_000674_d2ef7e96,xy_2d,radial_spiral_meander,1,0,curvature_consistency|parallel_bands|ridge_strength|skeleton_connectivity,cluster_size_balance_entropy|corner_junction_density|fractal_dimension|glcm_haralick,4,0.0023753418107371194,1
c4h_000674_d2ef7e96,y_only,radial_spiral_meander,3,0,calinski_harabasz|connectivity_components,contour_graph_connectivity|parallel_bands,1,0.0,1
c4h_000675_3f63eb66,x_only,parabolic_curved_chains,2,0,connected_components_count|min_centroid_distance|morphological_band_count,cluster_size_balance_entropy|neighborhood_purity|noise_aware_silhouette,2,-0.013280995345165886,0
c4h_000675_3f63eb66,xy_2d,parabolic_curved_chains,0,0,avg_within_cluster_dispersion|connected_components_count|dbcv|piecewise_linearity|s_dbw,calinski_harabasz|connectivity_components|convexity_ratio|noise_aware_silhouette|silhouette,2,-0.08176676448565431,0
c4h_000675_3f63eb66,y_only,parabolic_curved_chains,3,0,connectivity_components|convexity_ratio,neighborhood_purity|neighborhood_purity_multi_k,2,0.0,1
c4h_000675_fa4e2ca9,x_only,texture_density_fields,2,0,min_centroid_distance|neighborhood_purity|neighborhood_purity_multi_k,axial_symmetry|parallel_bands|ribbon_thickness,0,0.005082213877286412,0
c4h_000675_fa4e2ca9,xy_2d,texture_density_fields,1,0,alpha_shape_compactness|convexity_ratio|convexity_solidity_image|corner_sharpness,avg_within_cluster_dispersion|corner_junction_density|glcm_haralick|periodicity_1d,4,0.0,1
c4h_000675_fa4e2ca9,y_only,texture_density_fields,4,0,alpha_shape_compactness,connectivity_components,1,0.0,1
c4h_000698_c2c9dd09,x_only,hybrid_mixed_geometry,3,0,glcm_haralick|parallel_bands,alpha_shape_compactness|convexity_ratio,2,-0.020984559532892397,0
c4h_000698_c2c9dd09,xy_2d,hybrid_mixed_geometry,2,0,avg_within_cluster_dispersion|edge_coherence|glcm_haralick,ladderness|periodicity_1d|ribbon_thickness,2,0.0,1
c4h_000698_c2c9dd09,y_only,hybrid_mixed_geometry,1,0,connectivity_components|min_intercluster_distance|parallel_bands|ribbon_thickness,gridness_fft_acf|neighborhood_purity|neighborhood_purity_multi_k|silhouette,3,0.10410824755745707,0
c4h_000711_e7056011,x_only,ladder_grid_lattice,2,0,axial_symmetry|contour_graph_connectivity|neighborhood_purity,connectivity_components|gridness_fft_acf|min_centroid_distance,2,0.0336604283045962,0
c4h_000711_e7056011,xy_2d,ladder_grid_lattice,3,0,alpha_shape_compactness|contour_graph_connectivity,gridness_fft_acf|noise_aware_silhouette,2,0.07772339915842741,0
c4h_000711_e7056011,y_only,ladder_grid_lattice,2,0,axial_symmetry|connectivity_components|gridness_fft_acf,direction_entropy|neighborhood_purity|silhouette,3,0.0,1
c4h_000713_bf0acb58,x_only,standard_clustering_blobs,2,0,alpha_shape_compactness|connectivity_components|morphological_band_count,axial_symmetry|noise_aware_silhouette|silhouette,3,-0.031165341202898433,1
c4h_000713_bf0acb58,xy_2d,standard_clustering_blobs,1,0,gridness_2d|orientation_histogram_entropy|radial_uniformity|symmetry_score,avg_within_cluster_dispersion|corner_junction_density|glcm_haralick|periodicity_1d,4,0.059394221086980226,1
c4h_000713_bf0acb58,y_only,standard_clustering_blobs,2,0,contour_graph_connectivity|davies_bouldin|symmetry_score,gridness_fft_acf|noise_aware_silhouette|silhouette,2,0.005516893714845095,0
c4h_000727_5f3fbde2,x_only,piecewise_polylines_corners,0,0,alpha_shape_compactness|avg_pca_isotropy|connectivity_components|hough_circle_arc_strength|ridge_strength,axial_symmetry|connected_components_count|contour_graph_connectivity|convexity_ratio|glcm_haralick,4,0.12076878691387394,1
c4h_000727_5f3fbde2,xy_2d,piecewise_polylines_corners,3,0,corner_sharpness|ridge_strength,calinski_harabasz|convexity_ratio,2,-0.2685710151441024,1
c4h_000727_5f3fbde2,y_only,piecewise_polylines_corners,2,0,axial_symmetry|convexity_ratio|ribbon_thickness,alpha_shape_compactness|connected_components_count|radial_uniformity,3,0.20214022163189377,0
c4h_000732_56aacf63,x_only,hollow_topological_components,3,0,min_intercluster_distance|neighborhood_purity,min_centroid_distance|noise_aware_silhouette,0,-0.000559032794528902,0
c4h_000732_56aacf63,xy_2d,hollow_topological_components,5,1,,,0,0.0,1
c4h_000732_56aacf63,y_only,hollow_topological_components,3,0,axial_symmetry|connectivity_components,gridness_fft_acf|neighborhood_purity_multi_k,2,0.0,1
c4h_000735_bd137d3a,x_only,arcs_circles_rings,2,0,connected_components_count|contour_graph_connectivity|radial_uniformity,gridness_fft_acf|neighborhood_purity_multi_k|noise_aware_silhouette,3,-0.043124025794671006,0
c4h_000735_bd137d3a,xy_2d,arcs_circles_rings,4,0,s_dbw,corner_junction_density,0,-0.0020200627890654133,0
c4h_000735_bd137d3a,y_only,arcs_circles_rings,3,0,convexity_solidity_image|morphological_band_count,radial_uniformity|silhouette,2,0.0,1
c4h_000767_3e21599b,x_only,linear_bands_parallel_stripes,2,0,axial_symmetry|contour_graph_connectivity|convexity_ratio,avg_within_cluster_dispersion|corner_junction_density|glcm_haralick,3,0.0,1
c4h_000767_3e21599b,xy_2d,linear_bands_parallel_stripes,0,0,connected_components_count|contour_graph_connectivity|gridness_fft_acf|rectangularity|ridge_strength,alpha_shape_compactness|corner_junction_density|fractal_dimension|glcm_haralick|periodicity_1d,5,0.0,1
c4h_000767_3e21599b,y_only,linear_bands_parallel_stripes,3,0,axial_symmetry|direction_entropy,gridness_fft_acf|noise_aware_silhouette,2,0.0008621493547717185,0
c4h_000776_1a7881a6,x_only,polygons_rectangles_frames,2,0,convexity_ratio|parallel_bands|ribbon_thickness,gridness_fft_acf|min_centroid_distance|neighborhood_purity_multi_k,3,0.09080301910405578,0
c4h_000776_1a7881a6,xy_2d,polygons_rectangles_frames,1,0,alpha_shape_compactness|convexity_ratio|hough_circle_arc_strength|symmetry_score,avg_pca_isotropy|avg_within_cluster_dispersion|glcm_haralick|periodicity_1d,4,0.04766354285132668,0
c4h_000776_1a7881a6,y_only,polygons_rectangles_frames,0,0,avg_pca_isotropy|gridness_fft_acf|morphological_band_count|neighborhood_purity_multi_k|silhouette,axial_symmetry|connectivity_components|contour_graph_connectivity|glcm_haralick|parallel_bands,2,0.05109499780079929,0
c4h_000842_c3de082b,x_only,radial_spiral_meander,2,0,axial_symmetry|connected_components_count|direction_entropy,gridness_fft_acf|neighborhood_purity|neighborhood_purity_multi_k,3,0.0,1
c4h_000842_c3de082b,xy_2d,radial_spiral_meander,4,0,connectivity_components,noise_aware_silhouette,1,0.0,1
c4h_000842_c3de082b,y_only,radial_spiral_meander,4,0,fractal_dimension,corner_junction_density,1,0.0,1
c4h_000845_5d50c5c7,x_only,texture_density_fields,3,0,cluster_size_balance_entropy|convexity_ratio,axial_symmetry|silhouette,1,-0.011947314736597103,0
c4h_000845_5d50c5c7,xy_2d,texture_density_fields,2,0,cluster_size_balance_entropy|mst_smoothness|radial_uniformity,alpha_shape_compactness|corner_junction_density|glcm_haralick,2,0.056030909253965366,0
c4h_000845_5d50c5c7,y_only,texture_density_fields,4,0,cluster_size_balance_entropy,neighborhood_purity_multi_k,0,0.022877908920161893,0
c4h_000861_588d71c9,x_only,parabolic_curved_chains,4,0,min_centroid_distance,cluster_size_balance_entropy,0,0.0074545450337533126,0
c4h_000861_588d71c9,xy_2d,parabolic_curved_chains,4,0,blobness_log_dog,connectivity_components,1,-0.0003635781188923992,0
c4h_000861_588d71c9,y_only,parabolic_curved_chains,2,0,convexity_ratio|davies_bouldin|silhouette,alpha_shape_compactness|cluster_size_balance_entropy|corner_junction_density,1,0.04462674687027618,1
c4h_000882_40228112,x_only,deinterleaving_pri_toa_amp_like,4,0,symmetry_score,parallel_bands,1,0.0,1
c4h_000882_40228112,xy_2d,deinterleaving_pri_toa_amp_like,4,0,ridge_strength,fractal_dimension,1,0.0,1
c4h_000882_40228112,y_only,deinterleaving_pri_toa_amp_like,2,0,connected_components_count|parallel_bands|ribbon_thickness,min_centroid_distance|neighborhood_purity|neighborhood_purity_multi_k,3,0.046926208703444605,0
c4h_000893_d4d13ebc,x_only,deinterleaving_pri_toa_amp_like,2,0,cluster_size_balance_entropy|fractal_dimension|ribbon_thickness,corner_junction_density|glcm_haralick|s_dbw,2,0.0011556015701977,0
c4h_000893_d4d13ebc,xy_2d,deinterleaving_pri_toa_amp_like,3,0,curvature_consistency|gridness_2d,connected_components_count|fractal_dimension,2,0.0,1
c4h_000893_d4d13ebc,y_only,deinterleaving_pri_toa_amp_like,0,0,cluster_size_balance_entropy|contour_graph_connectivity|ribbon_thickness|ridge_strength|symmetry_score,connectivity_components|direction_entropy|gridness_fft_acf|min_centroid_distance|neighborhood_purity_multi_k,4,0.00877989234765808,1
c4h_000895_e7663ff5,x_only,ladder_grid_lattice,4,0,connectivity_components,cluster_size_balance_entropy,1,0.0,1
c4h_000895_e7663ff5,xy_2d,ladder_grid_lattice,4,0,ellipse_fit_score,noise_aware_silhouette,1,0.0,1
c4h_000895_e7663ff5,y_only,ladder_grid_lattice,3,0,cluster_size_balance_entropy|direction_entropy,min_centroid_distance|silhouette,1,0.061074170519683404,0
c4h_000934_074b5afb,x_only,hollow_topological_components,2,0,alpha_shape_compactness|convexity_ratio|glcm_haralick,axial_symmetry|connected_components_count|contour_graph_connectivity,3,0.0,1
c4h_000934_074b5afb,xy_2d,hollow_topological_components,2,0,avg_pca_isotropy|periodicity_1d|radial_uniformity,alpha_shape_compactness|circularity_compactness|convexity_solidity_image,2,0.22218196742896368,1
c4h_000934_074b5afb,y_only,hollow_topological_components,4,0,convexity_ratio,radial_uniformity,1,0.0,1
c4h_000938_41977672,x_only,hybrid_mixed_geometry,2,0,connectivity_components|radial_uniformity|ribbon_thickness,axial_symmetry|noise_aware_silhouette|silhouette,3,-0.016715228895228806,0
c4h_000938_41977672,xy_2d,hybrid_mixed_geometry,2,0,avg_within_cluster_dispersion|convexity_solidity_image|rectangularity,alpha_shape_compactness|corner_junction_density|glcm_haralick,2,0.18605187643442767,1
c4h_000938_41977672,y_only,hybrid_mixed_geometry,1,0,alpha_shape_compactness|connectivity_components|hough_circle_arc_strength|symmetry_score,gridness_fft_acf|hough_line_strength|neighborhood_purity_multi_k|silhouette,4,0.0859724296992756,0
c4h_000940_4b0fe041,x_only,piecewise_polylines_corners,2,0,axial_symmetry|convexity_ratio|corner_junction_density,avg_pca_isotropy|contour_graph_connectivity|silhouette,3,0.0175582901969481,0
c4h_000940_4b0fe041,xy_2d,piecewise_polylines_corners,3,0,corner_sharpness|ellipse_fit_score,calinski_harabasz|connectivity_components,2,-0.0903297458805522,1
c4h_000940_4b0fe041,y_only,piecewise_polylines_corners,0,0,axial_symmetry|cluster_size_balance_entropy|connected_components_count|connectivity_components|gridness_2d,gridness_fft_acf|neighborhood_purity|neighborhood_purity_multi_k|noise_aware_silhouette|silhouette,4,0.06801230974256117,0
c4h_000940_6b7abe3f,x_only,hybrid_mixed_geometry,4,0,connectivity_components,neighborhood_purity,1,0.0,1
c4h_000940_6b7abe3f,xy_2d,hybrid_mixed_geometry,3,0,arc_circle_fit|corner_sharpness,connectivity_components|contour_graph_connectivity,2,-0.009047089226303595,0
c4h_000940_6b7abe3f,y_only,hybrid_mixed_geometry,1,0,gridness_2d|lbp_stationarity|morphological_band_count|parallel_bands,axial_symmetry|contour_graph_connectivity|corner_junction_density|glcm_haralick,4,0.11633876709005692,0
c4h_000945_acb7c068,x_only,polygons_rectangles_frames,4,0,connected_components_count,contour_graph_connectivity,1,-0.024559485946162474,0
c4h_000945_acb7c068,xy_2d,polygons_rectangles_frames,2,0,glcm_haralick|orientation_histogram_entropy|periodicity_1d,calinski_harabasz|connectivity_components|contour_graph_connectivity,3,-0.09042345257167628,0
c4h_000945_acb7c068,y_only,polygons_rectangles_frames,2,0,calinski_harabasz|circularity_compactness|radial_uniformity,contour_graph_connectivity|corner_junction_density|parallel_bands,2,0.07079843406951775,0
c4h_000950_c0333892,x_only,arcs_circles_rings,1,0,calinski_harabasz|connected_components_count|radial_uniformity|ridge_strength,axial_symmetry|corner_junction_density|glcm_haralick|parallel_bands,3,0.0,1
c4h_000950_c0333892,xy_2d,arcs_circles_rings,3,0,connectivity_components|noise_aware_silhouette,contour_graph_connectivity|convexity_ratio,1,0.0,1
c4h_000950_c0333892,y_only,arcs_circles_rings,3,0,convexity_solidity_image|neighborhood_purity_multi_k,axial_symmetry|cluster_size_balance_entropy,1,0.00336550747741049,0
c4h_000974_97f7caa8,x_only,linear_bands_parallel_stripes,3,0,cluster_size_balance_entropy|min_centroid_distance,neighborhood_purity|neighborhood_purity_multi_k,0,0.0,1
c4h_000974_97f7caa8,xy_2d,linear_bands_parallel_stripes,1,0,connected_components_count|fractal_dimension|periodicity_1d|skeleton_connectivity,alpha_shape_compactness|convexity_ratio|corner_junction_density|ellipse_fit_score,4,0.10502919657139398,1
c4h_000974_97f7caa8,y_only,linear_bands_parallel_stripes,2,0,alpha_shape_compactness|morphological_band_count|noise_aware_silhouette,convexity_ratio|parallel_bands|ribbon_thickness,2,0.0,1
c4h_001029_487142d7,x_only,texture_density_fields,3,0,alpha_shape_compactness|cluster_size_balance_entropy,contour_graph_connectivity|gridness_fft_acf,1,0.0,1
c4h_001029_487142d7,xy_2d,texture_density_fields,2,0,avg_pca_isotropy|convexity_solidity_image|rectangularity,corner_junction_density|glcm_haralick|periodicity_1d,2,0.2556680295610799,0
c4h_001029_487142d7,y_only,texture_density_fields,2,0,axial_symmetry|blobness_log_dog|noise_aware_silhouette,gridness_fft_acf|min_centroid_distance|neighborhood_purity,2,0.012209071397509208,0
c4h_001032_4a63fc53,x_only,radial_spiral_meander,2,0,alpha_shape_compactness|lbp_stationarity|symmetry_score,cluster_size_balance_entropy|convexity_ratio|corner_junction_density,3,0.0,1
c4h_001032_4a63fc53,xy_2d,radial_spiral_meander,1,0,avg_within_cluster_dispersion|convexity_ratio|corner_sharpness|s_dbw,cluster_size_balance_entropy|corner_junction_density|fractal_dimension|glcm_haralick,2,0.0,1
c4h_001032_4a63fc53,y_only,radial_spiral_meander,3,0,direction_entropy|neighborhood_purity,min_centroid_distance|noise_aware_silhouette,1,0.0,1
c4h_001038_51cb3de9,x_only,parabolic_curved_chains,2,0,axial_symmetry|gridness_2d|silhouette,cluster_size_balance_entropy|neighborhood_purity|parallel_bands,2,-0.004785996779945005,0
c4h_001038_51cb3de9,xy_2d,parabolic_curved_chains,0,0,curvature_consistency|edge_coherence|ladderness|rectangularity|turning_points_count,alpha_shape_compactness|calinski_harabasz|convexity_ratio|corner_junction_density|glcm_haralick,5,0.04932663701411433,0
c4h_001038_51cb3de9,y_only,parabolic_curved_chains,2,0,alpha_shape_compactness|convexity_ratio|symmetry_score,cluster_size_balance_entropy|gridness_fft_acf|ribbon_thickness,3,0.05141592292601649,0
c4h_001088_21adddfd,x_only,ladder_grid_lattice,0,0,cluster_size_balance_entropy|fractal_dimension|noise_aware_silhouette|radial_uniformity|ribbon_thickness,gridness_fft_acf|min_centroid_distance|neighborhood_purity|neighborhood_purity_multi_k|silhouette,3,0.0747986325989544,0
c4h_001088_21adddfd,xy_2d,ladder_grid_lattice,4,0,euler_holes_count,silhouette,1,0.0,1
c4h_001088_21adddfd,y_only,ladder_grid_lattice,1,0,cluster_size_balance_entropy|convexity_ratio|noise_aware_silhouette|parallel_bands,connectivity_components|min_centroid_distance|neighborhood_purity_multi_k|silhouette,2,-0.024604710478455194,1
c4h_001124_e49ad917,x_only,polygons_rectangles_frames,4,0,cluster_size_balance_entropy,connectivity_components,0,0.12274324712784151,0
c4h_001124_e49ad917,xy_2d,polygons_rectangles_frames,2,0,axial_symmetry|convexity_solidity_image|ellipse_fit_score,alpha_shape_compactness|avg_pca_isotropy|periodicity_1d,3,0.008000898504920473,0
c4h_001124_e49ad917,y_only,polygons_rectangles_frames,2,0,min_centroid_distance|morphological_band_count|neighborhood_purity_multi_k,cluster_size_balance_entropy|gridness_fft_acf|noise_aware_silhouette,1,-0.001256298627462904,0
c4h_001132_f13b3afe,x_only,hollow_topological_components,4,0,axial_symmetry,noise_aware_silhouette,1,0.0,1
c4h_001132_f13b3afe,xy_2d,hollow_topological_components,4,0,contour_graph_connectivity,corner_junction_density,1,0.238724318167017,1
c4h_001132_f13b3afe,y_only,hollow_topological_components,4,0,min_intercluster_distance,noise_aware_silhouette,0,-0.0003103393932861742,0
c4h_001135_9c38319f,x_only,deinterleaving_pri_toa_amp_like,3,0,neighborhood_purity_multi_k|silhouette,gridness_fft_acf|parallel_bands,0,0.02024630961223141,1
c4h_001135_9c38319f,xy_2d,deinterleaving_pri_toa_amp_like,3,0,axial_symmetry|ellipse_fit_score,corner_junction_density|glcm_haralick,2,0.030704254603600017,0
c4h_001135_9c38319f,y_only,deinterleaving_pri_toa_amp_like,2,0,connectivity_components|min_centroid_distance|min_intercluster_distance,axial_symmetry|neighborhood_purity_multi_k|silhouette,1,0.0,1
c4h_001144_72e5e3f2,x_only,piecewise_polylines_corners,3,0,direction_entropy|hough_line_strength,neighborhood_purity_multi_k|silhouette,2,0.009500843354830812,0
c4h_001144_72e5e3f2,xy_2d,piecewise_polylines_corners,2,0,connectivity_components|orientation_histogram_entropy|symmetry_score,alpha_shape_compactness|calinski_harabasz|glcm_haralick,3,0.0,1
c4h_001144_72e5e3f2,y_only,piecewise_polylines_corners,0,0,axial_symmetry|connectivity_components|gridness_2d|parallel_bands|symmetry_score,gridness_fft_acf|min_centroid_distance|neighborhood_purity_multi_k|noise_aware_silhouette|silhouette,5,0.08991874266042299,1
c4h_001162_b8fb378c,x_only,arcs_circles_rings,0,0,connectivity_components|direction_entropy|hollow_score|hough_circle_arc_strength|ladderness,gridness_fft_acf|neighborhood_purity|neighborhood_purity_multi_k|noise_aware_silhouette|silhouette,5,0.0,1
c4h_001162_b8fb378c,xy_2d,arcs_circles_rings,1,0,axial_symmetry|connected_components_count|ellipse_fit_score|parallel_bands,cluster_size_balance_entropy|convexity_ratio|corner_junction_density|curvature_consistency,4,0.026397777605023043,0
c4h_001162_b8fb378c,y_only,arcs_circles_rings,3,0,lbp_stationarity|silhouette,connected_components_count|corner_junction_density,1,-0.0112598370269682,0
c4h_001208_9ca0c3a7,x_only,radial_spiral_meander,3,0,cluster_size_balance_entropy|morphological_band_count,neighborhood_purity|neighborhood_purity_multi_k,1,0.000771912273708597,0
c4h_001208_9ca0c3a7,xy_2d,radial_spiral_meander,2,0,ladderness|radial_uniformity|symmetry_score,min_centroid_distance|noise_aware_silhouette|ribbon_thickness,3,-0.010409387212922394,0
c4h_001208_9ca0c3a7,y_only,radial_spiral_meander,2,0,connected_components_count|min_intercluster_distance|symmetry_score,axial_symmetry|noise_aware_silhouette|silhouette,2,0.034710151253668664,0
c4h_001209_115b5ae2,x_only,linear_bands_parallel_stripes,3,0,fractal_dimension|lbp_stationarity,axial_symmetry|parallel_bands,2,0.0006333176296908999,0
c4h_001209_115b5ae2,xy_2d,linear_bands_parallel_stripes,2,0,contour_graph_connectivity|curvature_consistency|dbcv,axial_symmetry|min_centroid_distance|noise_aware_silhouette,2,-0.0439514186706457,0
c4h_001209_115b5ae2,y_only,linear_bands_parallel_stripes,2,0,davies_bouldin|min_intercluster_distance|neighborhood_purity,cluster_size_balance_entropy|gridness_fft_acf|parallel_bands,0,0.12457352971395252,0
c4h_001213_38ec2f41,x_only,texture_density_fields,2,0,glcm_haralick|polygonality|radial_uniformity,contour_graph_connectivity|convexity_ratio|ribbon_thickness,3,0.07280031042035379,0
c4h_001213_38ec2f41,xy_2d,texture_density_fields,1,0,alpha_shape_compactness|corner_sharpness|curvature_consistency|hough_circle_arc_strength,circularity_compactness|cluster_size_balance_entropy|corner_junction_density|glcm_haralick,4,0.0,1
c4h_001213_38ec2f41,y_only,texture_density_fields,0,0,alpha_shape_compactness|connected_components_count|gridness_fft_acf|min_centroid_distance|noise_aware_silhouette,axial_symmetry|parallel_bands|radial_uniformity|ribbon_thickness|silhouette,3,0.0373960265233238,0
c4h_001213_598000d9,x_only,hybrid_mixed_geometry,3,0,morphological_band_count|neighborhood_purity_multi_k,alpha_shape_compactness|noise_aware_silhouette,1,0.0,1
c4h_001213_598000d9,xy_2d,hybrid_mixed_geometry,2,0,alpha_shape_compactness|convexity_ratio|lbp_stationarity,cluster_size_balance_entropy|connected_components_count|corner_junction_density,3,0.0,1
c4h_001213_598000d9,y_only,hybrid_mixed_geometry,4,0,parallel_bands,connected_components_count,1,0.0,1
c4h_001214_7de80e87,x_only,parabolic_curved_chains,2,0,axial_symmetry|cluster_size_balance_entropy|noise_aware_silhouette,connectivity_components|min_centroid_distance|neighborhood_purity_multi_k,1,0.006677979772752307,0
c4h_001214_7de80e87,xy_2d,parabolic_curved_chains,2,0,gridness_fft_acf|parabolicity|radial_uniformity,connected_components_count|contour_graph_connectivity|glcm_haralick,3,0.14079205498713387,0
c4h_001214_7de80e87,y_only,parabolic_curved_chains,1,0,axial_symmetry|connected_components_count|contour_graph_connectivity|noise_aware_silhouette,gridness_fft_acf|min_centroid_distance|neighborhood_purity_multi_k|silhouette,3,0.0817678135299108,0
c4h_001218_27b73560,x_only,linear_bands_parallel_stripes,1,0,connected_components_count|contour_graph_connectivity|fractal_dimension|lbp_stationarity,corner_junction_density|glcm_haralick|parallel_bands|ribbon_thickness,4,0.0003873508915865,0
c4h_001218_27b73560,xy_2d,linear_bands_parallel_stripes,0,0,convexity_ratio|direction_entropy|min_centroid_distance|noise_aware_silhouette|silhouette,axial_symmetry|connectivity_components|curvature_consistency|gridness_fft_acf|ribbon_thickness,2,0.08671229975942799,0
c4h_001218_27b73560,y_only,linear_bands_parallel_stripes,4,0,neighborhood_purity_multi_k,cluster_size_balance_entropy,0,-0.06555780145600643,0
c4h_001280_23b638ee,x_only,ladder_grid_lattice,4,0,morphological_band_count,neighborhood_purity,1,-0.010726003974754483,0
c4h_001280_23b638ee,xy_2d,ladder_grid_lattice,3,0,alpha_shape_compactness|gridness_fft_acf,convexity_ratio|silhouette,2,0.0,1
c4h_001280_23b638ee,y_only,ladder_grid_lattice,3,0,noise_aware_silhouette|parallel_bands,neighborhood_purity|neighborhood_purity_multi_k,1,-0.005620668241741789,0
c4h_001340_c347a3e2,x_only,hollow_topological_components,3,0,connected_components_count|direction_entropy,connectivity_components|neighborhood_purity,2,0.0,1
c4h_001340_c347a3e2,xy_2d,hollow_topological_components,3,0,glcm_haralick|ridge_strength,corner_junction_density|hollow_score,2,0.0,1
c4h_001340_c347a3e2,y_only,hollow_topological_components,0,0,alpha_shape_compactness|avg_pca_isotropy|connectivity_components|convexity_ratio|symmetry_score,axial_symmetry|cluster_size_balance_entropy|gridness_fft_acf|noise_aware_silhouette|silhouette,4,0.17159132461330756,0
c4h_001347_dde100ad,x_only,piecewise_polylines_corners,3,0,connectivity_components|noise_aware_silhouette,axial_symmetry|silhouette,1,0.12494775696313232,0
c4h_001347_dde100ad,xy_2d,piecewise_polylines_corners,4,0,ellipse_fit_score,cluster_size_balance_entropy,1,0.0,1
c4h_001347_dde100ad,y_only,piecewise_polylines_corners,4,0,silhouette,axial_symmetry,0,0.062358532942461076,1
c4h_001404_7eaa0953,x_only,deinterleaving_pri_toa_amp_like,2,0,convexity_solidity_image|corner_junction_density|glcm_haralick,cluster_size_balance_entropy|gridness_fft_acf|noise_aware_silhouette,3,0.0,1
c4h_001404_7eaa0953,xy_2d,deinterleaving_pri_toa_amp_like,2,0,corner_junction_density|glcm_haralick|periodicity_1d,alpha_shape_compactness|connectivity_components|convexity_ratio,3,-0.09411199785935769,0
c4h_001404_7eaa0953,y_only,deinterleaving_pri_toa_amp_like,0,0,cluster_size_balance_entropy|connected_components_count|contour_graph_connectivity|glcm_haralick|ribbon_thickness,gridness_fft_acf|min_centroid_distance|neighborhood_purity|neighborhood_purity_multi_k|silhouette,4,-0.016973763725375624,1
c4h_001408_4bc414a6,x_only,arcs_circles_rings,2,0,cluster_size_balance_entropy|connected_components_count|hough_line_strength,avg_pca_isotropy|direction_entropy|gridness_fft_acf,2,0.08228365925344172,0
c4h_001408_4bc414a6,xy_2d,arcs_circles_rings,2,0,connected_components_count|connectivity_components|piecewise_linearity,arc_circle_fit|avg_pca_isotropy|corner_junction_density,3,0.12516569041373699,0
c4h_001408_4bc414a6,y_only,arcs_circles_rings,3,0,blobness_log_dog|cluster_size_balance_entropy,gridness_fft_acf|silhouette,1,0.0,1
c4h_001410_f2be301b,x_only,arcs_circles_rings,2,0,arc_circle_fit|neighborhood_purity|neighborhood_purity_multi_k,cluster_size_balance_entropy|ribbon_thickness|silhouette,1,0.09308071097718651,0
c4h_001410_f2be301b,xy_2d,arcs_circles_rings,2,0,connectivity_components|davies_bouldin|noise_aware_silhouette,contour_graph_connectivity|corner_junction_density|s_dbw,1,0.15845969435233642,0
c4h_001410_f2be301b,y_only,arcs_circles_rings,2,0,alpha_shape_compactness|connectivity_components|neighborhood_purity,connected_components_count|contour_graph_connectivity|noise_aware_silhouette,2,0.19277122255637036,0
c4h_001439_3b25e4a7,x_only,linear_bands_parallel_stripes,4,0,cluster_size_balance_entropy,silhouette,0,0.014484078225552005,0
c4h_001439_3b25e4a7,xy_2d,linear_bands_parallel_stripes,3,0,convexity_ratio|polygonality,connected_components_count|glcm_haralick,2,0.0,1
c4h_001439_3b25e4a7,y_only,linear_bands_parallel_stripes,1,0,alpha_shape_compactness|connectivity_components|contour_graph_connectivity|noise_aware_silhouette,connected_components_count|corner_junction_density|glcm_haralick|ribbon_thickness,3,0.005204721941301338,0
c4h_001483_e3ae8bb2,x_only,hybrid_mixed_geometry,3,0,contour_graph_connectivity|morphological_band_count,cluster_size_balance_entropy|noise_aware_silhouette,2,0.010609180442982868,1
c4h_001483_e3ae8bb2,xy_2d,hybrid_mixed_geometry,1,0,connected_components_count|contour_graph_connectivity|noise_aware_silhouette|silhouette,cluster_size_balance_entropy|corner_junction_density|glcm_haralick|periodicity_1d,2,0.010985550462214388,0
c4h_001483_e3ae8bb2,y_only,hybrid_mixed_geometry,2,0,cluster_size_balance_entropy|neighborhood_purity|neighborhood_purity_multi_k,axial_symmetry|gridness_fft_acf|min_centroid_distance,0,-0.008686199940079964,0
c4h_001646_46952646,x_only,arcs_circles_rings,2,0,connected_components_count|contour_graph_connectivity|noise_aware_silhouette,glcm_haralick|parallel_bands|symmetry_score,2,0.018552657846492793,0
c4h_001646_46952646,xy_2d,arcs_circles_rings,2,0,dbcv|parabolicity|piecewise_linearity,fractal_dimension|lbp_stationarity|skeleton_connectivity,2,0.008172566015738514,0
c4h_001646_46952646,y_only,arcs_circles_rings,2,0,connected_components_count|convexity_ratio|periodicity_1d,fractal_dimension|glcm_haralick|skeleton_connectivity,3,0.0,1
c4h_001659_15582148,x_only,deinterleaving_pri_toa_amp_like,1,0,connected_components_count|corner_junction_density|glcm_haralick|ribbon_thickness,gridness_fft_acf|neighborhood_purity|neighborhood_purity_multi_k|silhouette,4,0.0077196119060016985,1
c4h_001659_15582148,xy_2d,deinterleaving_pri_toa_amp_like,0,0,curvature_consistency|eccentricity_ratio|gridness_fft_acf|min_centroid_distance|ribbon_thickness,alpha_shape_compactness|calinski_harabasz|cluster_size_balance_entropy|corner_junction_density|glcm_haralick,4,0.04257982384252029,0
c4h_001659_15582148,y_only,deinterleaving_pri_toa_amp_like,3,0,connected_components_count|ridge_strength,axial_symmetry|parallel_bands,2,-0.13408330047939282,0
c4h_001757_8339b9ec,x_only,hybrid_mixed_geometry,3,0,cluster_size_balance_entropy|noise_aware_silhouette,min_centroid_distance|silhouette,0,0.026664202221405586,0
c4h_001757_8339b9ec,xy_2d,hybrid_mixed_geometry,3,0,curvature_consistency|hollow_score,alpha_shape_compactness|circularity_compactness,2,0.0,1
c4h_001757_8339b9ec,y_only,hybrid_mixed_geometry,1,0,alpha_shape_compactness|avg_pca_isotropy|connectivity_components|contour_graph_connectivity,axial_symmetry|convexity_ratio|corner_junction_density|glcm_haralick,3,0.02266013196750949,1
c4h_001977_cad218e1,x_only,hybrid_mixed_geometry,2,0,axial_symmetry|noise_aware_silhouette|ridge_strength,convexity_ratio|fractal_dimension|ribbon_thickness,2,0.0,1
c4h_001977_cad218e1,xy_2d,hybrid_mixed_geometry,2,0,calinski_harabasz|edge_coherence|ellipse_fit_score,corner_junction_density|lbp_stationarity|periodicity_1d,2,0.10004006805471799,0
c4h_001977_cad218e1,y_only,hybrid_mixed_geometry,3,0,cluster_size_balance_entropy|convexity_ratio,noise_aware_silhouette|silhouette,1,0.10108430416871989,0
c4m_000092_ede59d24,x_only,standard_clustering_blobs,2,0,connectivity_components|morphological_band_count|silhouette,cluster_size_balance_entropy|radial_uniformity|ribbon_thickness,2,0.0,1
c4m_000092_ede59d24,xy_2d,standard_clustering_blobs,2,0,alpha_shape_compactness|convexity_solidity_image|radial_uniformity,avg_within_cluster_dispersion|corner_junction_density|glcm_haralick,3,0.2523778150340892,0
c4m_000092_ede59d24,y_only,standard_clustering_blobs,3,0,connectivity_components|min_intercluster_distance,neighborhood_purity_multi_k|silhouette,1,0.027355823636308285,0
c4m_000105_a3624808,x_only,polygons_rectangles_frames,2,0,alpha_shape_compactness|contour_graph_connectivity|radial_uniformity,avg_pca_isotropy|curvature_consistency|noise_aware_silhouette,3,-0.017501866378146325,0
c4m_000105_a3624808,xy_2d,polygons_rectangles_frames,1,0,avg_pca_isotropy|cluster_size_balance_entropy|convexity_solidity_image|s_dbw,connected_components_count|connectivity_components|contour_graph_connectivity|convexity_ratio,1,-0.0029682385668872158,0
c4m_000105_a3624808,y_only,polygons_rectangles_frames,3,0,avg_pca_isotropy|direction_entropy,axial_symmetry|neighborhood_purity,1,0.0,1
c4m_000110_aed5c3e4,x_only,parabolic_curved_chains,3,0,connectivity_components|parallel_bands,gridness_fft_acf|neighborhood_purity,2,0.004401524810152303,0
c4m_000110_aed5c3e4,xy_2d,parabolic_curved_chains,3,0,hough_circle_arc_strength|periodicity_1d,calinski_harabasz|s_dbw,2,0.0,1
c4m_000110_aed5c3e4,y_only,parabolic_curved_chains,1,0,corner_junction_density|parallel_bands|piecewise_linearity|ribbon_thickness,gridness_fft_acf|min_intercluster_distance|neighborhood_purity|neighborhood_purity_multi_k,4,0.011242884110319595,0
c4m_000111_dcd4c41c,x_only,radial_spiral_meander,2,0,connectivity_components|glcm_haralick|lbp_stationarity,contour_graph_connectivity|convexity_ratio|corner_junction_density,3,0.0,1
c4m_000111_dcd4c41c,xy_2d,radial_spiral_meander,1,0,connected_components_count|parallel_bands|piecewise_linearity|radial_uniformity,alpha_shape_compactness|corner_junction_density|hough_circle_arc_strength|lbp_stationarity,4,0.07422159982376675,0
c4m_000111_dcd4c41c,y_only,radial_spiral_meander,1,0,corner_junction_density|glcm_haralick|parallel_bands|ridge_strength,axial_symmetry|connected_components_count|contour_graph_connectivity|convexity_ratio,4,0.008184997728446275,0
c4m_000112_1dadca73,x_only,hollow_topological_components,5,1,,,0,0.0,1
c4m_000112_1dadca73,xy_2d,hollow_topological_components,4,0,symmetry_score,connectivity_components,1,0.0,1
c4m_000112_1dadca73,y_only,hollow_topological_components,2,0,neighborhood_purity|neighborhood_purity_multi_k|silhouette,connected_components_count|contour_graph_connectivity|parallel_bands,0,0.08457390347903337,0
c4m_000113_db4370ac,x_only,ladder_grid_lattice,4,0,noise_aware_silhouette,neighborhood_purity,0,0.0,1
c4m_000113_db4370ac,xy_2d,ladder_grid_lattice,2,0,corner_junction_density|mst_smoothness|parabolicity,calinski_harabasz|connectivity_components|noise_aware_silhouette,3,0.3822322979707371,0
c4m_000113_db4370ac,y_only,ladder_grid_lattice,1,0,cluster_size_balance_entropy|convexity_ratio|corner_junction_density|turning_points_count,gridness_fft_acf|min_intercluster_distance|neighborhood_purity|noise_aware_silhouette,3,0.013181416995034306,1
c4m_000114_85981fcc,x_only,arcs_circles_rings,4,0,gridness_fft_acf,cluster_size_balance_entropy,1,0.008049248975006529,0
c4m_000114_85981fcc,xy_2d,arcs_circles_rings,3,0,curvature_consistency|dbcv,connected_components_count|contour_graph_connectivity,1,0.005648591699839445,0
c4m_000114_85981fcc,y_only,arcs_circles_rings,4,0,silhouette,parallel_bands,0,-0.004424036646284546,0
c4m_000115_46ff9e36,x_only,piecewise_polylines_corners,3,0,convexity_ratio|fractal_dimension,lbp_stationarity|silhouette,2,-0.2159042489521903,1
c4m_000115_46ff9e36,xy_2d,piecewise_polylines_corners,3,0,calinski_harabasz|s_dbw,radial_uniformity|ribbon_thickness,0,-0.12228310624470251,0
c4m_000115_46ff9e36,y_only,piecewise_polylines_corners,3,0,gridness_fft_acf|thickness_uniformity,noise_aware_silhouette|ribbon_thickness,2,0.0,1
c4m_000116_36e63277,x_only,ladder_grid_lattice,3,0,connectivity_components|glcm_haralick,connected_components_count|noise_aware_silhouette,2,0.09909575772869256,1
c4m_000116_36e63277,xy_2d,ladder_grid_lattice,1,0,cluster_size_balance_entropy|hollow_score|mst_smoothness|noise_aware_silhouette,avg_within_cluster_dispersion|calinski_harabasz|corner_junction_density|periodicity_1d,2,0.4906958376758401,0
c4m_000116_36e63277,y_only,ladder_grid_lattice,4,0,alpha_shape_compactness,corner_junction_density,1,0.0,1
c4m_000118_c2afd547,x_only,texture_density_fields,5,1,,,0,0.0,1
c4m_000118_c2afd547,xy_2d,texture_density_fields,3,0,corner_sharpness|glcm_haralick,cluster_size_balance_entropy|corner_junction_density,2,0.0,1
c4m_000118_c2afd547,y_only,texture_density_fields,3,0,alpha_shape_compactness|gridness_fft_acf,contour_graph_connectivity|convexity_ratio,2,0.062194413724910524,0
c4m_000130_8a419133,x_only,linear_bands_parallel_stripes,0,0,direction_entropy|euler_holes_count|gridness_fft_acf|neighborhood_purity_multi_k|silhouette,cluster_size_imbalance_entropy|ellipse_fit_score|gridness_2d|parabolicity|turning_points_count,3,0.000864454663563498,0
c4m_000130_8a419133,xy_2d,linear_bands_parallel_stripes,2,0,blobness_log_dog|peak_to_background_hough|polygonality,bimodality_anti_thickness|curvature_consistency|ribbon_thickness,3,0.009865572855534743,0
c4m_000130_8a419133,y_only,linear_bands_parallel_stripes,1,0,contour_graph_connectivity|gridness_fft_acf|hough_line_strength|parallel_bands,cluster_size_balance_entropy|neighborhood_purity|neighborhood_purity_multi_k|noise_aware_silhouette,4,-0.0026735361643652755,1
c4m_000145_2d28880d,x_only,hybrid_mixed_geometry,4,0,corner_junction_density,convexity_ratio,1,0.0,1
c4m_000145_2d28880d,xy_2d,hybrid_mixed_geometry,2,0,avg_within_cluster_dispersion|ridge_strength|s_dbw,curvature_consistency|glcm_haralick|gridness_fft_acf,1,0.0,1
c4m_000145_2d28880d,y_only,hybrid_mixed_geometry,2,0,bimodality_anti_thickness|min_intercluster_distance|noise_aware_silhouette,connected_components_count|contour_graph_connectivity|ribbon_thickness,1,0.1426110570086055,0
c4m_000145_a3c25735,x_only,linear_bands_parallel_stripes,0,0,connectivity_components|direction_entropy|gridness_fft_acf|min_centroid_distance|noise_aware_silhouette,avg_within_cluster_dispersion|davies_bouldin|dbcv|eccentricity_ratio|s_dbw,3,0.0002048431401066466,0
c4m_000145_a3c25735,xy_2d,linear_bands_parallel_stripes,1,0,connected_components_count|connectivity_components|ladderness|s_dbw,alpha_shape_compactness|calinski_harabasz|convexity_ratio|gridness_fft_acf,3,-0.05769441582995949,0
c4m_000145_a3c25735,y_only,linear_bands_parallel_stripes,3,0,convexity_ratio|ribbon_thickness,cluster_size_balance_entropy|neighborhood_purity,2,0.00558904783932912,0
c4m_000153_9805e6f9,x_only,deinterleaving_pri_toa_amp_like,1,0,axial_symmetry|min_intercluster_distance|neighborhood_purity|symmetry_score,connected_components_count|corner_junction_density|glcm_haralick|ribbon_thickness,2,0.0006772807592523,0
c4m_000153_9805e6f9,xy_2d,deinterleaving_pri_toa_amp_like,4,0,ridge_strength,thickness_uniformity,1,0.018173248948816112,1
c4m_000153_9805e6f9,y_only,deinterleaving_pri_toa_amp_like,3,0,cluster_size_balance_entropy|noise_aware_silhouette,bimodality_anti_thickness|parallel_bands,0,0.022071480312538305,1
c4m_000162_ba057a01,x_only,hybrid_mixed_geometry,0,0,direction_entropy|min_centroid_distance|morphological_band_count|neighborhood_purity|neighborhood_purity_multi_k,axial_symmetry|connected_components_count|convexity_ratio|parallel_bands|ribbon_thickness,2,0.0073096363079594995,0
c4m_000162_ba057a01,xy_2d,hybrid_mixed_geometry,2,0,avg_within_cluster_dispersion|calinski_harabasz|circularity_compactness,connected_components_count|periodicity_1d|ridge_strength,1,0.0,1
c4m_000162_ba057a01,y_only,hybrid_mixed_geometry,2,0,connectivity_components|hough_line_strength|noise_aware_silhouette,connected_components_count|convexity_ratio|neighborhood_purity_multi_k,2,-0.042999722053263134,0
c4m_000244_5ed39e19,x_only,standard_clustering_blobs,1,0,axial_symmetry|convexity_ratio|glcm_haralick|hollow_score,connected_components_count|gridness_fft_acf|neighborhood_purity_multi_k|silhouette,4,0.06200001606310401,0
c4m_000244_5ed39e19,xy_2d,standard_clustering_blobs,1,0,axial_symmetry|ellipse_fit_score|rectangularity|symmetry_score,alpha_shape_compactness|avg_pca_isotropy|convexity_solidity_image|hollow_score,4,0.15633930882178326,1
c4m_000244_5ed39e19,y_only,standard_clustering_blobs,3,0,noise_aware_silhouette|radial_uniformity,min_centroid_distance|neighborhood_purity,1,0.002160646743128991,0
c4m_000259_ab6413a3,x_only,polygons_rectangles_frames,3,0,avg_pca_isotropy|ladderness,min_centroid_distance|silhouette,1,0.0,1
c4m_000259_ab6413a3,xy_2d,polygons_rectangles_frames,3,0,curvature_consistency|ladderness,connectivity_components|hollow_score,2,0.0,1
c4m_000259_ab6413a3,y_only,polygons_rectangles_frames,3,0,convexity_ratio|noise_aware_silhouette,blobness_log_dog|silhouette,1,0.0,1
c4m_000296_980de5a5,x_only,radial_spiral_meander,4,0,cluster_size_balance_entropy,silhouette,0,0.0,1
c4m_000296_980de5a5,xy_2d,radial_spiral_meander,2,0,corner_junction_density|hollow_score|periodicity_1d,alpha_shape_compactness|calinski_harabasz|convexity_solidity_image,3,0.0,1
c4m_000296_980de5a5,y_only,radial_spiral_meander,5,1,,,0,0.0,1
c4m_000297_49011ca3,x_only,texture_density_fields,1,0,alpha_shape_compactness|avg_pca_isotropy|hough_circle_arc_strength|noise_aware_silhouette,connected_components_count|contour_graph_connectivity|convexity_ratio|silhouette,2,-0.045000751163490116,1
c4m_000297_49011ca3,xy_2d,texture_density_fields,2,0,contour_graph_connectivity|convexity_ratio|s_dbw,calinski_harabasz|connected_components_count|silhouette,2,0.0,1
c4m_000297_49011ca3,y_only,texture_density_fields,2,0,connectivity_components|min_intercluster_distance|neighborhood_purity_multi_k,connected_components_count|contour_graph_connectivity|gridness_fft_acf,1,0.032539056951052525,0
c4m_000299_bf3929d8,x_only,parabolic_curved_chains,1,0,gridness_fft_acf|min_centroid_distance|parabolicity|silhouette,cluster_size_balance_entropy|neighborhood_purity|neighborhood_purity_multi_k|parallel_bands,2,-0.0071623977462697,0
c4m_000299_bf3929d8,xy_2d,parabolic_curved_chains,3,0,min_intercluster_distance|parabolicity,min_centroid_distance|noise_aware_silhouette,1,0.0,1
c4m_000299_bf3929d8,y_only,parabolic_curved_chains,2,0,cluster_size_balance_entropy|gridness_2d|parabolicity,neighborhood_purity|neighborhood_purity_multi_k|silhouette,2,0.04256834982195279,0
c4m_000302_ef717cfb,x_only,ladder_grid_lattice,4,0,noise_aware_silhouette,neighborhood_purity_multi_k,0,0.0,1
c4m_000302_ef717cfb,xy_2d,ladder_grid_lattice,4,0,silhouette,corner_junction_density,0,0.0,1
c4m_000302_ef717cfb,y_only,ladder_grid_lattice,3,0,min_centroid_distance|piecewise_linearity,neighborhood_purity|neighborhood_purity_multi_k,1,-0.009926420083218312,0
c4m_000316_349c6840,x_only,arcs_circles_rings,2,0,axial_symmetry|connected_components_count|contour_graph_connectivity,min_centroid_distance|neighborhood_purity_multi_k|silhouette,3,0.05094464323801301,1
c4m_000316_349c6840,xy_2d,arcs_circles_rings,3,0,avg_pca_isotropy|circularity_compactness,cluster_size_balance_entropy|convexity_ratio,1,-0.05604441321947573,0
c4m_000316_349c6840,y_only,arcs_circles_rings,2,0,arc_circle_fit|contour_graph_connectivity|lbp_stationarity,cluster_size_balance_entropy|connected_components_count|convexity_ratio,3,0.0,1
c4m_000321_dc26274b,x_only,piecewise_polylines_corners,3,0,connectivity_components|parabolicity,connected_components_count|silhouette,2,0.0,1
c4m_000321_dc26274b,xy_2d,piecewise_polylines_corners,1,0,connectivity_components|corner_sharpness|ribbon_thickness|thickness_uniformity,connected_components_count|contour_graph_connectivity|glcm_haralick|skeleton_connectivity,4,0.13615378424011848,1
c4m_000321_dc26274b,y_only,piecewise_polylines_corners,3,0,contour_graph_connectivity|noise_aware_silhouette,connected_components_count|parallel_bands,1,0.030589175207156788,0
c4m_000322_3948b2fb,x_only,hollow_topological_components,4,0,axial_symmetry,neighborhood_purity_multi_k,1,0.0,1
c4m_000322_3948b2fb,xy_2d,hollow_topological_components,2,0,alpha_shape_compactness|connected_components_count|connectivity_components,arc_circle_fit|avg_pca_isotropy|hollow_score,3,-0.01084523256386194,0
c4m_000322_3948b2fb,y_only,hollow_topological_components,0,0,alpha_shape_compactness|axial_symmetry|cluster_size_balance_entropy|connected_components_count|fractal_dimension,gridness_fft_acf|neighborhood_purity|neighborhood_purity_multi_k|noise_aware_silhouette|silhouette,4,0.22966816839470416,1
c4m_000342_c754aa76,x_only,linear_bands_parallel_stripes,0,0,connected_components_count|corner_sharpness|min_intercluster_distance|polygonality|ribbon_thickness,cluster_size_imbalance_entropy|davies_bouldin|ellipse_fit_score|gridness_2d|parabolicity,4,-3.5782224367288804e-05,0
c4m_000342_c754aa76,xy_2d,linear_bands_parallel_stripes,3,0,avg_within_cluster_dispersion|s_dbw,connectivity_components|ribbon_thickness,0,-0.19508884583259498,1
c4m_000342_c754aa76,y_only,linear_bands_parallel_stripes,3,0,alpha_shape_compactness|connectivity_components,cluster_size_balance_entropy|corner_junction_density,2,-0.0474883728136829,0
c4m_000375_3a9eab37,x_only,deinterleaving_pri_toa_amp_like,0,0,alpha_shape_compactness|cluster_size_balance_entropy|connected_components_count|davies_bouldin|noise_aware_silhouette,cluster_size_imbalance_entropy|ellipse_fit_score|gridness_2d|parabolicity|turning_points_count,2,0.0007051685724614001,0
c4m_000375_3a9eab37,xy_2d,deinterleaving_pri_toa_amp_like,2,0,axial_symmetry|neighborhood_purity|neighborhood_purity_multi_k,curvature_consistency|dbcv|gridness_fft_acf,1,0.0,1
c4m_000375_3a9eab37,y_only,deinterleaving_pri_toa_amp_like,5,1,,,0,0.0,1
c4m_000392_8ae0680f,x_only,deinterleaving_pri_toa_amp_like,0,0,curvature_consistency|edge_coherence|ellipse_fit_score|hollow_score|ladderness,cluster_size_balance_entropy|convexity_ratio|gridness_fft_acf|noise_aware_silhouette|silhouette,5,0.0013725226202153,0
c4m_000392_8ae0680f,xy_2d,deinterleaving_pri_toa_amp_like,1,0,eccentricity_ratio|gridness_fft_acf|line_straightness|ribbon_thickness,connected_components_count|connectivity_components|dbcv|ladderness,4,0.0,1
c4m_000392_8ae0680f,y_only,deinterleaving_pri_toa_amp_like,1,0,gridness_fft_acf|parallel_bands|peak_to_background_hough|ribbon_thickness,cluster_size_balance_entropy|neighborhood_purity|neighborhood_purity_multi_k|silhouette,4,-0.1982153782747504,1
c4m_000399_2c4262a5,x_only,hybrid_mixed_geometry,3,0,connectivity_components|morphological_band_count,connected_components_count|contour_graph_connectivity,2,0.0,1
c4m_000399_2c4262a5,xy_2d,hybrid_mixed_geometry,2,0,convexity_ratio|ellipse_fit_score|s_dbw,alpha_shape_compactness|glcm_haralick|periodicity_1d,2,0.0,1
c4m_000399_2c4262a5,y_only,hybrid_mixed_geometry,0,0,avg_pca_isotropy|gridness_fft_acf|neighborhood_purity|neighborhood_purity_multi_k|silhouette,axial_symmetry|cluster_size_balance_entropy|connectivity_components|noise_aware_silhouette|ribbon_thickness,1,0.04895578816485435,1
c4m_000399_cce12158,x_only,standard_clustering_blobs,3,0,cluster_size_balance_entropy|ribbon_thickness,convexity_ratio|symmetry_score,1,0.0,1
c4m_000399_cce12158,xy_2d,standard_clustering_blobs,1,0,avg_pca_isotropy|axial_symmetry|contour_graph_connectivity|radial_uniformity,alpha_shape_compactness|calinski_harabasz|convexity_solidity_image|rectangularity,3,0.0,1
c4m_000399_cce12158,y_only,standard_clustering_blobs,2,0,axial_symmetry|connectivity_components|direction_entropy,gridness_fft_acf|min_centroid_distance|silhouette,3,0.011145749803864125,0
c4m_000416_09bf1477,x_only,hybrid_mixed_geometry,3,0,connectivity_components|silhouette,axial_symmetry|connected_components_count,1,-0.01653041369917496,0
c4m_000416_09bf1477,xy_2d,hybrid_mixed_geometry,3,0,corner_sharpness|radial_uniformity,cluster_size_balance_entropy|connected_components_count,2,-0.17121248086611396,0
c4m_000416_09bf1477,y_only,hybrid_mixed_geometry,0,0,alpha_shape_compactness|avg_pca_isotropy|cluster_size_imbalance_entropy|convexity_ratio|lbp_stationarity,connected_components_count|contour_graph_connectivity|corner_junction_density|glcm_haralick|parallel_bands,3,0.007396165875268146,0
c4m_000418_22f5098a,x_only,polygons_rectangles_frames,5,1,,,0,0.0,1
c4m_000418_22f5098a,xy_2d,polygons_rectangles_frames,0,0,avg_within_cluster_dispersion|axial_symmetry|lbp_stationarity|parallel_bands|skeleton_connectivity,arc_circle_fit|cluster_size_balance_entropy|corner_junction_density|hollow_score|hough_circle_arc_strength,4,-0.21330400308208064,0
c4m_000418_22f5098a,y_only,polygons_rectangles_frames,1,0,connectivity_components|glcm_haralick|hollow_score|silhouette,cluster_size_balance_entropy|connected_components_count|contour_graph_connectivity|convexity_ratio,3,0.22514301617143773,0
c4m_000468_461032bc,x_only,radial_spiral_meander,3,0,convexity_ratio|noise_aware_silhouette,connected_components_count|contour_graph_connectivity,1,0.0,1
c4m_000468_461032bc,xy_2d,radial_spiral_meander,2,0,corner_sharpness|hollow_score|hough_circle_arc_strength,periodicity_1d|skeleton_connectivity|thickness_uniformity,3,-0.0689407035424977,0
c4m_000468_461032bc,y_only,radial_spiral_meander,1,0,axial_symmetry|cluster_size_balance_entropy|morphological_band_count|noise_aware_silhouette,avg_pca_isotropy|gridness_fft_acf|neighborhood_purity_multi_k|radial_uniformity,2,-0.010334654417306854,0
c4m_000469_4b95d620,x_only,texture_density_fields,3,0,min_intercluster_distance|noise_aware_silhouette,axial_symmetry|neighborhood_purity_multi_k,0,-0.07828822054404594,0
c4m_000469_4b95d620,xy_2d,texture_density_fields,1,0,alpha_shape_compactness|contour_graph_connectivity|convexity_solidity_image|rectangularity,avg_pca_isotropy|convexity_ratio|corner_junction_density|skeleton_connectivity,4,-0.03945771445574375,0
c4m_000469_4b95d620,y_only,texture_density_fields,2,0,alpha_shape_compactness|min_intercluster_distance|radial_uniformity,axial_symmetry|min_centroid_distance|neighborhood_purity_multi_k,2,0.10486305394714157,0
c4m_000469_6266781a,x_only,parabolic_curved_chains,3,0,cluster_size_balance_entropy|gridness_fft_acf,min_centroid_distance|noise_aware_silhouette,1,0.0020302226570697024,0
c4m_000469_6266781a,xy_2d,parabolic_curved_chains,0,0,arc_circle_fit|bimodality_anti_thickness|calinski_harabasz|connectivity_components|hollow_score,corner_junction_density|curvature_consistency|glcm_haralick|periodicity_1d|skeleton_connectivity,4,0.2732420157429964,0
c4m_000469_6266781a,y_only,parabolic_curved_chains,3,0,neighborhood_purity_multi_k|turning_points_count,cluster_size_balance_entropy|noise_aware_silhouette,1,0.0020389403740492806,0
c4m_000486_61ebcfae,x_only,ladder_grid_lattice,1,0,connected_components_count|convexity_ratio|corner_junction_density|parallel_bands,gridness_fft_acf|min_centroid_distance|neighborhood_purity_multi_k|silhouette,4,0.061513694893770066,0
c4m_000486_61ebcfae,xy_2d,ladder_grid_lattice,3,0,mst_smoothness|noise_aware_silhouette,calinski_harabasz|hollow_score,1,0.00018990844195709844,0
c4m_000486_61ebcfae,y_only,ladder_grid_lattice,3,0,avg_pca_isotropy|min_intercluster_distance,gridness_fft_acf|min_centroid_distance,0,-0.02628243868195107,0
c4m_000487_474c4363,x_only,ladder_grid_lattice,4,0,direction_entropy,gridness_fft_acf,1,0.0,1
c4m_000487_474c4363,xy_2d,ladder_grid_lattice,3,0,calinski_harabasz|davies_bouldin,cluster_size_balance_entropy|connectivity_components,0,0.08664244325960768,0
c4m_000487_474c4363,y_only,ladder_grid_lattice,2,0,axial_symmetry|cluster_size_balance_entropy|gridness_fft_acf,alpha_shape_compactness|parallel_bands|ribbon_thickness,2,0.0,1
c4m_000502_53d67bba,x_only,piecewise_polylines_corners,4,0,ribbon_thickness,davies_bouldin,1,0.0,1
c4m_000502_53d67bba,xy_2d,piecewise_polylines_corners,2,0,calinski_harabasz|edge_coherence|s_dbw,connectivity_components|dbcv|silhouette,1,0.0,1
c4m_000502_53d67bba,y_only,piecewise_polylines_corners,0,0,axial_symmetry|connected_components_count|gridness_fft_acf|parallel_bands|ribbon_thickness,davies_bouldin|neighborhood_purity|neighborhood_purity_multi_k|noise_aware_silhouette|silhouette,5,0.05831145450227376,0
c4m_000510_5212972e,x_only,hollow_topological_components,2,0,connectivity_components|noise_aware_silhouette|radial_uniformity,connected_components_count|contour_graph_connectivity|silhouette,2,0.09986890005439197,0
c4m_000510_5212972e,xy_2d,hollow_topological_components,1,0,connected_components_count|orientation_histogram_entropy|rectangularity|symmetry_score,calinski_harabasz|cluster_size_balance_entropy|corner_junction_density|periodicity_1d,4,0.0,1
c4m_000510_5212972e,y_only,hollow_topological_components,1,0,alpha_shape_compactness|lbp_stationarity|radial_uniformity|symmetry_score,connected_components_count|convexity_ratio|noise_aware_silhouette|parallel_bands,4,0.09601331251038814,0
c4m_000516_706cd9b7,x_only,piecewise_polylines_corners,3,0,gridness_fft_acf|silhouette,convexity_ratio|glcm_haralick,1,0.29202238226169464,0
c4m_000516_706cd9b7,xy_2d,piecewise_polylines_corners,0,0,cluster_size_balance_entropy|edge_coherence|gridness_fft_acf|orientation_histogram_entropy|ribbon_thickness,connected_components_count|connectivity_components|contour_graph_connectivity|noise_aware_silhouette|silhouette,4,-0.024196703152268406,0
c4m_000516_706cd9b7,y_only,piecewise_polylines_corners,3,0,direction_entropy|min_centroid_distance,neighborhood_purity|neighborhood_purity_multi_k,1,0.0,1
c4m_000518_acbada3b,x_only,arcs_circles_rings,1,0,arc_circle_fit|cluster_size_balance_entropy|morphological_band_count|parabolicity,alpha_shape_compactness|connected_components_count|glcm_haralick|silhouette,3,0.37569467201915663,0
c4m_000518_acbada3b,xy_2d,arcs_circles_rings,2,0,corner_junction_density|parabolicity|silhouette,connectivity_components|contour_graph_connectivity|glcm_haralick,2,0.04858098098488317,0
c4m_000518_acbada3b,y_only,arcs_circles_rings,2,0,alpha_shape_compactness|convexity_ratio|min_centroid_distance,gridness_fft_acf|neighborhood_purity|neighborhood_purity_multi_k,2,0.0,1
c4m_000536_86662dfe,x_only,linear_bands_parallel_stripes,0,0,gridness_fft_acf|min_centroid_distance|neighborhood_purity|noise_aware_silhouette|silhouette,avg_within_cluster_dispersion|calinski_harabasz|circularity_compactness|cluster_size_imbalance_entropy|s_dbw,1,0.0014153779589816402,0
c4m_000536_86662dfe,xy_2d,linear_bands_parallel_stripes,0,0,alpha_shape_compactness|ellipse_fit_score|mst_smoothness|periodicity_1d|piecewise_linearity,calinski_harabasz|curvature_consistency|gridness_fft_acf|ladderness|ribbon_thickness,5,-0.039694906013218706,1
c4m_000536_86662dfe,y_only,linear_bands_parallel_stripes,3,0,morphological_band_count|parallel_bands,neighborhood_purity|neighborhood_purity_multi_k,2,0.061573150966707624,1
c4m_000547_2cedebc5,x_only,standard_clustering_blobs,3,0,connected_components_count|hough_line_strength,neighborhood_purity_multi_k|silhouette,2,0.056555833044260095,0
c4m_000547_2cedebc5,xy_2d,standard_clustering_blobs,2,0,circularity_compactness|convexity_solidity_image|mst_smoothness,calinski_harabasz|corner_junction_density|glcm_haralick,3,0.0,1
c4m_000547_2cedebc5,y_only,standard_clustering_blobs,3,0,connectivity_components|hough_line_strength,neighborhood_purity|silhouette,2,-0.0017184944247987943,0
c4m_000552_7795f4f0,x_only,linear_bands_parallel_stripes,0,0,avg_within_cluster_dispersion|circularity_compactness|fractal_dimension|parallel_bands|s_dbw,cluster_size_imbalance_entropy|curvature_consistency|ellipse_fit_score|gridness_2d|parabolicity,3,0.0017560169692819436,0
c4m_000552_7795f4f0,xy_2d,linear_bands_parallel_stripes,2,0,euler_holes_count|min_centroid_distance|morphological_band_count,connectivity_components|convexity_ratio|curvature_consistency,2,-0.0020766422541925733,0
c4m_000552_7795f4f0,y_only,linear_bands_parallel_stripes,2,0,convexity_ratio|neighborhood_purity_multi_k|parabolicity,gridness_fft_acf|parallel_bands|ribbon_thickness,2,0.06475219113247949,0
c4m_000590_f9542aa2,x_only,polygons_rectangles_frames,2,0,cluster_size_balance_entropy|hollow_score|silhouette,connected_components_count|contour_graph_connectivity|ribbon_thickness,1,-0.003961545332664684,0
c4m_000590_f9542aa2,xy_2d,polygons_rectangles_frames,3,0,noise_aware_silhouette|silhouette,connectivity_components|contour_graph_connectivity,0,0.08205249370254841,0
c4m_000590_f9542aa2,y_only,polygons_rectangles_frames,2,0,contour_graph_connectivity|davies_bouldin|silhouette,axial_symmetry|connected_components_count|connectivity_components,1,0.0007143497062251924,0
c4m_000593_2cceb716,x_only,polygons_rectangles_frames,3,0,min_intercluster_distance|neighborhood_purity,avg_pca_isotropy|blobness_log_dog,0,0.0,1
c4m_000593_2cceb716,xy_2d,polygons_rectangles_frames,1,0,blobness_log_dog|calinski_harabasz|cluster_size_balance_entropy|direction_entropy,arc_circle_fit|avg_pca_isotropy|hollow_score|neighborhood_purity,2,0.02158302844197696,1
c4m_000593_2cceb716,y_only,polygons_rectangles_frames,4,0,blobness_log_dog,min_centroid_distance,1,0.0,1
c4m_000633_06efa53d,x_only,deinterleaving_pri_toa_amp_like,2,0,hough_line_strength|ladderness|peak_to_background_hough,edge_coherence|line_straightness|turning_points_count,3,-7.525586539797477e-05,0
c4m_000633_06efa53d,xy_2d,deinterleaving_pri_toa_amp_like,3,0,contour_graph_connectivity|parabolicity,curvature_consistency|line_straightness,2,0.0,1
c4m_000633_06efa53d,y_only,deinterleaving_pri_toa_amp_like,2,0,cluster_size_balance_entropy|direction_entropy|peak_to_background_hough,blobness_log_dog|connectivity_components|min_centroid_distance,2,0.18156926697119025,0
c4m_000648_faade742,x_only,parabolic_curved_chains,3,0,direction_entropy|morphological_band_count,min_centroid_distance|silhouette,2,0.004640944174407899,1
c4m_000648_faade742,xy_2d,parabolic_curved_chains,1,0,min_intercluster_distance|neighborhood_purity|neighborhood_purity_multi_k|piecewise_linearity,calinski_harabasz|connectivity_components|noise_aware_silhouette|parabolicity,1,-0.052032772305859815,0
c4m_000648_faade742,y_only,parabolic_curved_chains,4,0,gridness_2d,neighborhood_purity,1,0.0,1
c4m_000656_ee7d2e10,x_only,texture_density_fields,1,0,cluster_size_balance_entropy|connectivity_components|direction_entropy|noise_aware_silhouette,gridness_fft_acf|min_centroid_distance|neighborhood_purity_multi_k|silhouette,2,0.1367062438454285,0
c4m_000656_ee7d2e10,xy_2d,texture_density_fields,2,0,connectivity_components|corner_sharpness|silhouette,alpha_shape_compactness|convexity_ratio|convexity_solidity_image,2,0.1966067737430682,0
c4m_000656_ee7d2e10,y_only,texture_density_fields,2,0,convexity_ratio|min_intercluster_distance|noise_aware_silhouette,axial_symmetry|min_centroid_distance|silhouette,1,0.0619968690562559,0
c4m_000657_3637c972,x_only,radial_spiral_meander,1,0,arc_circle_fit|cluster_size_balance_entropy|connected_components_count|morphological_band_count,gridness_fft_acf|neighborhood_purity|neighborhood_purity_multi_k|silhouette,3,0.0,1
c4m_000657_3637c972,xy_2d,radial_spiral_meander,4,0,dbcv,ladderness,0,0.0,1
c4m_000657_3637c972,y_only,radial_spiral_meander,3,0,connected_components_count|convexity_ratio,gridness_fft_acf|noise_aware_silhouette,2,0.0004355840362939012,0
c4m_000666_c3d81104,x_only,parabolic_curved_chains,4,0,gridness_fft_acf,noise_aware_silhouette,1,0.0,1
c4m_000666_c3d81104,xy_2d,parabolic_curved_chains,2,0,parabolicity|piecewise_linearity|silhouette,neighborhood_purity|neighborhood_purity_multi_k|noise_aware_silhouette,2,-0.05192256744545387,0
c4m_000666_c3d81104,y_only,parabolic_curved_chains,1,0,connectivity_components|convexity_ratio|parallel_bands|piecewise_linearity,min_intercluster_distance|neighborhood_purity|neighborhood_purity_multi_k|silhouette,4,0.20308003049009699,0
c4m_000670_cbe2e92b,x_only,hybrid_mixed_geometry,1,0,axial_symmetry|connected_components_count|contour_graph_connectivity|silhouette,convexity_ratio|gridness_fft_acf|neighborhood_purity_multi_k|parallel_bands,3,0.06015462929900561,0
c4m_000670_cbe2e92b,xy_2d,hybrid_mixed_geometry,3,0,convexity_solidity_image|glcm_haralick,gridness_fft_acf|skeleton_connectivity,2,0.0,1
c4m_000670_cbe2e92b,y_only,hybrid_mixed_geometry,3,0,corner_junction_density|piecewise_linearity,connectivity_components|noise_aware_silhouette,2,-0.0010239128220518312,0
c4m_000672_83987015,x_only,hybrid_mixed_geometry,3,0,axial_symmetry|lbp_stationarity,fractal_dimension|parallel_bands,2,0.02086033054119371,1
c4m_000672_83987015,xy_2d,hybrid_mixed_geometry,2,0,connectivity_components|noise_aware_silhouette|silhouette,calinski_harabasz|corner_junction_density|glcm_haralick,1,0.012470885579417557,0
c4m_000672_83987015,y_only,hybrid_mixed_geometry,3,0,connectivity_components|gridness_fft_acf,connected_components_count|davies_bouldin,2,0.0,1
c4m_000690_db4763fd,x_only,ladder_grid_lattice,1,0,alpha_shape_compactness|direction_entropy|gridness_fft_acf|min_intercluster_distance,cluster_size_balance_entropy|neighborhood_purity|neighborhood_purity_multi_k|silhouette,3,0.0529000159521783,0
c4m_000690_db4763fd,xy_2d,ladder_grid_lattice,2,0,corner_sharpness|edge_coherence|orientation_histogram_entropy,avg_pca_isotropy|calinski_harabasz|noise_aware_silhouette,3,0.040547312001604996,0
c4m_000690_db4763fd,y_only,ladder_grid_lattice,2,0,euler_holes_count|neighborhood_purity|neighborhood_purity_multi_k,contour_graph_connectivity|radial_uniformity|ribbon_thickness,1,0.007796038069295505,0
c4m_000695_2cfe9721,x_only,standard_clustering_blobs,1,0,alpha_shape_compactness|convexity_ratio|corner_junction_density|glcm_haralick,avg_pca_isotropy|axial_symmetry|connected_components_count|contour_graph_connectivity,4,0.09967467633354044,0
c4m_000695_2cfe9721,xy_2d,standard_clustering_blobs,4,0,fractal_dimension,avg_pca_isotropy,1,-0.031429813251178995,0
c4m_000695_2cfe9721,y_only,standard_clustering_blobs,2,0,connectivity_components|contour_graph_connectivity|noise_aware_silhouette,min_centroid_distance|neighborhood_purity_multi_k|silhouette,2,0.0,1
c4m_000696_9369bdfa,x_only,ladder_grid_lattice,2,0,connected_components_count|connectivity_components|parallel_bands,neighborhood_purity|neighborhood_purity_multi_k|silhouette,3,0.03767008338665409,1
c4m_000696_9369bdfa,xy_2d,ladder_grid_lattice,2,0,connectivity_components|convexity_solidity_image|rectangularity,calinski_harabasz|cluster_size_balance_entropy|silhouette,3,-0.00021251030398766746,0
c4m_000696_9369bdfa,y_only,ladder_grid_lattice,2,0,connectivity_components|noise_aware_silhouette|parallel_bands,min_centroid_distance|neighborhood_purity|neighborhood_purity_multi_k,2,-0.0036826574708707926,0
c4m_000699_62f3ebe3,x_only,piecewise_polylines_corners,4,0,cluster_size_balance_entropy,neighborhood_purity_multi_k,0,0.0,1
c4m_000699_62f3ebe3,xy_2d,piecewise_polylines_corners,0,0,connected_components_count|convexity_ratio|corner_sharpness|piecewise_linearity|radial_uniformity,avg_within_cluster_dispersion|corner_junction_density|glcm_haralick|periodicity_1d|skeleton_connectivity,5,0.16985722181917273,1
c4m_000699_62f3ebe3,y_only,piecewise_polylines_corners,4,0,axial_symmetry,connectivity_components,1,0.03699013887658986,0
c4m_000712_d62d2492,x_only,hollow_topological_components,3,0,connectivity_components|direction_entropy,gridness_fft_acf|neighborhood_purity_multi_k,2,0.0004829422837411834,0
c4m_000712_d62d2492,xy_2d,hollow_topological_components,3,0,contour_graph_connectivity|s_dbw,avg_pca_isotropy|corner_junction_density,1,0.1538088483312119,0
c4m_000712_d62d2492,y_only,hollow_topological_components,3,0,lbp_stationarity|parallel_bands,contour_graph_connectivity|radial_uniformity,2,-0.1342047399114648,1
c4m_000724_59613eea,x_only,arcs_circles_rings,1,0,connectivity_components|corner_junction_density|glcm_haralick|ridge_strength,avg_pca_isotropy|connected_components_count|convexity_ratio|hough_circle_arc_strength,4,0.021812123014774976,1
c4m_000724_59613eea,xy_2d,arcs_circles_rings,4,0,avg_pca_isotropy,connectivity_components,0,0.006326891095899567,0
c4m_000724_59613eea,y_only,arcs_circles_rings,3,0,connectivity_components|hollow_score,connected_components_count|contour_graph_connectivity,2,-0.002380334011820251,0
c4m_000756_60a93976,x_only,linear_bands_parallel_stripes,0,0,alpha_shape_compactness|axial_symmetry|min_intercluster_distance|neighborhood_purity|parallel_bands,avg_within_cluster_dispersion|calinski_harabasz|eccentricity_ratio|glcm_haralick|s_dbw,3,0.0003761650865809532,0
c4m_000756_60a93976,xy_2d,linear_bands_parallel_stripes,1,0,axial_symmetry|hough_line_strength|morphological_band_count|neighborhood_purity,calinski_harabasz|connectivity_components|convexity_ratio|curvature_consistency,3,0.2320284863434665,0
c4m_000756_60a93976,y_only,linear_bands_parallel_stripes,2,0,alpha_shape_compactness|convexity_ratio|polygonality,gridness_fft_acf|noise_aware_silhouette|parallel_bands,3,0.07106910390572485,0
c4m_000761_f95262a7,x_only,polygons_rectangles_frames,3,0,corner_junction_density|glcm_haralick,connected_components_count|ribbon_thickness,2,0.006484487026130026,0
c4m_000761_f95262a7,xy_2d,polygons_rectangles_frames,4,0,noise_aware_silhouette,corner_junction_density,0,0.0,1
c4m_000761_f95262a7,y_only,polygons_rectangles_frames,3,0,connected_components_count|hollow_score,neighborhood_purity|neighborhood_purity_multi_k,2,0.0,1
c4m_000826_cadf697a,x_only,radial_spiral_meander,2,0,alpha_shape_compactness|axial_symmetry|symmetry_score,cluster_size_balance_entropy|corner_junction_density|glcm_haralick,3,0.003060909806532286,0
c4m_000826_cadf697a,xy_2d,radial_spiral_meander,2,0,connected_components_count|corner_sharpness|ridge_strength,arc_circle_fit|convexity_ratio|hough_circle_arc_strength,3,0.0,1
c4m_000826_cadf697a,y_only,radial_spiral_meander,1,0,alpha_shape_compactness|arc_circle_fit|avg_pca_isotropy|direction_entropy,gridness_fft_acf|neighborhood_purity|neighborhood_purity_multi_k|noise_aware_silhouette,3,0.0,1
c4m_000835_e5350973,x_only,texture_density_fields,5,1,,,0,0.0,1
c4m_000835_e5350973,xy_2d,texture_density_fields,0,0,blobness_log_dog|gridness_fft_acf|ladderness|line_straightness|polygonality,davies_bouldin|neighborhood_purity|neighborhood_purity_multi_k|noise_aware_silhouette|silhouette,5,0.018956134150442838,0
c4m_000835_e5350973,y_only,texture_density_fields,0,0,axial_symmetry|contour_graph_connectivity|convexity_ratio|corner_junction_density|glcm_haralick,gridness_fft_acf|neighborhood_purity|neighborhood_purity_multi_k|noise_aware_silhouette|silhouette,5,0.011297417792910103,0
c4m_000841_b2bcd818,x_only,parabolic_curved_chains,3,0,cluster_size_balance_entropy|gridness_fft_acf,min_centroid_distance|neighborhood_purity_multi_k,1,-0.008255287722947396,0
c4m_000841_b2bcd818,xy_2d,parabolic_curved_chains,3,0,noise_aware_silhouette|silhouette,connected_components_count|glcm_haralick,0,0.0,1
c4m_000841_b2bcd818,y_only,parabolic_curved_chains,2,0,contour_graph_connectivity|corner_junction_density|piecewise_linearity,min_intercluster_distance|neighborhood_purity|turning_points_count,3,0.002154992254851107,0
c4m_000849_6a1a40ab,x_only,standard_clustering_blobs,1,0,axial_symmetry|connectivity_components|contour_graph_connectivity|min_intercluster_distance,gridness_fft_acf|min_centroid_distance|neighborhood_purity_multi_k|silhouette,3,0.01877537382776573,1
c4m_000849_6a1a40ab,xy_2d,standard_clustering_blobs,2,0,contour_graph_connectivity|edge_coherence|orientation_histogram_entropy,calinski_harabasz|corner_junction_density|glcm_haralick,3,0.0,1
c4m_000849_6a1a40ab,y_only,standard_clustering_blobs,1,0,axial_symmetry|cluster_size_balance_entropy|gridness_2d|parallel_bands,gridness_fft_acf|neighborhood_purity|neighborhood_purity_multi_k|silhouette,3,0.05591010282893161,0
c4m_000873_6123c523,x_only,deinterleaving_pri_toa_amp_like,0,0,contour_graph_connectivity|dbcv|gridness_2d|mst_smoothness|turning_points_count,avg_within_cluster_dispersion|calinski_harabasz|glcm_haralick|parallel_bands|s_dbw,4,-0.0004181644046906251,1
c4m_000873_6123c523,xy_2d,deinterleaving_pri_toa_amp_like,3,0,periodicity_1d|thickness_uniformity,corner_junction_density|glcm_haralick,2,0.0,1
c4m_000873_6123c523,y_only,deinterleaving_pri_toa_amp_like,2,0,connected_components_count|connectivity_components|glcm_haralick,contour_graph_connectivity|gridness_fft_acf|noise_aware_silhouette,3,0.0,1
c4m_000875_d7d278f8,x_only,deinterleaving_pri_toa_amp_like,0,0,min_centroid_distance|neighborhood_purity|neighborhood_purity_multi_k|noise_aware_silhouette|silhouette,davies_bouldin|eccentricity_ratio|gridness_fft_acf|line_straightness|s_dbw,0,0.0014336634751511,0
c4m_000875_d7d278f8,xy_2d,deinterleaving_pri_toa_amp_like,3,0,neighborhood_purity|neighborhood_purity_multi_k,dbcv|ladderness,0,0.00020482825373380198,0
c4m_000875_d7d278f8,y_only,deinterleaving_pri_toa_amp_like,4,0,min_centroid_distance,gridness_fft_acf,0,0.0,1
c4m_000878_9d550c1f,x_only,ladder_grid_lattice,4,0,connectivity_components,neighborhood_purity,1,0.0,1
c4m_000878_9d550c1f,xy_2d,ladder_grid_lattice,3,0,connectivity_components|hollow_score,convexity_ratio|noise_aware_silhouette,2,0.0,1
c4m_000878_9d550c1f,y_only,ladder_grid_lattice,4,0,noise_aware_silhouette,connectivity_components,0,0.0,1
c4m_000887_6ff55e64,x_only,ladder_grid_lattice,4,0,noise_aware_silhouette,min_centroid_distance,0,0.0,1
c4m_000887_6ff55e64,xy_2d,ladder_grid_lattice,2,0,axial_symmetry|blobness_log_dog|morphological_band_count,calinski_harabasz|cluster_size_balance_entropy|gridness_fft_acf,3,-0.026252378121200626,0
c4m_000887_6ff55e64,y_only,ladder_grid_lattice,2,0,axial_symmetry|cluster_size_balance_entropy|parallel_bands,min_centroid_distance|neighborhood_purity_multi_k|silhouette,2,0.014945609979098912,1
c4m_000919_d6baa0ed,x_only,hybrid_mixed_geometry,3,0,cluster_size_balance_entropy|neighborhood_purity,axial_symmetry|connected_components_count,0,0.00023661842281619272,0
c4m_000919_d6baa0ed,xy_2d,hybrid_mixed_geometry,2,0,alpha_shape_compactness|arc_circle_fit|contour_graph_connectivity,calinski_harabasz|circularity_compactness|hollow_score,3,-0.011159032306881644,0
c4m_000919_d6baa0ed,y_only,hybrid_mixed_geometry,2,0,alpha_shape_compactness|piecewise_linearity|radial_uniformity,axial_symmetry|connected_components_count|parallel_bands,3,0.18935505261464602,0
c4m_000922_71cad050,x_only,hollow_topological_components,2,0,axial_symmetry|connectivity_components|morphological_band_count,gridness_fft_acf|neighborhood_purity_multi_k|noise_aware_silhouette,3,-0.015157056641357192,0
c4m_000922_71cad050,xy_2d,hollow_topological_components,0,0,corner_junction_density|fractal_dimension|glcm_haralick|gridness_2d|radial_uniformity,calinski_harabasz|gridness_fft_acf|min_centroid_distance|noise_aware_silhouette|silhouette,5,0.10796454220567436,1
c4m_000922_71cad050,y_only,hollow_topological_components,3,0,connectivity_components|noise_aware_silhouette,gridness_fft_acf|silhouette,1,0.0,1
c4m_000925_824b5c05,x_only,piecewise_polylines_corners,1,0,alpha_shape_compactness|axial_symmetry|morphological_band_count|parallel_bands,connected_components_count|neighborhood_purity_multi_k|noise_aware_silhouette|silhouette,4,-0.006863524074855354,1
c4m_000925_824b5c05,xy_2d,piecewise_polylines_corners,2,0,contour_graph_connectivity|convexity_ratio|parallel_bands,davies_bouldin|noise_aware_silhouette|silhouette,3,-0.08262752998407819,0
c4m_000925_824b5c05,y_only,piecewise_polylines_corners,3,0,corner_junction_density|davies_bouldin,connected_components_count|convexity_ratio,1,0.0,1
c4m_000928_842acd12,x_only,arcs_circles_rings,1,0,alpha_shape_compactness|cluster_size_balance_entropy|parallel_bands|radial_uniformity,connected_components_count|contour_graph_connectivity|convexity_ratio|ribbon_thickness,3,0.19762579434251337,0
c4m_000928_842acd12,xy_2d,arcs_circles_rings,3,0,convexity_ratio|polygonality,calinski_harabasz|hough_circle_arc_strength,2,0.0025432666540331494,0
c4m_000928_842acd12,y_only,arcs_circles_rings,1,0,arc_circle_fit|avg_pca_isotropy|convexity_ratio|gridness_fft_acf,neighborhood_purity|neighborhood_purity_multi_k|noise_aware_silhouette|silhouette,3,0.0,1
c4m_000931_c2262df0,x_only,polygons_rectangles_frames,4,0,hough_line_strength,silhouette,1,0.0,1
c4m_000931_c2262df0,xy_2d,polygons_rectangles_frames,2,0,arc_circle_fit|periodicity_1d|piecewise_linearity,corner_junction_density|hollow_score|skeleton_connectivity,3,0.0,1
c4m_000931_c2262df0,y_only,polygons_rectangles_frames,2,0,hough_line_strength|min_centroid_distance|noise_aware_silhouette,axial_symmetry|connected_components_count|convexity_ratio,1,0.00020350770779736793,0
c4m_000960_410bf5f3,x_only,linear_bands_parallel_stripes,3,0,axial_symmetry|convexity_ratio,corner_junction_density|fractal_dimension,2,0.0018059480062732995,1
c4m_000960_410bf5f3,xy_2d,linear_bands_parallel_stripes,4,0,ladderness,line_straightness,1,0.0,1
c4m_000960_410bf5f3,y_only,linear_bands_parallel_stripes,2,0,alpha_shape_compactness|min_centroid_distance|parallel_bands,convexity_ratio|neighborhood_purity_multi_k|noise_aware_silhouette,2,0.0,1
c4m_000965_35c19696,x_only,standard_clustering_blobs,1,0,axial_symmetry|cluster_size_balance_entropy|neighborhood_purity|parallel_bands,gridness_2d|gridness_fft_acf|min_centroid_distance|silhouette,2,0.048088855180787815,1
c4m_000965_35c19696,xy_2d,standard_clustering_blobs,0,0,avg_within_cluster_dispersion|axial_symmetry|contour_graph_connectivity|s_dbw|skeleton_connectivity,cluster_size_balance_entropy|corner_junction_density|curvature_consistency|fractal_dimension|glcm_haralick,3,0.0,1
c4m_000965_35c19696,y_only,standard_clustering_blobs,3,0,contour_graph_connectivity|corner_junction_density,alpha_shape_compactness|connected_components_count,2,0.0,1
c4m_000973_f34dca94,x_only,linear_bands_parallel_stripes,2,0,gridness_fft_acf|min_centroid_distance|parabolicity,cluster_size_balance_entropy|neighborhood_purity|neighborhood_purity_multi_k,2,0.009934134912149992,0
c4m_000973_f34dca94,xy_2d,linear_bands_parallel_stripes,3,0,curvature_consistency|ridge_strength,gridness_fft_acf|radial_uniformity,2,-0.23959402426783583,1
c4m_000973_f34dca94,y_only,linear_bands_parallel_stripes,4,0,gridness_fft_acf,neighborhood_purity_multi_k,1,0.0,1
c4m_001005_06995035,x_only,radial_spiral_meander,4,0,connected_components_count,min_centroid_distance,1,0.0,1
c4m_001005_06995035,xy_2d,radial_spiral_meander,1,0,avg_pca_isotropy|calinski_harabasz|connectivity_components|parabolicity,avg_within_cluster_dispersion|connected_components_count|corner_junction_density|skeleton_connectivity,2,0.1838338130552628,0
c4m_001005_06995035,y_only,radial_spiral_meander,2,0,avg_pca_isotropy|davies_bouldin|silhouette,contour_graph_connectivity|convexity_ratio|glcm_haralick,0,0.2345893948918814,1
c4m_001006_82a97d3a,x_only,texture_density_fields,3,0,contour_graph_connectivity|corner_junction_density,avg_pca_isotropy|silhouette,2,-0.18376653938341514,1
c4m_001006_82a97d3a,xy_2d,texture_density_fields,3,0,circularity_compactness|connected_components_count,periodicity_1d|skeleton_connectivity,2,0.0,1
c4m_001006_82a97d3a,y_only,texture_density_fields,3,0,contour_graph_connectivity|neighborhood_purity,avg_pca_isotropy|axial_symmetry,1,0.1643104534420753,1
c4m_001009_e349977b,x_only,radial_spiral_meander,2,0,hollow_score|radial_uniformity|symmetry_score,connected_components_count|contour_graph_connectivity|glcm_haralick,3,-0.02453868165841472,1
c4m_001009_e349977b,xy_2d,radial_spiral_meander,3,0,hough_circle_arc_strength|ridge_strength,contour_graph_connectivity|parallel_bands,2,-0.27125980459931687,0
c4m_001009_e349977b,y_only,radial_spiral_meander,3,0,cluster_size_balance_entropy|connectivity_components,gridness_fft_acf|neighborhood_purity_multi_k,1,0.0,1
c4m_001012_1a11e327,x_only,parabolic_curved_chains,1,0,fractal_dimension|glcm_haralick|lbp_stationarity|periodicity_1d,alpha_shape_compactness|connected_components_count|corner_junction_density|parallel_bands,4,0.0,1
c4m_001012_1a11e327,xy_2d,parabolic_curved_chains,1,0,connectivity_components|gridness_2d|piecewise_linearity|turning_points_count,calinski_harabasz|corner_junction_density|curvature_consistency|ladderness,4,0.016431279099345386,0
c4m_001012_1a11e327,y_only,parabolic_curved_chains,3,0,parabolicity|piecewise_linearity,cluster_size_balance_entropy|neighborhood_purity,2,0.0,1
c4m_001022_bc0e0023,x_only,parabolic_curved_chains,4,0,direction_entropy,cluster_size_balance_entropy,1,0.007192674132279003,0
c4m_001022_bc0e0023,xy_2d,parabolic_curved_chains,4,0,s_dbw,parabolicity,0,0.0,1
c4m_001022_bc0e0023,y_only,parabolic_curved_chains,1,0,contour_graph_connectivity|davies_bouldin|gridness_fft_acf|radial_uniformity,cluster_size_balance_entropy|corner_junction_density|min_intercluster_distance|parallel_bands,3,-0.004265400636193489,0
c4m_001070_2c077ee3,x_only,ladder_grid_lattice,0,0,calinski_harabasz|gridness_fft_acf|parallel_bands|radial_uniformity|ribbon_thickness,cluster_size_balance_entropy|min_centroid_distance|neighborhood_purity|neighborhood_purity_multi_k|silhouette,4,0.0859247076188824,0
c4m_001070_2c077ee3,xy_2d,ladder_grid_lattice,1,0,cluster_size_balance_entropy|connectivity_components|convexity_ratio|rectangularity,calinski_harabasz|gridness_fft_acf|min_centroid_distance|noise_aware_silhouette,3,-0.011621805119868489,1
c4m_001070_2c077ee3,y_only,ladder_grid_lattice,0,0,cluster_size_balance_entropy|contour_graph_connectivity|gridness_2d|noise_aware_silhouette|ribbon_thickness,connectivity_components|min_centroid_distance|neighborhood_purity|neighborhood_purity_multi_k|silhouette,3,0.009434609552743667,0
c4m_001071_9efca089,x_only,ladder_grid_lattice,3,0,blobness_log_dog|direction_entropy,connectivity_components|neighborhood_purity,2,0.023070371215504787,0
c4m_001071_9efca089,xy_2d,ladder_grid_lattice,3,0,convexity_ratio|euler_holes_count,cluster_size_balance_entropy|gridness_fft_acf,2,0.0,1
c4m_001071_9efca089,y_only,ladder_grid_lattice,4,0,peak_to_background_hough,cluster_size_balance_entropy,1,0.0,1
c4m_001093_706cf776,x_only,polygons_rectangles_frames,2,0,alpha_shape_compactness|min_intercluster_distance|parallel_bands,gridness_fft_acf|noise_aware_silhouette|silhouette,2,0.0,1
c4m_001093_706cf776,xy_2d,polygons_rectangles_frames,3,0,convexity_ratio|s_dbw,corner_junction_density|glcm_haralick,1,0.21731845291558616,0
c4m_001093_706cf776,y_only,polygons_rectangles_frames,3,0,axial_symmetry|connectivity_components,gridness_fft_acf|noise_aware_silhouette,2,0.0,1
c4m_001110_790910a1,x_only,hollow_topological_components,3,0,min_centroid_distance|noise_aware_silhouette,connected_components_count|silhouette,0,0.0,1
c4m_001110_790910a1,xy_2d,hollow_topological_components,2,0,contour_graph_connectivity|convexity_ratio|hough_circle_arc_strength,cluster_size_balance_entropy|connected_components_count|hollow_score,3,0.02551316522119118,0
c4m_001110_790910a1,y_only,hollow_topological_components,4,0,davies_bouldin,convexity_ratio,0,0.0,1
c4m_001116_08b70000,x_only,piecewise_polylines_corners,3,0,gridness_fft_acf|parallel_bands,contour_graph_connectivity|davies_bouldin,2,-0.00019920510741866515,1
c4m_001116_08b70000,xy_2d,piecewise_polylines_corners,4,0,calinski_harabasz,silhouette,0,0.0,1
c4m_001116_08b70000,y_only,piecewise_polylines_corners,2,0,parallel_bands|ribbon_thickness|silhouette,convexity_ratio|glcm_haralick|radial_uniformity,2,0.0009493482813668352,0
c4m_001123_9ac73dc4,x_only,deinterleaving_pri_toa_amp_like,4,0,axial_symmetry,noise_aware_silhouette,1,-0.0012493846652739948,0
c4m_001123_9ac73dc4,xy_2d,deinterleaving_pri_toa_amp_like,1,0,cluster_size_balance_entropy|convexity_solidity_image|glcm_haralick|rectangularity,calinski_harabasz|connectivity_components|mst_smoothness|noise_aware_silhouette,3,-0.028101613686055016,0
c4m_001123_9ac73dc4,y_only,deinterleaving_pri_toa_amp_like,1,0,axial_symmetry|contour_graph_connectivity|hough_line_strength|parallel_bands,cluster_size_balance_entropy|min_centroid_distance|neighborhood_purity|neighborhood_purity_multi_k,4,0.07562471491763734,1
c4m_001125_0566faeb,x_only,deinterleaving_pri_toa_amp_like,4,0,min_centroid_distance,noise_aware_silhouette,0,0.0,1
c4m_001125_0566faeb,xy_2d,deinterleaving_pri_toa_amp_like,3,0,alpha_shape_compactness|thickness_uniformity,connected_components_count|contour_graph_connectivity,2,0.0,1
c4m_001125_0566faeb,y_only,deinterleaving_pri_toa_amp_like,3,0,hough_line_strength|noise_aware_silhouette,min_centroid_distance|silhouette,1,0.0079086053189103,0
c4m_001126_74f7a598,x_only,arcs_circles_rings,2,0,blobness_log_dog|gridness_fft_acf|min_centroid_distance,axial_symmetry|cluster_size_balance_entropy|neighborhood_purity_multi_k,2,-0.07591388286304501,0
c4m_001126_74f7a598,xy_2d,arcs_circles_rings,2,0,calinski_harabasz|curvature_consistency|ladderness,connectivity_components|noise_aware_silhouette|silhouette,2,0.0,1
c4m_001126_74f7a598,y_only,arcs_circles_rings,3,0,fractal_dimension|lbp_stationarity,connected_components_count|parallel_bands,2,0.0,1
c4m_001130_ef13697a,x_only,piecewise_polylines_corners,3,0,convexity_ratio|davies_bouldin,avg_pca_isotropy|silhouette,1,-0.04221231659173463,1
c4m_001130_ef13697a,xy_2d,piecewise_polylines_corners,2,0,orientation_histogram_entropy|parallel_bands|radial_uniformity,contour_graph_connectivity|glcm_haralick|skeleton_connectivity,3,0.28667104197538573,0
c4m_001130_ef13697a,y_only,piecewise_polylines_corners,3,0,gridness_fft_acf|ribbon_thickness,calinski_harabasz|convexity_ratio,2,0.09093203807740102,0
c4m_001132_ed3dc84b,x_only,arcs_circles_rings,2,0,axial_symmetry|corner_junction_density|hough_circle_arc_strength,connected_components_count|contour_graph_connectivity|lbp_stationarity,3,0.21274997010560914,0
c4m_001132_ed3dc84b,xy_2d,arcs_circles_rings,4,0,piecewise_linearity,contour_graph_connectivity,1,0.024260173830829568,0
c4m_001132_ed3dc84b,y_only,arcs_circles_rings,3,0,cluster_size_balance_entropy|hough_circle_arc_strength,connectivity_components|contour_graph_connectivity,1,0.0,1
c4m_001176_9a4d92d6,x_only,linear_bands_parallel_stripes,1,0,cluster_size_balance_entropy|connected_components_count|gridness_fft_acf|noise_aware_silhouette,corner_junction_density|eccentricity_ratio|glcm_haralick|parallel_bands,2,-3.584652400600002e-05,0
c4m_001176_9a4d92d6,xy_2d,linear_bands_parallel_stripes,3,0,blobness_log_dog|min_centroid_distance,gridness_fft_acf|noise_aware_silhouette,1,0.06665640154399352,0
c4m_001176_9a4d92d6,y_only,linear_bands_parallel_stripes,1,0,min_centroid_distance|neighborhood_purity|neighborhood_purity_multi_k|silhouette,cluster_size_balance_entropy|gridness_fft_acf|parallel_bands|ribbon_thickness,0,0.05827322314946298,0
c4m_001180_4ba9d638,x_only,linear_bands_parallel_stripes,0,0,axial_symmetry|calinski_harabasz|connected_components_count|corner_junction_density|ribbon_thickness,circularity_compactness|cluster_size_imbalance_entropy|ellipse_fit_score|gridness_2d|parabolicity,4,0.0007428890147749,0
c4m_001180_4ba9d638,xy_2d,linear_bands_parallel_stripes,1,0,convexity_solidity_image|line_straightness|radial_uniformity|ribbon_thickness,alpha_shape_compactness|calinski_harabasz|connectivity_components|gridness_fft_acf,4,0.050691861245209,0
c4m_001180_4ba9d638,y_only,linear_bands_parallel_stripes,3,0,min_intercluster_distance|morphological_band_count,cluster_size_balance_entropy|silhouette,1,0.010478213655051291,0
c4m_001181_a25040c7,x_only,hybrid_mixed_geometry,3,0,alpha_shape_compactness|parallel_bands,convexity_ratio|davies_bouldin,2,0.15200899313998917,0
c4m_001181_a25040c7,xy_2d,hybrid_mixed_geometry,2,0,contour_graph_connectivity|gridness_fft_acf|skeleton_connectivity,calinski_harabasz|connected_components_count|corner_junction_density,3,0.0,1
c4m_001181_a25040c7,y_only,hybrid_mixed_geometry,2,0,min_intercluster_distance|neighborhood_purity|neighborhood_purity_multi_k,convexity_ratio|corner_junction_density|silhouette,0,-0.004545895431429303,0
c4m_001191_69d298ad,x_only,hybrid_mixed_geometry,1,0,davies_bouldin|gridness_fft_acf|radial_uniformity|silhouette,alpha_shape_compactness|connected_components_count|contour_graph_connectivity|ribbon_thickness,2,0.19342636296930354,0
c4m_001191_69d298ad,xy_2d,hybrid_mixed_geometry,0,0,cluster_size_balance_entropy|gridness_fft_acf|parallel_bands|peak_to_background_hough|polygonality,avg_within_cluster_dispersion|connected_components_count|connectivity_components|corner_junction_density|skeleton_connectivity,4,0.29749154981873527,0
c4m_001191_69d298ad,y_only,hybrid_mixed_geometry,0,0,alpha_shape_compactness|contour_graph_connectivity|corner_junction_density|fractal_dimension|ribbon_thickness,cluster_size_balance_entropy|convexity_ratio|neighborhood_purity|noise_aware_silhouette|silhouette,5,0.0055091204021786855,0
c4m_001192_23a9955a,x_only,parabolic_curved_chains,2,0,arc_circle_fit|blobness_log_dog|direction_entropy,hough_line_strength|neighborhood_purity|neighborhood_purity_multi_k,3,0.0,1
c4m_001192_23a9955a,xy_2d,parabolic_curved_chains,1,0,alpha_shape_compactness|contour_graph_connectivity|noise_aware_silhouette|silhouette,calinski_harabasz|connected_components_count|fractal_dimension|glcm_haralick,2,0.0,1
c4m_001192_23a9955a,y_only,parabolic_curved_chains,1,0,axial_symmetry|contour_graph_connectivity|dbcv|gridness_fft_acf,connected_components_count|parallel_bands|radial_uniformity|ribbon_thickness,3,0.08008094619852382,0
c4m_001194_c2810c17,x_only,radial_spiral_meander,2,0,hough_line_strength|min_intercluster_distance|noise_aware_silhouette,cluster_size_balance_entropy|min_centroid_distance|silhouette,1,0.0,1
c4m_001194_c2810c17,xy_2d,radial_spiral_meander,1,0,connectivity_components|convexity_ratio|dbcv|min_intercluster_distance,connected_components_count|corner_junction_density|glcm_haralick|mst_smoothness,2,-0.14572421791824908,0
c4m_001194_c2810c17,y_only,radial_spiral_meander,4,0,morphological_band_count,silhouette,1,0.0,1
c4m_001194_cbc272db,x_only,texture_density_fields,4,0,cluster_size_balance_entropy,connected_components_count,0,-0.030072739144374694,1
c4m_001194_cbc272db,xy_2d,texture_density_fields,2,0,axial_symmetry|cluster_size_balance_entropy|connected_components_count,avg_within_cluster_dispersion|corner_junction_density|glcm_haralick,2,0.13565050015970104,0
c4m_001194_cbc272db,y_only,texture_density_fields,1,0,connectivity_components|morphological_band_count|neighborhood_purity_multi_k|silhouette,axial_symmetry|connected_components_count|convexity_ratio|parallel_bands,2,0.0373204084030857,0
c4m_001259_265a73a5,x_only,ladder_grid_lattice,2,0,connectivity_components|contour_graph_connectivity|direction_entropy,cluster_size_balance_entropy|min_centroid_distance|neighborhood_purity_multi_k,3,0.0,1
c4m_001259_265a73a5,xy_2d,ladder_grid_lattice,2,0,connectivity_components|contour_graph_connectivity|min_centroid_distance,gridness_fft_acf|noise_aware_silhouette|silhouette,2,0.010891545557558308,0
c4m_001259_265a73a5,y_only,ladder_grid_lattice,0,0,connected_components_count|connectivity_components|noise_aware_silhouette|parallel_bands|ribbon_thickness,cluster_size_balance_entropy|min_centroid_distance|neighborhood_purity|neighborhood_purity_multi_k|silhouette,4,-0.04202489928292499,0
c4m_001310_71ee0f71,x_only,hollow_topological_components,2,0,alpha_shape_compactness|corner_junction_density|fractal_dimension,cluster_size_balance_entropy|connected_components_count|glcm_haralick,3,0.0,1
c4m_001310_71ee0f71,xy_2d,hollow_topological_components,3,0,connected_components_count|contour_graph_connectivity,calinski_harabasz|convexity_ratio,2,0.0,1
c4m_001310_71ee0f71,y_only,hollow_topological_components,2,0,avg_pca_isotropy|hough_circle_arc_strength|silhouette,axial_symmetry|convexity_ratio|radial_uniformity,1,0.005468076070025973,0
c4m_001320_6f4b7f23,x_only,piecewise_polylines_corners,4,0,radial_uniformity,davies_bouldin,1,0.0,1
c4m_001320_6f4b7f23,xy_2d,piecewise_polylines_corners,3,0,axial_symmetry|peak_to_background_hough,calinski_harabasz|contour_graph_connectivity,2,0.0,1
c4m_001320_6f4b7f23,y_only,piecewise_polylines_corners,4,0,min_centroid_distance,gridness_fft_acf,0,0.0,1
c4m_001322_82ef5498,x_only,piecewise_polylines_corners,1,0,cluster_size_balance_entropy|corner_junction_density|glcm_haralick|ribbon_thickness,contour_graph_connectivity|gridness_fft_acf|noise_aware_silhouette|silhouette,3,0.22988680673139766,0
c4m_001322_82ef5498,xy_2d,piecewise_polylines_corners,2,0,davies_bouldin|periodicity_1d|radial_uniformity,connected_components_count|contour_graph_connectivity|silhouette,2,0.0,1
c4m_001322_82ef5498,y_only,piecewise_polylines_corners,1,0,alpha_shape_compactness|axial_symmetry|cluster_size_balance_entropy|contour_graph_connectivity,gridness_fft_acf|min_centroid_distance|neighborhood_purity_multi_k|silhouette,3,0.06625314903491009,0
c4m_001325_9e117a46,x_only,hollow_topological_components,1,0,convexity_ratio|lbp_stationarity|piecewise_linearity|ridge_strength,axial_symmetry|connected_components_count|glcm_haralick|silhouette,4,-0.03874869653002766,1
c4m_001325_9e117a46,xy_2d,hollow_topological_components,3,0,connected_components_count|connectivity_components,cluster_size_balance_entropy|hough_circle_arc_strength,2,0.0,1
c4m_001325_9e117a46,y_only,hollow_topological_components,1,0,avg_pca_isotropy|convexity_ratio|hollow_score|peak_to_background_hough,axial_symmetry|cluster_size_balance_entropy|lbp_stationarity|parallel_bands,3,-0.06291217767152962,0
c4m_001375_23fea92c,x_only,deinterleaving_pri_toa_amp_like,3,0,calinski_harabasz|connectivity_components,arc_circle_fit|silhouette,1,0.027347463674666908,0
c4m_001375_23fea92c,xy_2d,deinterleaving_pri_toa_amp_like,1,0,circularity_compactness|convexity_solidity_image|fractal_dimension|periodicity_1d,alpha_shape_compactness|connected_components_count|contour_graph_connectivity|corner_junction_density,4,0.004377256411309927,0
c4m_001375_23fea92c,y_only,deinterleaving_pri_toa_amp_like,3,0,cluster_size_balance_entropy|direction_entropy,min_centroid_distance|silhouette,1,0.027133228253613695,0
c4m_001389_ab2d1b1b,x_only,arcs_circles_rings,2,0,alpha_shape_compactness|morphological_band_count|ribbon_thickness,gridness_fft_acf|min_centroid_distance|silhouette,3,0.14332992736900949,0
c4m_001389_ab2d1b1b,xy_2d,arcs_circles_rings,3,0,noise_aware_silhouette|silhouette,calinski_harabasz|contour_graph_connectivity,0,0.0,1
c4m_001389_ab2d1b1b,y_only,arcs_circles_rings,2,0,gridness_fft_acf|neighborhood_purity|s_dbw,connected_components_count|connectivity_components|contour_graph_connectivity,1,0.0,1
c4m_001399_ffb47b01,x_only,arcs_circles_rings,0,0,direction_entropy|gridness_fft_acf|neighborhood_purity|neighborhood_purity_multi_k|silhouette,axial_symmetry|connected_components_count|contour_graph_connectivity|glcm_haralick|ribbon_thickness,2,0.041607706732938066,1
c4m_001399_ffb47b01,xy_2d,arcs_circles_rings,2,0,hollow_score|hough_circle_arc_strength|parallel_bands,connectivity_components|contour_graph_connectivity|corner_junction_density,3,0.27542545152884573,0
c4m_001399_ffb47b01,y_only,arcs_circles_rings,1,0,alpha_shape_compactness|connected_components_count|convexity_ratio|piecewise_linearity,axial_symmetry|cluster_size_balance_entropy|parallel_bands|radial_uniformity,4,0.13546922607419343,0
c4m_001412_6e26513c,x_only,linear_bands_parallel_stripes,2,0,glcm_haralick|hollow_score|lbp_stationarity,axial_symmetry|cluster_size_balance_entropy|silhouette,3,0.0017241922358269997,0
c4m_001412_6e26513c,xy_2d,linear_bands_parallel_stripes,1,0,curvature_consistency|periodicity_1d|polygonality|rectangularity,convexity_ratio|corner_junction_density|glcm_haralick|skeleton_connectivity,4,0.4133221998473847,0
c4m_001412_6e26513c,y_only,linear_bands_parallel_stripes,3,0,connected_components_count|symmetry_score,corner_junction_density|lbp_stationarity,2,0.0,1
c4m_001413_09b3bcf3,x_only,linear_bands_parallel_stripes,5,1,,,0,0.0,1
c4m_001413_09b3bcf3,xy_2d,linear_bands_parallel_stripes,1,0,axial_symmetry|edge_coherence|ladderness|orientation_histogram_entropy,eccentricity_ratio|line_straightness|radial_uniformity|ribbon_thickness,4,0.025202369297212535,1
c4m_001413_09b3bcf3,y_only,linear_bands_parallel_stripes,3,0,connected_components_count|fractal_dimension,convexity_ratio|noise_aware_silhouette,2,0.020413722034714754,1
c4m_001432_56824d5c,x_only,hybrid_mixed_geometry,1,0,alpha_shape_compactness|avg_pca_isotropy|axial_symmetry|morphological_band_count,gridness_fft_acf|neighborhood_purity|neighborhood_purity_multi_k|noise_aware_silhouette,3,0.14489768898642785,0
c4m_001432_56824d5c,xy_2d,hybrid_mixed_geometry,3,0,ellipse_fit_score|rectangularity,corner_junction_density|radial_uniformity,2,0.08007994828865606,1
c4m_001432_56824d5c,y_only,hybrid_mixed_geometry,2,0,alpha_shape_compactness|convexity_ratio|morphological_band_count,cluster_size_balance_entropy|noise_aware_silhouette|parallel_bands,3,0.0,1
c4m_001623_c8f43b0e,x_only,arcs_circles_rings,2,0,corner_junction_density|ridge_strength|symmetry_score,connected_components_count|contour_graph_connectivity|convexity_ratio,3,0.03504386101624819,0
c4m_001623_c8f43b0e,xy_2d,arcs_circles_rings,2,0,eccentricity_ratio|line_straightness|ribbon_thickness,connected_components_count|dbcv|thickness_uniformity,3,0.0,1
c4m_001623_c8f43b0e,y_only,arcs_circles_rings,2,0,calinski_harabasz|corner_junction_density|glcm_haralick,contour_graph_connectivity|parallel_bands|radial_uniformity,2,0.029389613830871075,1
c4m_001633_cc5e0067,x_only,deinterleaving_pri_toa_amp_like,4,0,connected_components_count,alpha_shape_compactness,1,0.0,1
c4m_001633_cc5e0067,xy_2d,deinterleaving_pri_toa_amp_like,1,0,dbcv|noise_aware_silhouette|parallel_bands|silhouette,curvature_consistency|eccentricity_ratio|gridness_fft_acf|ladderness,1,0.0,1
c4m_001633_cc5e0067,y_only,deinterleaving_pri_toa_amp_like,2,0,direction_entropy|gridness_fft_acf|min_centroid_distance,convexity_ratio|neighborhood_purity|noise_aware_silhouette,2,0.0,1
c4m_001634_694cab29,x_only,deinterleaving_pri_toa_amp_like,1,0,convexity_ratio|direction_entropy|hollow_score|silhouette,axial_symmetry|connected_components_count|parallel_bands|ribbon_thickness,3,-0.0078434957118459,0
c4m_001634_694cab29,xy_2d,deinterleaving_pri_toa_amp_like,3,0,parallel_bands|radial_uniformity,connected_components_count|contour_graph_connectivity,2,0.0,1
c4m_001634_694cab29,y_only,deinterleaving_pri_toa_amp_like,3,0,axial_symmetry|hough_line_strength,connected_components_count|parallel_bands,2,0.11884027909001688,1
c4m_001710_53190532,x_only,hybrid_mixed_geometry,2,0,morphological_band_count|radial_uniformity|silhouette,cluster_size_balance_entropy|contour_graph_connectivity|convexity_ratio,2,0.1428629840370812,0
c4m_001710_53190532,xy_2d,hybrid_mixed_geometry,3,0,alpha_shape_compactness|connectivity_components,convexity_ratio|corner_junction_density,2,0.0,1
c4m_001710_53190532,y_only,hybrid_mixed_geometry,2,0,alpha_shape_compactness|axial_symmetry|cluster_size_balance_entropy,avg_pca_isotropy|convexity_ratio|corner_junction_density,2,0.0,1
c4m_001715_da13fd87,x_only,hybrid_mixed_geometry,1,0,axial_symmetry|direction_entropy|min_centroid_distance|neighborhood_purity_multi_k,alpha_shape_compactness|connected_components_count|convexity_ratio|ribbon_thickness,2,0.04380821921316813,1
c4m_001715_da13fd87,xy_2d,hybrid_mixed_geometry,3,0,hough_circle_arc_strength|lbp_stationarity,convexity_ratio|corner_junction_density,2,0.0,1
c4m_001715_da13fd87,y_only,hybrid_mixed_geometry,2,0,davies_bouldin|gridness_fft_acf|noise_aware_silhouette,contour_graph_connectivity|corner_junction_density|glcm_haralick,1,0.21490387551224321,0
c4m_001947_c2053339,x_only,hybrid_mixed_geometry,3,0,alpha_shape_compactness|connected_components_count,convexity_ratio|corner_junction_density,2,0.0,1
c4m_001947_c2053339,xy_2d,hybrid_mixed_geometry,4,0,rectangularity,lbp_stationarity,1,0.0,1
c4m_001947_c2053339,y_only,hybrid_mixed_geometry,1,0,alpha_shape_compactness|connected_components_count|convexity_ratio|parallel_bands,axial_symmetry|gridness_fft_acf|noise_aware_silhouette|silhouette,4,-0.022029619703155534,0
c4vh_000118_a6736e5c,x_only,standard_clustering_blobs,3,0,morphological_band_count|radial_uniformity,gridness_fft_acf|min_centroid_distance,2,0.1497004764407892,0
c4vh_000118_a6736e5c,xy_2d,standard_clustering_blobs,3,0,avg_pca_isotropy|noise_aware_silhouette,corner_junction_density|radial_uniformity,0,-0.04241439669045044,0
c4vh_000118_a6736e5c,y_only,standard_clustering_blobs,2,0,gridness_2d|noise_aware_silhouette|silhouette,axial_symmetry|convexity_ratio|parallel_bands,1,0.04574537104979681,0
c4vh_000142_d41be630,x_only,parabolic_curved_chains,4,0,noise_aware_silhouette,min_centroid_distance,0,0.0,1
c4vh_000142_d41be630,xy_2d,parabolic_curved_chains,0,0,blobness_log_dog|connectivity_components|min_centroid_distance|min_intercluster_distance|neighborhood_purity_multi_k,alpha_shape_compactness|convexity_ratio|corner_junction_density|glcm_haralick|noise_aware_silhouette,2,0.03268989053543209,0
c4vh_000142_d41be630,y_only,parabolic_curved_chains,3,0,davies_bouldin|parallel_bands,gridness_fft_acf|neighborhood_purity_multi_k,1,-0.002198956823938697,0
c4vh_000149_fae49ea2,x_only,hollow_topological_components,3,0,alpha_shape_compactness|axial_symmetry,min_centroid_distance|neighborhood_purity_multi_k,2,0.0,1
c4vh_000149_fae49ea2,xy_2d,hollow_topological_components,2,0,contour_graph_connectivity|convexity_solidity_image|ridge_strength,alpha_shape_compactness|convexity_ratio|periodicity_1d,3,0.0009143619008279424,0
c4vh_000149_fae49ea2,y_only,hollow_topological_components,1,0,alpha_shape_compactness|avg_pca_isotropy|axial_symmetry|blobness_log_dog,neighborhood_purity|neighborhood_purity_multi_k|noise_aware_silhouette|silhouette,3,0.0,1
c4vh_000159_6f6f75cd,x_only,arcs_circles_rings,4,0,axial_symmetry,neighborhood_purity_multi_k,1,0.10692963747093354,0
c4vh_000159_6f6f75cd,xy_2d,arcs_circles_rings,0,0,avg_pca_isotropy|axial_symmetry|corner_junction_density|corner_sharpness|glcm_haralick,calinski_harabasz|davies_bouldin|neighborhood_purity|noise_aware_silhouette|silhouette,4,0.1529458955168202,0
c4vh_000159_6f6f75cd,y_only,arcs_circles_rings,2,0,axial_symmetry|connected_components_count|morphological_band_count,min_centroid_distance|neighborhood_purity_multi_k|silhouette,3,0.10438228810553363,0
c4vh_000187_e076d758,x_only,deinterleaving_pri_toa_amp_like,2,0,avg_within_cluster_dispersion|contour_graph_connectivity|s_dbw,corner_junction_density|radial_uniformity|ribbon_thickness,1,0.0030519599273031005,0
c4vh_000187_e076d758,xy_2d,deinterleaving_pri_toa_amp_like,1,0,contour_graph_connectivity|curvature_consistency|skeleton_connectivity|thickness_uniformity,corner_junction_density|glcm_haralick|periodicity_1d|ridge_strength,4,0.029615433548210002,0
c4vh_000187_e076d758,y_only,deinterleaving_pri_toa_amp_like,3,0,connected_components_count|direction_entropy,gridness_fft_acf|neighborhood_purity_multi_k,2,0.0,1
c4vh_000191_2c9af08d,x_only,hybrid_mixed_geometry,1,0,cluster_size_balance_entropy|glcm_haralick|parallel_bands|ribbon_thickness,axial_symmetry|connectivity_components|gridness_fft_acf|silhouette,3,0.0750731486858762,0
c4vh_000191_2c9af08d,xy_2d,hybrid_mixed_geometry,3,0,ellipse_fit_score|orientation_histogram_entropy,fractal_dimension|periodicity_1d,2,-7.4480781312114e-05,1
c4vh_000191_2c9af08d,y_only,hybrid_mixed_geometry,3,0,direction_entropy|min_intercluster_distance,noise_aware_silhouette|silhouette,1,0.0,1
c4vh_000323_ec5d78ef,x_only,radial_spiral_meander,3,0,hough_line_strength|radial_uniformity,contour_graph_connectivity|silhouette,2,0.0,1
c4vh_000323_ec5d78ef,xy_2d,radial_spiral_meander,3,0,avg_pca_isotropy|fractal_dimension,corner_junction_density|glcm_haralick,1,0.2241985784640888,0
c4vh_000323_ec5d78ef,y_only,radial_spiral_meander,3,0,blobness_log_dog|direction_entropy,neighborhood_purity_multi_k|noise_aware_silhouette,2,0.0,1
c4vh_000334_22949cab,x_only,ladder_grid_lattice,3,0,connected_components_count|neighborhood_purity,gridness_fft_acf|neighborhood_purity_multi_k,1,0.0429802482028121,0
c4vh_000334_22949cab,xy_2d,ladder_grid_lattice,0,0,alpha_shape_compactness|avg_pca_isotropy|connectivity_components|davies_bouldin|symmetry_score,calinski_harabasz|cluster_size_balance_entropy|gridness_fft_acf|noise_aware_silhouette|silhouette,3,0.11909786067978084,1
c4vh_000334_22949cab,y_only,ladder_grid_lattice,3,0,cluster_size_balance_entropy|min_centroid_distance,neighborhood_purity_multi_k|silhouette,0,0.0089978338721792,0
c4vh_000342_a5a64110,x_only,piecewise_polylines_corners,3,0,contour_graph_connectivity|radial_uniformity,connected_components_count|silhouette,2,0.1817609364338962,0
c4vh_000342_a5a64110,xy_2d,piecewise_polylines_corners,3,0,arc_circle_fit|parallel_bands,corner_junction_density|glcm_haralick,2,-0.031446133962234224,0
c4vh_000342_a5a64110,y_only,piecewise_polylines_corners,1,0,alpha_shape_compactness|calinski_harabasz|cluster_size_balance_entropy|contour_graph_connectivity,avg_pca_isotropy|axial_symmetry|neighborhood_purity_multi_k|silhouette,2,0.10553078554596854,0
c4vh_000349_fc87633e,x_only,hollow_topological_components,2,0,alpha_shape_compactness|axial_symmetry|noise_aware_silhouette,min_centroid_distance|neighborhood_purity|neighborhood_purity_multi_k,2,0.0,1
c4vh_000349_fc87633e,xy_2d,hollow_topological_components,1,0,circularity_compactness|convexity_solidity_image|edge_coherence|orientation_histogram_entropy,alpha_shape_compactness|avg_pca_isotropy|calinski_harabasz|radial_uniformity,4,0.00945106174735677,0
c4vh_000349_fc87633e,y_only,hollow_topological_components,2,0,alpha_shape_compactness|axial_symmetry|connectivity_components,gridness_fft_acf|neighborhood_purity|neighborhood_purity_multi_k,3,0.0,1
c4vh_000372_9ed27a38,x_only,linear_bands_parallel_stripes,4,0,ridge_strength,eccentricity_ratio,1,0.0,1
c4vh_000372_9ed27a38,xy_2d,linear_bands_parallel_stripes,0,0,eccentricity_ratio|gridness_fft_acf|ladderness|ribbon_thickness|thickness_uniformity,calinski_harabasz|corner_junction_density|curvature_consistency|glcm_haralick|periodicity_1d,5,0.0638199838322015,0
c4vh_000372_9ed27a38,y_only,linear_bands_parallel_stripes,3,0,contour_graph_connectivity|convexity_ratio,connected_components_count|gridness_fft_acf,2,-0.015000033374855892,0
c4vh_000425_5a6b20a3,x_only,deinterleaving_pri_toa_amp_like,3,0,lbp_stationarity|skeleton_connectivity,eccentricity_ratio|glcm_haralick,2,0.0,1
c4vh_000425_5a6b20a3,xy_2d,deinterleaving_pri_toa_amp_like,3,0,avg_within_cluster_dispersion|s_dbw,fractal_dimension|ridge_strength,0,0.0,1
c4vh_000425_5a6b20a3,y_only,deinterleaving_pri_toa_amp_like,3,0,gridness_fft_acf|noise_aware_silhouette,cluster_size_balance_entropy|glcm_haralick,1,0.023755775336856577,1
c4vh_000503_6c040d52,x_only,radial_spiral_meander,3,0,avg_pca_isotropy|convexity_ratio,cluster_size_balance_entropy|silhouette,1,0.0,1
c4vh_000503_6c040d52,xy_2d,radial_spiral_meander,4,0,avg_pca_isotropy,calinski_harabasz,0,0.0,1
c4vh_000503_6c040d52,y_only,radial_spiral_meander,1,0,blobness_log_dog|connectivity_components|hough_line_strength|noise_aware_silhouette,axial_symmetry|gridness_fft_acf|min_centroid_distance|neighborhood_purity_multi_k,3,0.0,1
c4vh_000504_e2f15575,x_only,parabolic_curved_chains,4,0,min_centroid_distance,silhouette,0,0.0,1
c4vh_000504_e2f15575,xy_2d,parabolic_curved_chains,3,0,convexity_ratio|corner_junction_density,connectivity_components|silhouette,2,0.0,1
c4vh_000504_e2f15575,y_only,parabolic_curved_chains,1,0,contour_graph_connectivity|convexity_ratio|gridness_fft_acf|parallel_bands,cluster_size_balance_entropy|min_intercluster_distance|neighborhood_purity|neighborhood_purity_multi_k,4,0.009407426079682396,1
c4vh_000542_c29f384c,x_only,hollow_topological_components,3,0,alpha_shape_compactness|noise_aware_silhouette,min_centroid_distance|neighborhood_purity,1,0.098990424280016,0
c4vh_000542_c29f384c,xy_2d,hollow_topological_components,3,0,alpha_shape_compactness|calinski_harabasz,avg_within_cluster_dispersion|fractal_dimension,1,0.06135808722799563,1
c4vh_000542_c29f384c,y_only,hollow_topological_components,3,0,connected_components_count|silhouette,contour_graph_connectivity|parallel_bands,1,-0.01220569065994892,0
c4vh_000566_1f955149,x_only,standard_clustering_blobs,4,0,neighborhood_purity_multi_k,axial_symmetry,0,-0.001231498242022011,0
c4vh_000566_1f955149,xy_2d,standard_clustering_blobs,3,0,corner_sharpness|rectangularity,alpha_shape_compactness|corner_junction_density,2,0.010707579908677545,0
c4vh_000566_1f955149,y_only,standard_clustering_blobs,5,1,,,0,0.0,1
c4vh_000572_5cf4289a,x_only,linear_bands_parallel_stripes,3,0,radial_uniformity|symmetry_score,eccentricity_ratio|ribbon_thickness,2,0.0001723294416000002,1
c4vh_000572_5cf4289a,xy_2d,linear_bands_parallel_stripes,0,0,avg_pca_isotropy|avg_within_cluster_dispersion|connected_components_count|piecewise_linearity|thickness_uniformity,alpha_shape_compactness|calinski_harabasz|corner_junction_density|glcm_haralick|periodicity_1d,3,0.0061271356223631945,0
c4vh_000572_5cf4289a,y_only,linear_bands_parallel_stripes,2,0,axial_symmetry|min_centroid_distance|parallel_bands,neighborhood_purity|neighborhood_purity_multi_k|silhouette,2,0.03192856725745058,1
c4vh_000613_47b5419a,x_only,polygons_rectangles_frames,3,0,morphological_band_count|silhouette,convexity_ratio|noise_aware_silhouette,1,0.0721306254559303,0
c4vh_000613_47b5419a,xy_2d,polygons_rectangles_frames,2,0,alpha_shape_compactness|lbp_stationarity|orientation_histogram_entropy,calinski_harabasz|corner_junction_density|periodicity_1d,3,-0.030552625319758775,0
c4vh_000613_47b5419a,y_only,polygons_rectangles_frames,2,0,convexity_ratio|corner_junction_density|ribbon_thickness,cluster_size_balance_entropy|noise_aware_silhouette|silhouette,3,-0.11809366327663959,1
c4vh_000667_4284e89c,x_only,deinterleaving_pri_toa_amp_like,1,0,cluster_size_balance_entropy|connectivity_components|convexity_ratio|symmetry_score,corner_junction_density|glcm_haralick|ribbon_thickness|skeleton_connectivity,3,0.0,1
c4vh_000667_4284e89c,xy_2d,deinterleaving_pri_toa_amp_like,0,0,alpha_shape_compactness|avg_within_cluster_dispersion|convexity_ratio|ellipse_fit_score|mst_smoothness,circularity_compactness|corner_junction_density|fractal_dimension|glcm_haralick|periodicity_1d,4,0.13602844710636408,0
c4vh_000667_4284e89c,y_only,deinterleaving_pri_toa_amp_like,3,0,cluster_size_balance_entropy|silhouette,gridness_fft_acf|neighborhood_purity_multi_k,0,0.005429409751137704,0
c4vh_000682_a8044089,x_only,texture_density_fields,2,0,axial_symmetry|connectivity_components|min_intercluster_distance,gridness_fft_acf|neighborhood_purity_multi_k|silhouette,2,0.006452363914223602,0
c4vh_000682_a8044089,xy_2d,texture_density_fields,5,1,,,0,0.0,1
c4vh_000682_a8044089,y_only,texture_density_fields,4,0,noise_aware_silhouette,neighborhood_purity_multi_k,0,0.0,1
c4vh_000683_3f38ec0b,x_only,radial_spiral_meander,3,0,connectivity_components|parallel_bands,neighborhood_purity|neighborhood_purity_multi_k,2,0.010843668396329907,0
c4vh_000683_3f38ec0b,xy_2d,radial_spiral_meander,1,0,calinski_harabasz|contour_graph_connectivity|hollow_score|silhouette,alpha_shape_compactness|corner_junction_density|glcm_haralick|periodicity_1d,2,0.030376156442070423,1
c4vh_000683_3f38ec0b,y_only,radial_spiral_meander,4,0,symmetry_score,ribbon_thickness,1,0.08295898343282976,0
c4vh_000690_8fb6566e,x_only,parabolic_curved_chains,4,0,min_centroid_distance,noise_aware_silhouette,0,0.0,1
c4vh_000690_8fb6566e,xy_2d,parabolic_curved_chains,3,0,convexity_solidity_image|glcm_haralick,alpha_shape_compactness|calinski_harabasz,2,0.0,1
c4vh_000690_8fb6566e,y_only,parabolic_curved_chains,2,0,radial_uniformity|rectangularity|symmetry_score,cluster_size_balance_entropy|gridness_fft_acf|noise_aware_silhouette,3,-0.004191646603950702,0
c4vh_000755_f8ad6205,x_only,arcs_circles_rings,1,0,blobness_log_dog|connectivity_components|hough_line_strength|silhouette,min_centroid_distance|neighborhood_purity|neighborhood_purity_multi_k|noise_aware_silhouette,3,0.007864968675999902,1
c4vh_000755_f8ad6205,xy_2d,arcs_circles_rings,4,0,ladderness,alpha_shape_compactness,1,-0.007738573545649885,0
c4vh_000755_f8ad6205,y_only,arcs_circles_rings,4,0,contour_graph_connectivity,symmetry_score,1,0.0,1
c4vh_000788_da35cd8a,x_only,linear_bands_parallel_stripes,3,0,connected_components_count|ridge_strength,calinski_harabasz|corner_junction_density,2,0.0007288546515088999,0
c4vh_000788_da35cd8a,xy_2d,linear_bands_parallel_stripes,3,0,connected_components_count|ridge_strength,avg_within_cluster_dispersion|curvature_consistency,2,0.0,1
c4vh_000788_da35cd8a,y_only,linear_bands_parallel_stripes,4,0,ribbon_thickness,neighborhood_purity,1,-0.0015447054063874033,0
c4vh_000868_610ca438,x_only,standard_clustering_blobs,3,0,axial_symmetry|neighborhood_purity_multi_k,connectivity_components|noise_aware_silhouette,1,-0.004327980282562538,0
c4vh_000868_610ca438,xy_2d,standard_clustering_blobs,2,0,alpha_shape_compactness|contour_graph_connectivity|mst_smoothness,convexity_solidity_image|radial_uniformity|rectangularity,3,0.10369388631210374,1
c4vh_000868_610ca438,y_only,standard_clustering_blobs,4,0,direction_entropy,noise_aware_silhouette,1,-0.021693770483753483,0
c4vh_000917_e1a04ab0,x_only,ladder_grid_lattice,5,1,,,0,0.0,1
c4vh_000917_e1a04ab0,xy_2d,ladder_grid_lattice,2,0,direction_entropy|euler_holes_count|noise_aware_silhouette,calinski_harabasz|cluster_size_balance_entropy|convexity_ratio,2,0.0,1
c4vh_000917_e1a04ab0,y_only,ladder_grid_lattice,5,1,,,0,0.0,1
c4vh_000952_749adc76,x_only,piecewise_polylines_corners,4,0,neighborhood_purity,connectivity_components,0,0.0,1
c4vh_000952_749adc76,xy_2d,piecewise_polylines_corners,1,0,contour_graph_connectivity|convexity_solidity_image|fractal_dimension|periodicity_1d,avg_within_cluster_dispersion|corner_junction_density|glcm_haralick|radial_uniformity,4,0.03776842885196985,1
c4vh_000952_749adc76,y_only,piecewise_polylines_corners,2,0,axial_symmetry|morphological_band_count|ribbon_thickness,cluster_size_balance_entropy|gridness_fft_acf|min_centroid_distance,3,0.07616532849241592,0
c4vh_000956_a43ee6f6,x_only,polygons_rectangles_frames,3,0,hough_line_strength|morphological_band_count,min_centroid_distance|silhouette,2,0.0132070140129798,0
c4vh_000956_a43ee6f6,xy_2d,polygons_rectangles_frames,3,0,avg_pca_isotropy|morphological_band_count,noise_aware_silhouette|silhouette,1,0.05051153806443498,0
c4vh_000956_a43ee6f6,y_only,polygons_rectangles_frames,4,0,morphological_band_count,gridness_fft_acf,1,0.028861673678636013,0
c4vh_000964_a3f0f6e6,x_only,hybrid_mixed_geometry,5,1,,,0,0.0,1
c4vh_000964_a3f0f6e6,xy_2d,hybrid_mixed_geometry,4,0,corner_sharpness,periodicity_1d,1,0.0,1
c4vh_000964_a3f0f6e6,y_only,hybrid_mixed_geometry,4,0,connected_components_count,axial_symmetry,1,0.03273372044498207,0
c4vh_000992_f63080e9,x_only,linear_bands_parallel_stripes,1,0,axial_symmetry|gridness_fft_acf|hollow_score|parabolicity,cluster_size_balance_entropy|neighborhood_purity|noise_aware_silhouette|ribbon_thickness,4,0.007602945705181906,1
c4vh_000992_f63080e9,xy_2d,linear_bands_parallel_stripes,1,0,axial_symmetry|connected_components_count|parallel_bands|s_dbw,alpha_shape_compactness|calinski_harabasz|corner_junction_density|glcm_haralick,3,0.16007075081418848,1
c4vh_000992_f63080e9,y_only,linear_bands_parallel_stripes,1,0,min_centroid_distance|min_intercluster_distance|neighborhood_purity|silhouette,connected_components_count|contour_graph_connectivity|parallel_bands|ribbon_thickness,0,0.086935889882749,1
c4vh_001041_0c94488f,x_only,radial_spiral_meander,2,0,axial_symmetry|neighborhood_purity|neighborhood_purity_multi_k,cluster_size_balance_entropy|noise_aware_silhouette|silhouette,1,0.022309589242343303,0
c4vh_001041_0c94488f,xy_2d,radial_spiral_meander,2,0,contour_graph_connectivity|convexity_solidity_image|radial_uniformity,corner_junction_density|glcm_haralick|periodicity_1d,3,0.01958215712522543,0
c4vh_001041_0c94488f,y_only,radial_spiral_meander,1,0,cluster_size_balance_entropy|convexity_ratio|glcm_haralick|parallel_bands,connectivity_components|gridness_fft_acf|neighborhood_purity_multi_k|silhouette,3,0.060473006254385286,1
c4vh_001144_58134356,x_only,hollow_topological_components,3,0,cluster_size_balance_entropy|corner_junction_density,axial_symmetry|contour_graph_connectivity,1,-0.0947618772293391,0
c4vh_001144_58134356,xy_2d,hollow_topological_components,2,0,avg_within_cluster_dispersion|cluster_size_balance_entropy|s_dbw,convexity_ratio|corner_junction_density|glcm_haralick,0,-0.08062434694866327,0
c4vh_001144_58134356,y_only,hollow_topological_components,4,0,neighborhood_purity_multi_k,connectivity_components,0,0.0025559894310402953,0
c4vh_001150_c9a7ad79,x_only,deinterleaving_pri_toa_amp_like,2,0,axial_symmetry|connected_components_count|convexity_ratio,glcm_haralick|parallel_bands|ribbon_thickness,3,0.0131231583472676,1
c4vh_001150_c9a7ad79,xy_2d,deinterleaving_pri_toa_amp_like,0,0,contour_graph_connectivity|edge_coherence|mst_smoothness|piecewise_linearity|radial_uniformity,corner_junction_density|curvature_consistency|glcm_haralick|periodicity_1d|ribbon_thickness,5,0.035264848272757304,0
c4vh_001150_c9a7ad79,y_only,deinterleaving_pri_toa_amp_like,2,0,connectivity_components|contour_graph_connectivity|noise_aware_silhouette,axial_symmetry|direction_entropy|neighborhood_purity_multi_k,2,0.030018486170905023,0
c4vh_001176_2d871502,x_only,arcs_circles_rings,4,0,neighborhood_purity,noise_aware_silhouette,0,0.0,1
c4vh_001176_2d871502,xy_2d,arcs_circles_rings,1,0,avg_within_cluster_dispersion|connected_components_count|glcm_haralick|symmetry_score,calinski_harabasz|cluster_size_balance_entropy|corner_junction_density|noise_aware_silhouette,3,0.04727603776500533,0
c4vh_001176_2d871502,y_only,arcs_circles_rings,1,0,cluster_size_balance_entropy|connected_components_count|corner_junction_density|radial_uniformity,axial_symmetry|connectivity_components|parallel_bands|ribbon_thickness,3,-0.1008200829994646,0
c4vh_001225_223d4ffe,x_only,radial_spiral_meander,3,0,min_intercluster_distance|symmetry_score,cluster_size_balance_entropy|noise_aware_silhouette,1,0.0018968983214347063,0
c4vh_001225_223d4ffe,xy_2d,radial_spiral_meander,3,0,connectivity_components|corner_junction_density,alpha_shape_compactness|convexity_solidity_image,2,0.0,1
c4vh_001225_223d4ffe,y_only,radial_spiral_meander,3,0,contour_graph_connectivity|direction_entropy,gridness_fft_acf|noise_aware_silhouette,2,0.0,1
c4vh_001225_72078e7c,x_only,texture_density_fields,2,0,neighborhood_purity_multi_k|parallel_bands|symmetry_score,cluster_size_balance_entropy|connectivity_components|noise_aware_silhouette,2,0.09089703862532467,1
c4vh_001225_72078e7c,xy_2d,texture_density_fields,3,0,avg_pca_isotropy|ellipse_fit_score,noise_aware_silhouette|radial_uniformity,1,0.0006719965655814231,0
c4vh_001225_72078e7c,y_only,texture_density_fields,3,0,morphological_band_count|ribbon_thickness,gridness_fft_acf|silhouette,2,0.0,1
c4vh_001228_1d3d7443,x_only,hybrid_mixed_geometry,0,0,axial_symmetry|connected_components_count|morphological_band_count|parallel_bands|ribbon_thickness,gridness_fft_acf|neighborhood_purity|neighborhood_purity_multi_k|noise_aware_silhouette|silhouette,5,0.1106254763521629,0
c4vh_001228_1d3d7443,xy_2d,hybrid_mixed_geometry,3,0,ellipse_fit_score|symmetry_score,calinski_harabasz|noise_aware_silhouette,2,0.0,1
c4vh_001228_1d3d7443,y_only,hybrid_mixed_geometry,4,0,morphological_band_count,silhouette,1,0.04012360689931321,0
c4vh_001230_a49f8da4,x_only,parabolic_curved_chains,1,0,axial_symmetry|contour_graph_connectivity|min_intercluster_distance|parallel_bands,cluster_size_balance_entropy|gridness_fft_acf|neighborhood_purity|noise_aware_silhouette,3,0.0187397065173371,1
c4vh_001230_a49f8da4,xy_2d,parabolic_curved_chains,2,0,connected_components_count|contour_graph_connectivity|fractal_dimension,curvature_consistency|gridness_fft_acf|ribbon_thickness,3,0.0437859210600785,0
c4vh_001230_a49f8da4,y_only,parabolic_curved_chains,3,0,connectivity_components|min_centroid_distance,neighborhood_purity_multi_k|noise_aware_silhouette,1,0.0,1
c4vh_001294_c7a16f63,x_only,ladder_grid_lattice,2,0,cluster_size_balance_entropy|parallel_bands|ribbon_thickness,gridness_fft_acf|noise_aware_silhouette|silhouette,2,-0.0075517624956471935,0
c4vh_001294_c7a16f63,xy_2d,ladder_grid_lattice,3,0,connected_components_count|corner_sharpness,avg_pca_isotropy|noise_aware_silhouette,2,0.02642539445441039,0
c4vh_001294_c7a16f63,y_only,ladder_grid_lattice,3,0,direction_entropy|noise_aware_silhouette,neighborhood_purity|neighborhood_purity_multi_k,1,0.0,1
c4vh_001355_66006b00,x_only,piecewise_polylines_corners,3,0,min_intercluster_distance|neighborhood_purity,min_centroid_distance|noise_aware_silhouette,0,0.0,1
c4vh_001355_66006b00,xy_2d,piecewise_polylines_corners,1,0,alpha_shape_compactness|convexity_solidity_image|corner_junction_density|glcm_haralick,gridness_fft_acf|min_centroid_distance|noise_aware_silhouette|radial_uniformity,4,0.0,1
c4vh_001355_66006b00,y_only,piecewise_polylines_corners,5,1,,,0,0.0,1
c4vh_001358_916521d0,x_only,hollow_topological_components,2,0,axial_symmetry|connectivity_components|noise_aware_silhouette,gridness_fft_acf|min_centroid_distance|silhouette,2,0.018272935851142803,0
c4vh_001358_916521d0,xy_2d,hollow_topological_components,2,0,cluster_size_balance_entropy|corner_sharpness|ladderness,avg_pca_isotropy|calinski_harabasz|rectangularity,2,0.0001897830356331065,0
c4vh_001358_916521d0,y_only,hollow_topological_components,3,0,alpha_shape_compactness|direction_entropy,avg_pca_isotropy|neighborhood_purity_multi_k,2,0.0,1
c4vh_001415_0ce2fb50,x_only,deinterleaving_pri_toa_amp_like,2,0,connected_components_count|neighborhood_purity_multi_k|parallel_bands,convexity_ratio|gridness_fft_acf|noise_aware_silhouette,2,0.0,1
c4vh_001415_0ce2fb50,xy_2d,deinterleaving_pri_toa_amp_like,3,0,circularity_compactness|ridge_strength,fractal_dimension|periodicity_1d,2,0.0,1
c4vh_001415_0ce2fb50,y_only,deinterleaving_pri_toa_amp_like,3,0,connected_components_count|noise_aware_silhouette,neighborhood_purity|neighborhood_purity_multi_k,1,0.0,1
c4vh_001434_67c5bf8f,x_only,arcs_circles_rings,3,0,connected_components_count|symmetry_score,cluster_size_balance_entropy|parallel_bands,2,0.08804243705328757,0
c4vh_001434_67c5bf8f,xy_2d,arcs_circles_rings,3,0,cluster_size_balance_entropy|convexity_ratio,alpha_shape_compactness|periodicity_1d,1,0.0,1
c4vh_001434_67c5bf8f,y_only,arcs_circles_rings,3,0,contour_graph_connectivity|silhouette,davies_bouldin|gridness_fft_acf,1,0.0,1
c4vh_001448_40ae886f,x_only,linear_bands_parallel_stripes,4,0,silhouette,neighborhood_purity_multi_k,0,0.0020444693891906035,0
c4vh_001448_40ae886f,xy_2d,linear_bands_parallel_stripes,1,0,alpha_shape_compactness|axial_symmetry|convexity_ratio|mst_smoothness,avg_within_cluster_dispersion|corner_junction_density|glcm_haralick|periodicity_1d,4,0.30022430947521905,0
c4vh_001448_40ae886f,y_only,linear_bands_parallel_stripes,1,0,morphological_band_count|parabolicity|parallel_bands|piecewise_linearity,cluster_size_balance_entropy|neighborhood_purity|neighborhood_purity_multi_k|noise_aware_silhouette,4,0.03270717812059619,0
c4vh_001487_1e6ad2f9,x_only,hybrid_mixed_geometry,2,0,cluster_size_balance_entropy|connectivity_components|neighborhood_purity_multi_k,axial_symmetry|contour_graph_connectivity|parallel_bands,1,-0.015320214669908128,1
c4vh_001487_1e6ad2f9,xy_2d,hybrid_mixed_geometry,4,0,avg_within_cluster_dispersion,radial_uniformity,0,0.0,1
c4vh_001487_1e6ad2f9,y_only,hybrid_mixed_geometry,4,0,axial_symmetry,neighborhood_purity_multi_k,1,-0.01414973060627328,0
c4vh_001677_fab18ae5,x_only,deinterleaving_pri_toa_amp_like,1,0,axial_symmetry|connected_components_count|convexity_ratio|symmetry_score,connectivity_components|gridness_fft_acf|neighborhood_purity|noise_aware_silhouette,4,0.015355058209419396,1
c4vh_001677_fab18ae5,xy_2d,deinterleaving_pri_toa_amp_like,3,0,circularity_compactness|contour_graph_connectivity,alpha_shape_compactness|fractal_dimension,2,0.01522617267239701,0
c4vh_001677_fab18ae5,y_only,deinterleaving_pri_toa_amp_like,3,0,morphological_band_count|symmetry_score,gridness_fft_acf|noise_aware_silhouette,2,-0.013771913129948687,1
c4vh_001776_2b67c48d,x_only,hybrid_mixed_geometry,3,0,connectivity_components|morphological_band_count,gridness_fft_acf|neighborhood_purity_multi_k,2,0.01136416672139906,0
c4vh_001776_2b67c48d,xy_2d,hybrid_mixed_geometry,3,0,glcm_haralick|hollow_score,corner_junction_density|periodicity_1d,2,0.0,1
c4vh_001776_2b67c48d,y_only,hybrid_mixed_geometry,2,0,avg_pca_isotropy|axial_symmetry|connected_components_count,min_centroid_distance|neighborhood_purity|silhouette,2,0.0,1
c5e_000146_e834f404,x_only,texture_density_fields,3,0,alpha_shape_compactness|radial_uniformity,axial_symmetry|contour_graph_connectivity,2,0.0,1
c5e_000146_e834f404,xy_2d,texture_density_fields,3,0,connectivity_components|periodicity_1d,connected_components_count|convexity_ratio,2,0.3975352441755082,0
c5e_000146_e834f404,y_only,texture_density_fields,1,0,alpha_shape_compactness|axial_symmetry|cluster_size_balance_entropy|morphological_band_count,connected_components_count|convexity_ratio|noise_aware_silhouette|ribbon_thickness,3,0.07671026753399218,0
c5e_000153_3c8ab439,x_only,piecewise_polylines_corners,3,0,gridness_fft_acf|ridge_strength,connected_components_count|noise_aware_silhouette,2,0.0,1
c5e_000153_3c8ab439,xy_2d,piecewise_polylines_corners,2,0,contour_graph_connectivity|gridness_fft_acf|parallel_bands,davies_bouldin|noise_aware_silhouette|silhouette,3,0.0,1
c5e_000153_3c8ab439,y_only,piecewise_polylines_corners,3,0,calinski_harabasz|gridness_fft_acf,noise_aware_silhouette|silhouette,1,0.0,1
c5e_000154_740c30c6,x_only,hollow_topological_components,3,0,hough_line_strength|neighborhood_purity,connected_components_count|gridness_fft_acf,1,0.0,1
c5e_000154_740c30c6,xy_2d,hollow_topological_components,2,0,lbp_stationarity|skeleton_connectivity|thickness_uniformity,arc_circle_fit|calinski_harabasz|corner_junction_density,3,0.0,1
c5e_000154_740c30c6,y_only,hollow_topological_components,4,0,contour_graph_connectivity,axial_symmetry,1,0.0,1
c5e_000159_2a1e070a,x_only,ladder_grid_lattice,3,0,gridness_fft_acf|parabolicity,contour_graph_connectivity|ribbon_thickness,2,0.1021514255202724,1
c5e_000159_2a1e070a,xy_2d,ladder_grid_lattice,4,0,glcm_haralick,parabolicity,1,0.06670194650131994,0
c5e_000159_2a1e070a,y_only,ladder_grid_lattice,1,0,min_centroid_distance|morphological_band_count|neighborhood_purity_multi_k|silhouette,corner_junction_density|glcm_haralick|noise_aware_silhouette|ribbon_thickness,1,0.030712262569417503,0
c5e_000185_d0df0203,x_only,linear_bands_parallel_stripes,0,0,circularity_compactness|gridness_2d|hough_circle_arc_strength|mst_smoothness|piecewise_linearity,cluster_size_imbalance_entropy|edge_coherence|ellipse_fit_score|orientation_histogram_entropy|turning_points_count,5,0.0,1
c5e_000185_d0df0203,xy_2d,linear_bands_parallel_stripes,3,0,ridge_strength|s_dbw,connected_components_count|skeleton_connectivity,1,0.05640924086732531,0
c5e_000185_d0df0203,y_only,linear_bands_parallel_stripes,1,0,connectivity_components|contour_graph_connectivity|convexity_ratio|ladderness,cluster_size_balance_entropy|min_centroid_distance|neighborhood_purity_multi_k|silhouette,4,0.06598236479776817,0
c5e_000276_ae803f18,x_only,standard_clustering_blobs,0,0,arc_circle_fit|cluster_size_balance_entropy|connected_components_count|mst_smoothness|parallel_bands,gridness_fft_acf|neighborhood_purity|neighborhood_purity_multi_k|noise_aware_silhouette|silhouette,4,0.1723780039772126,0
c5e_000276_ae803f18,xy_2d,standard_clustering_blobs,2,0,edge_coherence|ladderness|orientation_histogram_entropy,avg_pca_isotropy|connected_components_count|connectivity_components,3,0.08604766203373215,0
c5e_000276_ae803f18,y_only,standard_clustering_blobs,2,0,calinski_harabasz|circularity_compactness|corner_sharpness,connected_components_count|contour_graph_connectivity|convexity_ratio,2,0.0,1
c5e_000325_78bf73fb,x_only,texture_density_fields,0,0,alpha_shape_compactness|contour_graph_connectivity|eccentricity_ratio|gridness_fft_acf|ribbon_thickness,axial_symmetry|connected_components_count|convexity_ratio|glcm_haralick|hough_circle_arc_strength,5,0.039446952861470486,0
c5e_000325_78bf73fb,xy_2d,texture_density_fields,1,0,davies_bouldin|dbcv|polygonality|silhouette,axial_symmetry|calinski_harabasz|connectivity_components|gridness_fft_acf,1,0.07953024810844977,0
c5e_000325_78bf73fb,y_only,texture_density_fields,0,0,avg_within_cluster_dispersion|connectivity_components|contour_graph_connectivity|radial_uniformity|silhouette,axial_symmetry|convexity_ratio|glcm_haralick|gridness_fft_acf|ribbon_thickness,3,0.1135356568325917,0
c5e_000352_8ebd38ec,x_only,piecewise_polylines_corners,1,0,corner_junction_density|glcm_haralick|gridness_fft_acf|parallel_bands,connectivity_components|contour_graph_connectivity|convexity_ratio|ribbon_thickness,4,0.12161782955651573,0
c5e_000352_8ebd38ec,xy_2d,piecewise_polylines_corners,3,0,hough_circle_arc_strength|skeleton_connectivity,gridness_fft_acf|ribbon_thickness,2,0.0,1
c5e_000352_8ebd38ec,y_only,piecewise_polylines_corners,1,0,cluster_size_balance_entropy|gridness_fft_acf|mst_smoothness|parallel_bands,connected_components_count|contour_graph_connectivity|silhouette|thickness_uniformity,3,0.07223445025037561,0
c5e_000357_dda91dc8,x_only,hollow_topological_components,2,0,axial_symmetry|cluster_size_balance_entropy|direction_entropy,gridness_fft_acf|neighborhood_purity|neighborhood_purity_multi_k,2,0.020712582260836332,1
c5e_000357_dda91dc8,xy_2d,hollow_topological_components,1,0,avg_pca_isotropy|circularity_compactness|hollow_score|hough_circle_arc_strength,calinski_harabasz|connected_components_count|convexity_ratio|skeleton_connectivity,3,0.10523571549304156,0
c5e_000357_dda91dc8,y_only,hollow_topological_components,4,0,axial_symmetry,gridness_fft_acf,1,-0.0025876809043349214,0
c5e_000364_32ffcc52,x_only,arcs_circles_rings,2,0,corner_junction_density|parallel_bands|ridge_strength,convexity_ratio|noise_aware_silhouette|silhouette,3,0.19215931538696907,0
c5e_000364_32ffcc52,xy_2d,arcs_circles_rings,3,0,contour_graph_connectivity|hollow_score,avg_pca_isotropy|convexity_ratio,2,-0.001971745572979633,0
c5e_000364_32ffcc52,y_only,arcs_circles_rings,0,0,connected_components_count|contour_graph_connectivity|mst_smoothness|parallel_bands|radial_uniformity,axial_symmetry|neighborhood_purity|neighborhood_purity_multi_k|noise_aware_silhouette|silhouette,5,0.16772685650076824,0
c5e_000423_e3ae0f59,x_only,standard_clustering_blobs,3,0,axial_symmetry|noise_aware_silhouette,connectivity_components|contour_graph_connectivity,1,0.0,1
c5e_000423_e3ae0f59,xy_2d,standard_clustering_blobs,2,0,contour_graph_connectivity|fractal_dimension|rectangularity,calinski_harabasz|cluster_size_balance_entropy|radial_uniformity,3,-0.0205054478275567,0
c5e_000423_e3ae0f59,y_only,standard_clustering_blobs,4,0,connectivity_components,neighborhood_purity_multi_k,1,0.0,1
c5e_000452_ff9ce8f4,x_only,polygons_rectangles_frames,3,0,hough_circle_arc_strength|noise_aware_silhouette,arc_circle_fit|hollow_score,1,0.0,1
c5e_000452_ff9ce8f4,xy_2d,polygons_rectangles_frames,0,0,avg_pca_isotropy|calinski_harabasz|connected_components_count|connectivity_components|lbp_stationarity,arc_circle_fit|contour_graph_connectivity|hollow_score|hough_circle_arc_strength|skeleton_connectivity,3,0.0,1
c5e_000452_ff9ce8f4,y_only,polygons_rectangles_frames,1,0,avg_pca_isotropy|connected_components_count|connectivity_components|contour_graph_connectivity,min_centroid_distance|neighborhood_purity|neighborhood_purity_multi_k|silhouette,3,0.16363053672374234,1
c5e_000505_9b961e5f,x_only,texture_density_fields,1,0,alpha_shape_compactness|arc_circle_fit|avg_pca_isotropy|ladderness,axial_symmetry|neighborhood_purity_multi_k|noise_aware_silhouette|silhouette,3,0.0,1
c5e_000505_9b961e5f,xy_2d,texture_density_fields,3,0,contour_graph_connectivity|fractal_dimension,avg_pca_isotropy|skeleton_connectivity,2,-0.08299742497154383,1
c5e_000505_9b961e5f,y_only,texture_density_fields,1,0,cluster_size_balance_entropy|convexity_solidity_image|parallel_bands|rectangularity,axial_symmetry|connected_components_count|contour_graph_connectivity|convexity_ratio,3,0.0708890399568824,1
c5e_000548_44fb67b6,x_only,piecewise_polylines_corners,4,0,connected_components_count,silhouette,1,0.04364133326795189,0
c5e_000548_44fb67b6,xy_2d,piecewise_polylines_corners,2,0,cluster_size_balance_entropy|noise_aware_silhouette|periodicity_1d,connected_components_count|convexity_ratio|glcm_haralick,1,0.00044322317426714886,0
c5e_000548_44fb67b6,y_only,piecewise_polylines_corners,4,0,parabolicity,convexity_ratio,1,0.1431594342643978,0
c5e_000557_b5cd4a37,x_only,hollow_topological_components,2,0,connectivity_components|corner_junction_density|lbp_stationarity,contour_graph_connectivity|ribbon_thickness|silhouette,3,0.02227883908412237,0
c5e_000557_b5cd4a37,xy_2d,hollow_topological_components,1,0,avg_within_cluster_dispersion|contour_graph_connectivity|glcm_haralick|periodicity_1d,calinski_harabasz|connected_components_count|noise_aware_silhouette|parallel_bands,3,0.07508000843806129,0
c5e_000557_b5cd4a37,y_only,hollow_topological_components,2,0,connected_components_count|direction_entropy|gridness_fft_acf,min_centroid_distance|neighborhood_purity|noise_aware_silhouette,3,0.0,1
c5e_000561_5a5edb39,x_only,arcs_circles_rings,3,0,corner_junction_density|noise_aware_silhouette,connectivity_components|ribbon_thickness,1,0.16843283601597514,0
c5e_000561_5a5edb39,xy_2d,arcs_circles_rings,3,0,s_dbw|thickness_uniformity,noise_aware_silhouette|silhouette,1,0.0,1
c5e_000561_5a5edb39,y_only,arcs_circles_rings,4,0,alpha_shape_compactness,noise_aware_silhouette,1,0.0,1
c5e_000698_9594ca60,x_only,parabolic_curved_chains,4,0,cluster_size_balance_entropy,min_centroid_distance,0,0.0,1
c5e_000698_9594ca60,xy_2d,parabolic_curved_chains,2,0,avg_within_cluster_dispersion|parallel_bands|piecewise_linearity,calinski_harabasz|connected_components_count|parabolicity,2,0.06395059953988891,0
c5e_000698_9594ca60,y_only,parabolic_curved_chains,4,0,calinski_harabasz,parallel_bands,0,0.0,1
c5e_000717_33dbe38c,x_only,hybrid_mixed_geometry,2,0,alpha_shape_compactness|contour_graph_connectivity|ridge_strength,axial_symmetry|connected_components_count|parallel_bands,3,0.0,1
c5e_000717_33dbe38c,xy_2d,hybrid_mixed_geometry,2,0,fractal_dimension|hough_circle_arc_strength|ridge_strength,corner_junction_density|glcm_haralick|skeleton_connectivity,3,0.0,1
c5e_000717_33dbe38c,y_only,hybrid_mixed_geometry,1,0,axial_symmetry|connectivity_components|convexity_ratio|ribbon_thickness,connected_components_count|davies_bouldin|noise_aware_silhouette|parallel_bands,4,0.0527703552763763,0
c5e_000730_fcf66b6c,x_only,ladder_grid_lattice,2,0,contour_graph_connectivity|gridness_fft_acf|min_intercluster_distance,min_centroid_distance|neighborhood_purity_multi_k|silhouette,2,-0.0031375225159784026,0
c5e_000730_fcf66b6c,xy_2d,ladder_grid_lattice,3,0,avg_pca_isotropy|mst_smoothness,cluster_size_balance_entropy|convexity_ratio,1,0.05699968418990739,0
c5e_000730_fcf66b6c,y_only,ladder_grid_lattice,4,0,direction_entropy,connectivity_components,1,0.021543242376839702,0
c5e_000758_2e45f439,x_only,hollow_topological_components,1,0,contour_graph_connectivity|corner_junction_density|parallel_bands|ribbon_thickness,neighborhood_purity|neighborhood_purity_multi_k|noise_aware_silhouette|silhouette,4,0.032992712716851336,0
c5e_000758_2e45f439,xy_2d,hollow_topological_components,1,0,gridness_2d|hough_circle_arc_strength|periodicity_1d|skeleton_connectivity,calinski_harabasz|connected_components_count|convexity_ratio|radial_uniformity,4,-0.01035716049699309,0
c5e_000758_2e45f439,y_only,hollow_topological_components,2,0,axial_symmetry|radial_uniformity|symmetry_score,alpha_shape_compactness|connected_components_count|contour_graph_connectivity,3,0.07935282098694219,0
c5e_000767_daf1e601,x_only,arcs_circles_rings,2,0,connected_components_count|connectivity_components|morphological_band_count,gridness_fft_acf|neighborhood_purity|silhouette,3,0.054946975300022405,0
c5e_000767_daf1e601,xy_2d,arcs_circles_rings,3,0,polygonality|thickness_uniformity,avg_pca_isotropy|corner_junction_density,2,0.0,1
c5e_000767_daf1e601,y_only,arcs_circles_rings,2,0,cluster_size_balance_entropy|connected_components_count|corner_junction_density,contour_graph_connectivity|convexity_ratio|silhouette,2,0.0,1
c5e_000797_075c613f,x_only,linear_bands_parallel_stripes,2,0,gridness_2d|hough_circle_arc_strength|thickness_uniformity,curvature_consistency|orientation_histogram_entropy|parabolicity,3,0.0002974487767257723,0
c5e_000797_075c613f,xy_2d,linear_bands_parallel_stripes,2,0,hough_circle_arc_strength|periodicity_1d|ridge_strength,alpha_shape_compactness|calinski_harabasz|corner_junction_density,3,0.0,1
c5e_000797_075c613f,y_only,linear_bands_parallel_stripes,2,0,bimodality_anti_thickness|ladderness|ribbon_thickness,cluster_size_balance_entropy|gridness_fft_acf|neighborhood_purity,3,0.012741856630803378,1
c5e_000871_7e21f402,x_only,radial_spiral_meander,3,0,convexity_ratio|convexity_solidity_image,alpha_shape_compactness|silhouette,2,0.08317703885296135,0
c5e_000871_7e21f402,xy_2d,radial_spiral_meander,3,0,convexity_solidity_image|rectangularity,calinski_harabasz|circularity_compactness,2,0.0,1
c5e_000871_7e21f402,y_only,radial_spiral_meander,3,0,silhouette|symmetry_score,connected_components_count|gridness_fft_acf,1,0.0,1
c5e_000875_55c9d25f,x_only,standard_clustering_blobs,1,0,connectivity_components|hough_line_strength|parallel_bands|ribbon_thickness,gridness_fft_acf|min_centroid_distance|neighborhood_purity_multi_k|silhouette,4,0.04009655082331498,1
c5e_000875_55c9d25f,xy_2d,standard_clustering_blobs,2,0,alpha_shape_compactness|convexity_solidity_image|rectangularity,corner_junction_density|fractal_dimension|glcm_haralick,3,0.11658143587092795,1
c5e_000875_55c9d25f,y_only,standard_clustering_blobs,3,0,convexity_ratio|symmetry_score,gridness_fft_acf|ribbon_thickness,2,0.0,1
c5e_000880_90ad110c,x_only,parabolic_curved_chains,3,0,neighborhood_purity_multi_k|silhouette,parabolicity|parallel_bands,0,0.0034564738139367945,1
c5e_000880_90ad110c,xy_2d,parabolic_curved_chains,3,0,connected_components_count|silhouette,dbcv|noise_aware_silhouette,1,0.0,1
c5e_000880_90ad110c,y_only,parabolic_curved_chains,2,0,cluster_size_balance_entropy|parabolicity|silhouette,min_intercluster_distance|noise_aware_silhouette|turning_points_count,1,0.03852060422729481,0
c5e_000921_8738943e,x_only,deinterleaving_pri_toa_amp_like,0,0,blobness_log_dog|cluster_size_balance_entropy|min_centroid_distance|peak_to_background_hough|silhouette,circularity_compactness|eccentricity_ratio|ellipse_fit_score|radial_uniformity|s_dbw,2,0.0006663320671744,0
c5e_000921_8738943e,xy_2d,deinterleaving_pri_toa_amp_like,1,0,corner_junction_density|fractal_dimension|glcm_haralick|ridge_strength,connected_components_count|connectivity_components|skeleton_connectivity|thickness_uniformity,4,0.0,1
c5e_000921_8738943e,y_only,deinterleaving_pri_toa_amp_like,4,0,calinski_harabasz,cluster_size_balance_entropy,0,0.0,1
c5e_000922_a9b8439e,x_only,ladder_grid_lattice,2,0,axial_symmetry|connectivity_components|min_intercluster_distance,min_centroid_distance|neighborhood_purity|silhouette,2,0.0,1
c5e_000922_a9b8439e,xy_2d,ladder_grid_lattice,4,0,hollow_score,convexity_ratio,1,0.0,1
c5e_000922_a9b8439e,y_only,ladder_grid_lattice,2,0,connectivity_components|gridness_fft_acf|noise_aware_silhouette,min_centroid_distance|neighborhood_purity|neighborhood_purity_multi_k,2,0.0,1
c5e_000955_83f731b2,x_only,hollow_topological_components,3,0,avg_pca_isotropy|corner_junction_density,axial_symmetry|noise_aware_silhouette,1,0.0,1
c5e_000955_83f731b2,xy_2d,hollow_topological_components,3,0,alpha_shape_compactness|convexity_solidity_image,calinski_harabasz|cluster_size_balance_entropy,2,-0.13240346493084842,1
c5e_000955_83f731b2,y_only,hollow_topological_components,2,0,axial_symmetry|cluster_size_balance_entropy|contour_graph_connectivity,gridness_fft_acf|min_centroid_distance|neighborhood_purity,2,0.040051825270885494,0
c5e_000962_8095cd2b,x_only,arcs_circles_rings,2,0,connected_components_count|corner_junction_density|ridge_strength,convexity_ratio|neighborhood_purity_multi_k|silhouette,3,0.005591316181685513,0
c5e_000962_8095cd2b,xy_2d,arcs_circles_rings,2,0,hollow_score|lbp_stationarity|periodicity_1d,cluster_size_balance_entropy|corner_junction_density|skeleton_connectivity,3,0.0,1
c5e_000962_8095cd2b,y_only,arcs_circles_rings,0,0,calinski_harabasz|corner_junction_density|ladderness|piecewise_linearity|ridge_strength,axial_symmetry|connected_components_count|connectivity_components|contour_graph_connectivity|convexity_ratio,4,-0.15507230546462702,0
c5e_001003_838835dc,x_only,linear_bands_parallel_stripes,0,0,alpha_shape_compactness|axial_symmetry|convexity_ratio|hollow_score|parallel_bands,gridness_fft_acf|min_centroid_distance|neighborhood_purity|neighborhood_purity_multi_k|silhouette,5,0.0030233501422020984,0
c5e_001003_838835dc,xy_2d,linear_bands_parallel_stripes,3,0,connected_components_count|edge_coherence,curvature_consistency|radial_uniformity,2,0.0,1
c5e_001003_838835dc,y_only,linear_bands_parallel_stripes,1,0,alpha_shape_compactness|convexity_ratio|morphological_band_count|ribbon_thickness,gridness_fft_acf|neighborhood_purity|neighborhood_purity_multi_k|silhouette,4,0.1128220677208785,0
c5e_001049_80cd7602,x_only,radial_spiral_meander,2,0,morphological_band_count|radial_uniformity|silhouette,convexity_ratio|glcm_haralick|ribbon_thickness,2,0.14418109024891046,0
c5e_001049_80cd7602,xy_2d,radial_spiral_meander,0,0,curvature_consistency|fractal_dimension|orientation_histogram_entropy|periodicity_1d|piecewise_linearity,calinski_harabasz|connected_components_count|connectivity_components|contour_graph_connectivity|s_dbw,5,0.07948396709074146,1
c5e_001049_80cd7602,y_only,radial_spiral_meander,2,0,cluster_size_balance_entropy|corner_junction_density|radial_uniformity,connected_components_count|glcm_haralick|noise_aware_silhouette,2,0.03328198168002239,1
c5e_001051_54abcc33,x_only,texture_density_fields,0,0,corner_junction_density|hollow_score|morphological_band_count|parallel_bands|ribbon_thickness,gridness_fft_acf|neighborhood_purity|neighborhood_purity_multi_k|noise_aware_silhouette|silhouette,5,0.029633572525901264,0
c5e_001051_54abcc33,xy_2d,texture_density_fields,1,0,alpha_shape_compactness|periodicity_1d|s_dbw|skeleton_connectivity,calinski_harabasz|connected_components_count|convexity_ratio|corner_junction_density,3,0.0,1
c5e_001051_54abcc33,y_only,texture_density_fields,0,0,connected_components_count|contour_graph_connectivity|convexity_ratio|parallel_bands|ribbon_thickness,gridness_fft_acf|min_centroid_distance|neighborhood_purity|neighborhood_purity_multi_k|silhouette,5,0.08278672708173002,0
c5e_001055_3fc58899,x_only,parabolic_curved_chains,1,0,connected_components_count|corner_junction_density|glcm_haralick|radial_uniformity,cluster_size_balance_entropy|neighborhood_purity|neighborhood_purity_multi_k|parallel_bands,4,0.0,1
c5e_001055_3fc58899,xy_2d,parabolic_curved_chains,4,0,periodicity_1d,calinski_harabasz,1,0.0,1
c5e_001055_3fc58899,y_only,parabolic_curved_chains,4,0,gridness_fft_acf,noise_aware_silhouette,1,0.0,1
c5e_001136_7f9e3859,x_only,polygons_rectangles_frames,2,0,axial_symmetry|cluster_size_balance_entropy|connected_components_count,gridness_fft_acf|neighborhood_purity|noise_aware_silhouette,2,-0.0003841495747787804,0
c5e_001136_7f9e3859,xy_2d,polygons_rectangles_frames,0,0,avg_within_cluster_dispersion|corner_sharpness|glcm_haralick|lbp_stationarity|periodicity_1d,calinski_harabasz|cluster_size_balance_entropy|connected_components_count|noise_aware_silhouette|silhouette,4,0.13514637718125833,0
c5e_001136_7f9e3859,y_only,polygons_rectangles_frames,1,0,gridness_2d|lbp_stationarity|parallel_bands|periodicity_1d,axial_symmetry|connected_components_count|contour_graph_connectivity|convexity_ratio,4,-0.027135147217137223,0
c5e_001157_ec802010,x_only,hollow_topological_components,1,0,convexity_ratio|glcm_haralick|min_intercluster_distance|ribbon_thickness,axial_symmetry|contour_graph_connectivity|neighborhood_purity_multi_k|silhouette,3,0.026117043632787884,0
c5e_001157_ec802010,xy_2d,hollow_topological_components,1,0,lbp_stationarity|mst_smoothness|parallel_bands|skeleton_connectivity,arc_circle_fit|avg_pca_isotropy|corner_junction_density|hollow_score,4,0.0,1
c5e_001157_ec802010,y_only,hollow_topological_components,4,0,cluster_size_balance_entropy,convexity_ratio,0,-0.00017063208851358924,0
c5e_001182_c215eb0d,x_only,arcs_circles_rings,2,0,arc_circle_fit|axial_symmetry|hollow_score,connected_components_count|contour_graph_connectivity|ribbon_thickness,3,0.09161251468142773,0
c5e_001182_c215eb0d,xy_2d,arcs_circles_rings,2,0,curvature_consistency|ridge_strength|s_dbw,connectivity_components|contour_graph_connectivity|noise_aware_silhouette,2,0.0,1
c5e_001182_c215eb0d,y_only,arcs_circles_rings,3,0,cluster_size_balance_entropy|glcm_haralick,connectivity_components|noise_aware_silhouette,1,0.31155109794048086,0
c5e_001233_7daef8be,x_only,radial_spiral_meander,4,0,cluster_size_balance_entropy,gridness_fft_acf,0,0.0,1
c5e_001233_7daef8be,xy_2d,radial_spiral_meander,4,0,line_straightness,connected_components_count,1,0.0,1
c5e_001233_7daef8be,y_only,radial_spiral_meander,0,0,connected_components_count|ladderness|parallel_bands|radial_uniformity|turning_points_count,gridness_fft_acf|min_centroid_distance|neighborhood_purity|neighborhood_purity_multi_k|silhouette,5,0.13306510202399202,0
c5e_001237_1a137c6e,x_only,linear_bands_parallel_stripes,1,0,avg_pca_isotropy|direction_entropy|edge_coherence|ladderness,bimodality_anti_thickness|cluster_size_imbalance_entropy|ellipse_fit_score|hough_line_strength,3,0.00015170384275927133,0
c5e_001237_1a137c6e,xy_2d,linear_bands_parallel_stripes,1,0,contour_graph_connectivity|corner_junction_density|glcm_haralick|periodicity_1d,curvature_consistency|eccentricity_ratio|line_straightness|ribbon_thickness,4,0.0,1
c5e_001237_1a137c6e,y_only,linear_bands_parallel_stripes,4,0,gridness_fft_acf,neighborhood_purity_multi_k,1,0.0343700914941705,0
c5e_001238_99fa0c23,x_only,hybrid_mixed_geometry,4,0,glcm_haralick,parallel_bands,1,0.0,1
c5e_001238_99fa0c23,xy_2d,hybrid_mixed_geometry,3,0,cluster_size_balance_entropy|corner_junction_density,connected_components_count|gridness_fft_acf,1,0.0,1
c5e_001238_99fa0c23,y_only,hybrid_mixed_geometry,2,0,convexity_ratio|parallel_bands|ribbon_thickness,min_intercluster_distance|neighborhood_purity|noise_aware_silhouette,3,0.0410244559890722,0
c5e_001299_d0be97b9,x_only,ladder_grid_lattice,0,0,connected_components_count|radial_uniformity|ribbon_thickness|ridge_strength|skeleton_connectivity,cluster_size_balance_entropy|min_centroid_distance|neighborhood_purity|neighborhood_purity_multi_k|silhouette,5,0.0159067999715993,0
c5e_001299_d0be97b9,xy_2d,ladder_grid_lattice,3,0,euler_holes_count|parallel_bands,convexity_ratio|silhouette,2,0.1516325186103226,0
c5e_001299_d0be97b9,y_only,ladder_grid_lattice,4,0,connectivity_components,min_centroid_distance,1,0.0,1
c5e_001359_db726976,x_only,hollow_topological_components,1,0,calinski_harabasz|parallel_bands|ribbon_thickness|skeleton_connectivity,connected_components_count|connectivity_components|contour_graph_connectivity|convexity_ratio,3,0.27520578109232563,0
c5e_001359_db726976,xy_2d,hollow_topological_components,3,0,convexity_ratio|dbcv,noise_aware_silhouette|silhouette,1,0.0,1
c5e_001359_db726976,y_only,hollow_topological_components,2,0,arc_circle_fit|avg_pca_isotropy|parallel_bands,axial_symmetry|connected_components_count|contour_graph_connectivity,2,-0.03186422329774041,1
c5e_001366_b8d3c27d,x_only,piecewise_polylines_corners,2,0,axial_symmetry|direction_entropy|silhouette,connected_components_count|convexity_ratio|ribbon_thickness,2,0.08989514400388987,0
c5e_001366_b8d3c27d,xy_2d,piecewise_polylines_corners,3,0,convexity_ratio|radial_uniformity,contour_graph_connectivity|noise_aware_silhouette,2,0.06843491560267412,0
c5e_001366_b8d3c27d,y_only,piecewise_polylines_corners,4,0,axial_symmetry,noise_aware_silhouette,1,0.0,1
c5e_001424_42e9ae16,x_only,deinterleaving_pri_toa_amp_like,3,0,connected_components_count|piecewise_linearity,corner_junction_density|gridness_fft_acf,2,-0.0171599265438825,0
c5e_001424_42e9ae16,xy_2d,deinterleaving_pri_toa_amp_like,2,0,connected_components_count|davies_bouldin|skeleton_connectivity,curvature_consistency|gridness_fft_acf|ribbon_thickness,2,-0.0269959772952936,0
c5e_001424_42e9ae16,y_only,deinterleaving_pri_toa_amp_like,1,0,connectivity_components|orientation_histogram_entropy|parallel_bands|ribbon_thickness,min_centroid_distance|neighborhood_purity_multi_k|noise_aware_silhouette|silhouette,4,0.057307067650229304,0
c5e_001461_0d06f850,x_only,linear_bands_parallel_stripes,0,0,connectivity_components|contour_graph_connectivity|convexity_ratio|hough_circle_arc_strength|parallel_bands,cluster_size_balance_entropy|neighborhood_purity|neighborhood_purity_multi_k|noise_aware_silhouette|silhouette,5,0.014333027740671196,0
c5e_001461_0d06f850,xy_2d,linear_bands_parallel_stripes,3,0,polygonality|radial_uniformity,convexity_ratio|eccentricity_ratio,2,0.0,1
c5e_001461_0d06f850,y_only,linear_bands_parallel_stripes,2,0,glcm_haralick|piecewise_linearity|turning_points_count,cluster_size_balance_entropy|connected_components_count|noise_aware_silhouette,3,0.035796260991148604,1
c5e_001500_37c9f093,x_only,hybrid_mixed_geometry,2,0,convexity_ratio|glcm_haralick|ribbon_thickness,axial_symmetry|connected_components_count|silhouette,3,0.0,1
c5e_001500_37c9f093,xy_2d,hybrid_mixed_geometry,1,0,contour_graph_connectivity|corner_sharpness|mst_smoothness|polygonality,calinski_harabasz|connected_components_count|corner_junction_density|glcm_haralick,4,0.11751761592807575,0
c5e_001500_37c9f093,y_only,hybrid_mixed_geometry,2,0,avg_within_cluster_dispersion|cluster_size_balance_entropy|s_dbw,axial_symmetry|connected_components_count|convexity_ratio,0,0.0,1
c5e_001666_c103183c,x_only,arcs_circles_rings,1,0,alpha_shape_compactness|cluster_size_imbalance_entropy|parallel_bands|periodicity_1d,connected_components_count|fractal_dimension|glcm_haralick|skeleton_connectivity,3,0.08662292708484881,0
c5e_001666_c103183c,xy_2d,arcs_circles_rings,4,0,ribbon_thickness,line_straightness,1,0.0,1
c5e_001666_c103183c,y_only,arcs_circles_rings,1,0,alpha_shape_compactness|hough_circle_arc_strength|noise_aware_silhouette|turning_points_count,corner_junction_density|eccentricity_ratio|glcm_haralick|parallel_bands,3,0.0,1
c5e_001780_5c075668,x_only,hybrid_mixed_geometry,4,0,radial_uniformity,connected_components_count,1,0.02138456097307001,0
c5e_001780_5c075668,xy_2d,hybrid_mixed_geometry,3,0,s_dbw|thickness_uniformity,connectivity_components|skeleton_connectivity,1,0.0,1
c5e_001780_5c075668,y_only,hybrid_mixed_geometry,0,0,calinski_harabasz|connected_components_count|contour_graph_connectivity|glcm_haralick|ridge_strength,davies_bouldin|neighborhood_purity|neighborhood_purity_multi_k|noise_aware_silhouette|silhouette,4,0.1258168746553116,0
c5h_000152_9af2b043,x_only,polygons_rectangles_frames,4,0,alpha_shape_compactness,noise_aware_silhouette,1,0.07440808656291215,1
c5h_000152_9af2b043,xy_2d,polygons_rectangles_frames,2,0,edge_coherence|orientation_histogram_entropy|periodicity_1d,connected_components_count|contour_graph_connectivity|corner_junction_density,3,0.07588632661605776,0
c5h_000152_9af2b043,y_only,polygons_rectangles_frames,3,0,cluster_size_balance_entropy|morphological_band_count,min_centroid_distance|noise_aware_silhouette,1,0.08508994325838948,0
c5h_000165_af7c9398,x_only,parabolic_curved_chains,1,0,axial_symmetry|connectivity_components|min_intercluster_distance|parallel_bands,gridness_fft_acf|neighborhood_purity|neighborhood_purity_multi_k|silhouette,3,0.0002183326929134019,0
c5h_000165_af7c9398,xy_2d,parabolic_curved_chains,4,0,s_dbw,connected_components_count,0,0.0,1
c5h_000165_af7c9398,y_only,parabolic_curved_chains,3,0,connected_components_count|contour_graph_connectivity,parallel_bands|ribbon_thickness,2,0.006325327956914602,0
c5h_000171_c3171c73,x_only,texture_density_fields,2,0,connectivity_components|contour_graph_connectivity|parallel_bands,convexity_ratio|gridness_fft_acf|silhouette,3,0.10455642752600702,1
c5h_000171_c3171c73,xy_2d,texture_density_fields,2,0,cluster_size_balance_entropy|convexity_ratio|fractal_dimension,calinski_harabasz|convexity_solidity_image|corner_junction_density,2,0.014178011686779568,1
c5h_000171_c3171c73,y_only,texture_density_fields,4,0,connected_components_count,neighborhood_purity_multi_k,1,1.639549487919556e-05,0
c5h_000174_30ac9a4e,x_only,ladder_grid_lattice,2,0,axial_symmetry|connected_components_count|convexity_ratio,min_centroid_distance|neighborhood_purity_multi_k|silhouette,3,0.022905316418521893,0
c5h_000174_30ac9a4e,xy_2d,ladder_grid_lattice,2,0,cluster_size_balance_entropy|contour_graph_connectivity|noise_aware_silhouette,alpha_shape_compactness|glcm_haralick|periodicity_1d,1,0.009728835006479503,0
c5h_000174_30ac9a4e,y_only,ladder_grid_lattice,1,0,alpha_shape_compactness|min_centroid_distance|neighborhood_purity|silhouette,cluster_size_balance_entropy|noise_aware_silhouette|parallel_bands|ribbon_thickness,1,0.029145040847851092,1
c5h_000179_0a77a815,x_only,piecewise_polylines_corners,0,0,alpha_shape_compactness|axial_symmetry|convexity_ratio|ribbon_thickness|symmetry_score,gridness_fft_acf|min_centroid_distance|neighborhood_purity|neighborhood_purity_multi_k|silhouette,5,0.25831548268159377,0
c5h_000179_0a77a815,xy_2d,piecewise_polylines_corners,1,0,axial_symmetry|calinski_harabasz|periodicity_1d|s_dbw,alpha_shape_compactness|convexity_ratio|convexity_solidity_image|rectangularity,2,0.0,1
c5h_000179_0a77a815,y_only,piecewise_polylines_corners,1,0,connectivity_components|contour_graph_connectivity|parallel_bands|ribbon_thickness,direction_entropy|gridness_fft_acf|neighborhood_purity_multi_k|silhouette,4,0.047437254932541,0
c5h_000184_ac225c1b,x_only,hollow_topological_components,4,0,morphological_band_count,silhouette,1,-0.005701558824226793,0
c5h_000184_ac225c1b,xy_2d,hollow_topological_components,4,0,arc_circle_fit,glcm_haralick,1,0.0,1
c5h_000184_ac225c1b,y_only,hollow_topological_components,3,0,connectivity_components|convexity_ratio,cluster_size_balance_entropy|glcm_haralick,2,0.0062679334426968825,0
c5h_000187_3eeb8c6c,x_only,arcs_circles_rings,3,0,hollow_score|parallel_bands,convexity_ratio|silhouette,2,0.0712595641081793,1
c5h_000187_3eeb8c6c,xy_2d,arcs_circles_rings,3,0,avg_within_cluster_dispersion|ridge_strength,connected_components_count|convexity_ratio,1,0.0,1
c5h_000187_3eeb8c6c,y_only,arcs_circles_rings,3,0,min_intercluster_distance|silhouette,davies_bouldin|parallel_bands,0,0.0017389575326316464,0
c5h_000229_936de8bf,x_only,deinterleaving_pri_toa_amp_like,0,0,arc_circle_fit|avg_pca_isotropy|cluster_size_imbalance_entropy|ladderness|lbp_stationarity,contour_graph_connectivity|corner_junction_density|glcm_haralick|parallel_bands|ribbon_thickness,3,0.0026066247905695,0
c5h_000229_936de8bf,xy_2d,deinterleaving_pri_toa_amp_like,3,0,contour_graph_connectivity|s_dbw,fractal_dimension|ridge_strength,1,0.0,1
c5h_000229_936de8bf,y_only,deinterleaving_pri_toa_amp_like,4,0,symmetry_score,noise_aware_silhouette,1,0.0,1
c5h_000232_b39da4b7,x_only,hybrid_mixed_geometry,4,0,noise_aware_silhouette,connected_components_count,0,-0.014872502938391013,0
c5h_000232_b39da4b7,xy_2d,hybrid_mixed_geometry,2,0,circularity_compactness|mst_smoothness|periodicity_1d,avg_within_cluster_dispersion|connected_components_count|convexity_ratio,3,0.0,1
c5h_000232_b39da4b7,y_only,hybrid_mixed_geometry,3,0,connectivity_components|ribbon_thickness,axial_symmetry|noise_aware_silhouette,2,-0.033588716914297934,1
c5h_000346_73ccb7c7,x_only,texture_density_fields,2,0,alpha_shape_compactness|corner_junction_density|silhouette,axial_symmetry|noise_aware_silhouette|parallel_bands,2,-0.0002609803464177496,0
c5h_000346_73ccb7c7,xy_2d,texture_density_fields,2,0,connectivity_components|ridge_strength|skeleton_connectivity,calinski_harabasz|corner_junction_density|noise_aware_silhouette,3,0.0118621488438031,0
c5h_000346_73ccb7c7,y_only,texture_density_fields,2,0,convexity_ratio|fractal_dimension|ribbon_thickness,axial_symmetry|contour_graph_connectivity|parallel_bands,3,-0.06106596217139881,1
c5h_000347_988bab5b,x_only,parabolic_curved_chains,3,0,parabolicity|silhouette,cluster_size_balance_entropy|gridness_fft_acf,1,-0.009534621222066497,0
c5h_000347_988bab5b,xy_2d,parabolic_curved_chains,2,0,axial_symmetry|min_centroid_distance|morphological_band_count,calinski_harabasz|cluster_size_balance_entropy|noise_aware_silhouette,2,-0.06486710364874398,0
c5h_000347_988bab5b,y_only,parabolic_curved_chains,3,0,alpha_shape_compactness|convexity_ratio,connectivity_components|corner_junction_density,2,-0.046976055725996585,0
c5h_000363_b3422968,x_only,ladder_grid_lattice,4,0,fractal_dimension,parallel_bands,1,0.0,1
c5h_000363_b3422968,xy_2d,ladder_grid_lattice,2,0,contour_graph_connectivity|dbcv|s_dbw,avg_within_cluster_dispersion|convexity_ratio|corner_junction_density,1,0.13002404497978015,0
c5h_000363_b3422968,y_only,ladder_grid_lattice,2,0,alpha_shape_compactness|axial_symmetry|circularity_compactness,gridness_fft_acf|min_intercluster_distance|silhouette,3,0.0,1
c5h_000376_484c139b,x_only,hollow_topological_components,3,0,parallel_bands|symmetry_score,contour_graph_connectivity|silhouette,2,0.025083101438190814,1
c5h_000376_484c139b,xy_2d,hollow_topological_components,2,0,convexity_solidity_image|fractal_dimension|s_dbw,alpha_shape_compactness|convexity_ratio|glcm_haralick,2,0.01439432932177287,0
c5h_000376_484c139b,y_only,hollow_topological_components,3,0,convexity_ratio|symmetry_score,parallel_bands|silhouette,2,-1.019155300496788e-05,0
c5h_000383_cacc4c91,x_only,piecewise_polylines_corners,4,0,alpha_shape_compactness,contour_graph_connectivity,1,-0.035873437652001294,0
c5h_000383_cacc4c91,xy_2d,piecewise_polylines_corners,4,0,connected_components_count,alpha_shape_compactness,1,0.05158649738856891,1
c5h_000383_cacc4c91,y_only,piecewise_polylines_corners,2,0,alpha_shape_compactness|glcm_haralick|ribbon_thickness,contour_graph_connectivity|noise_aware_silhouette|silhouette,3,0.006675693264968974,1
c5h_000404_431817c7,x_only,linear_bands_parallel_stripes,2,0,connected_components_count|min_intercluster_distance|neighborhood_purity_multi_k,corner_junction_density|glcm_haralick|parallel_bands,1,-2.26913986529e-05,0
c5h_000404_431817c7,xy_2d,linear_bands_parallel_stripes,1,0,dbcv|edge_coherence|ladderness|orientation_histogram_entropy,convexity_ratio|corner_junction_density|gridness_fft_acf|ribbon_thickness,3,0.0,1
c5h_000404_431817c7,y_only,linear_bands_parallel_stripes,3,0,cluster_size_balance_entropy|connectivity_components,connected_components_count|parallel_bands,1,0.09570935776627279,0
c5h_000473_435fcc82,x_only,deinterleaving_pri_toa_amp_like,0,0,cluster_size_balance_entropy|connectivity_components|gridness_fft_acf|neighborhood_purity_multi_k|polygonality,contour_graph_connectivity|corner_junction_density|glcm_haralick|parallel_bands|ribbon_thickness,3,0.000994762203859792,0
c5h_000473_435fcc82,xy_2d,deinterleaving_pri_toa_amp_like,2,0,arc_circle_fit|edge_coherence|thickness_uniformity,circularity_compactness|corner_junction_density|glcm_haralick,3,-0.006033098834910003,0
c5h_000473_435fcc82,y_only,deinterleaving_pri_toa_amp_like,4,0,ladderness,connectivity_components,1,-0.0003420371784323972,0
c5h_000483_8d71578a,x_only,hybrid_mixed_geometry,3,0,alpha_shape_compactness|morphological_band_count,min_centroid_distance|neighborhood_purity_multi_k,2,0.0,1
c5h_000483_8d71578a,xy_2d,hybrid_mixed_geometry,2,0,avg_pca_isotropy|cluster_size_balance_entropy|convexity_solidity_image,calinski_harabasz|glcm_haralick|periodicity_1d,1,0.08639681006335198,0
c5h_000483_8d71578a,y_only,hybrid_mixed_geometry,1,0,convexity_ratio|fractal_dimension|glcm_haralick|parallel_bands,cluster_size_balance_entropy|connectivity_components|contour_graph_connectivity|silhouette,4,0.08970343399753922,1
c5h_000528_daa59ad2,x_only,parabolic_curved_chains,1,0,connected_components_count|contour_graph_connectivity|gridness_2d|ribbon_thickness,gridness_fft_acf|min_centroid_distance|neighborhood_purity|neighborhood_purity_multi_k,4,-0.008588046318373004,0
c5h_000528_daa59ad2,xy_2d,parabolic_curved_chains,2,0,alpha_shape_compactness|avg_pca_isotropy|piecewise_linearity,convexity_ratio|min_centroid_distance|neighborhood_purity_multi_k,2,0.07024763902201192,1
c5h_000528_daa59ad2,y_only,parabolic_curved_chains,2,0,alpha_shape_compactness|davies_bouldin|min_intercluster_distance,cluster_size_balance_entropy|neighborhood_purity|neighborhood_purity_multi_k,1,0.001570751947112814,1
c5h_000535_ba4e6137,x_only,radial_spiral_meander,1,0,cluster_size_balance_entropy|corner_junction_density|glcm_haralick|symmetry_score,gridness_fft_acf|neighborhood_purity_multi_k|noise_aware_silhouette|silhouette,3,0.037434331391087095,0
c5h_000535_ba4e6137,xy_2d,radial_spiral_meander,1,0,avg_within_cluster_dispersion|circularity_compactness|parallel_bands|skeleton_connectivity,corner_junction_density|corner_sharpness|glcm_haralick|periodicity_1d,3,0.003105525601577841,0
c5h_000535_ba4e6137,y_only,radial_spiral_meander,1,0,axial_symmetry|cluster_size_balance_entropy|gridness_2d|radial_uniformity,gridness_fft_acf|min_centroid_distance|neighborhood_purity_multi_k|silhouette,3,0.054386475325196,0
c5h_000596_2333590b,x_only,standard_clustering_blobs,2,0,alpha_shape_compactness|corner_junction_density|glcm_haralick,contour_graph_connectivity|noise_aware_silhouette|silhouette,3,-0.05443951741609526,0
c5h_000596_2333590b,xy_2d,standard_clustering_blobs,2,0,avg_within_cluster_dispersion|glcm_haralick|rectangularity,alpha_shape_compactness|calinski_harabasz|ellipse_fit_score,2,0.007794318724063443,0
c5h_000596_2333590b,y_only,standard_clustering_blobs,3,0,cluster_size_balance_entropy|glcm_haralick,connectivity_components|parallel_bands,1,0.0006049780086395118,0
c5h_000706_e7f2fe8e,x_only,deinterleaving_pri_toa_amp_like,0,0,bimodality_anti_thickness|corner_sharpness|piecewise_linearity|ridge_strength|skeleton_connectivity,corner_junction_density|eccentricity_ratio|glcm_haralick|parallel_bands|ribbon_thickness,5,-0.0012204915013833,0
c5h_000706_e7f2fe8e,xy_2d,deinterleaving_pri_toa_amp_like,2,0,connected_components_count|dbcv|min_intercluster_distance,eccentricity_ratio|ladderness|ribbon_thickness,1,-0.0007868554479460999,0
c5h_000706_e7f2fe8e,y_only,deinterleaving_pri_toa_amp_like,2,0,min_centroid_distance|min_intercluster_distance|neighborhood_purity,gridness_fft_acf|noise_aware_silhouette|silhouette,0,0.0,1
c5h_000712_6ae782ed,x_only,radial_spiral_meander,4,0,silhouette,gridness_fft_acf,0,0.0,1
c5h_000712_6ae782ed,xy_2d,radial_spiral_meander,0,0,connected_components_count|connectivity_components|dbcv|morphological_band_count|radial_uniformity,axial_symmetry|calinski_harabasz|cluster_size_balance_entropy|parallel_bands|thickness_uniformity,4,0.011517532761434385,1
c5h_000712_6ae782ed,y_only,radial_spiral_meander,2,0,glcm_haralick|radial_uniformity|ribbon_thickness,axial_symmetry|contour_graph_connectivity|parallel_bands,3,-0.09293839653524638,0
c5h_000716_f7fe385f,x_only,parabolic_curved_chains,1,0,connected_components_count|glcm_haralick|radial_uniformity|ribbon_thickness,cluster_size_balance_entropy|gridness_fft_acf|min_centroid_distance|neighborhood_purity_multi_k,4,0.002211002145275004,0
c5h_000716_f7fe385f,xy_2d,parabolic_curved_chains,1,0,calinski_harabasz|connectivity_components|convexity_solidity_image|rectangularity,corner_junction_density|glcm_haralick|periodicity_1d|s_dbw,3,0.0402724471806859,0
c5h_000716_f7fe385f,y_only,parabolic_curved_chains,3,0,cluster_size_balance_entropy|min_intercluster_distance,gridness_fft_acf|parallel_bands,0,0.0,1
c5h_000744_51b01e52,x_only,ladder_grid_lattice,4,0,direction_entropy,connectivity_components,1,0.0,1
c5h_000744_51b01e52,xy_2d,ladder_grid_lattice,3,0,alpha_shape_compactness|rectangularity,calinski_harabasz|noise_aware_silhouette,2,-0.005196467941742194,0
c5h_000744_51b01e52,y_only,ladder_grid_lattice,3,0,min_intercluster_distance|neighborhood_purity,connectivity_components|silhouette,0,0.0,1
c5h_000756_f869040d,x_only,hybrid_mixed_geometry,2,0,alpha_shape_compactness|cluster_size_balance_entropy|periodicity_1d,axial_symmetry|connected_components_count|glcm_haralick,2,0.0027700908856986978,1
c5h_000756_f869040d,xy_2d,hybrid_mixed_geometry,4,0,connected_components_count,avg_within_cluster_dispersion,1,0.09580274512916903,0
c5h_000756_f869040d,y_only,hybrid_mixed_geometry,3,0,convexity_ratio|davies_bouldin,gridness_fft_acf|parallel_bands,1,-0.0004864176379948959,0
c5h_000768_93a398ef,x_only,piecewise_polylines_corners,4,0,alpha_shape_compactness,corner_junction_density,1,0.0,1
c5h_000768_93a398ef,xy_2d,piecewise_polylines_corners,4,0,periodicity_1d,alpha_shape_compactness,1,0.0,1
c5h_000768_93a398ef,y_only,piecewise_polylines_corners,1,0,connected_components_count|corner_junction_density|glcm_haralick|symmetry_score,alpha_shape_compactness|axial_symmetry|connectivity_components|contour_graph_connectivity,4,0.0,1
c5h_000776_b3b7bb86,x_only,hollow_topological_components,3,0,axial_symmetry|neighborhood_purity,min_centroid_distance|noise_aware_silhouette,1,0.1138169008235087,0
c5h_000776_b3b7bb86,xy_2d,hollow_topological_components,3,0,avg_within_cluster_dispersion|contour_graph_connectivity,calinski_harabasz|cluster_size_balance_entropy,1,-0.06961874908522714,0
c5h_000776_b3b7bb86,y_only,hollow_topological_components,2,0,glcm_haralick|parallel_bands|ribbon_thickness,axial_symmetry|convexity_ratio|silhouette,3,0.12427414259864608,0
c5h_000788_47cb367f,x_only,arcs_circles_rings,3,0,corner_junction_density|parallel_bands,alpha_shape_compactness|silhouette,2,0.0,1
c5h_000788_47cb367f,xy_2d,arcs_circles_rings,2,0,contour_graph_connectivity|periodicity_1d|s_dbw,convexity_ratio|corner_junction_density|glcm_haralick,2,0.14770636623707423,0
c5h_000788_47cb367f,y_only,arcs_circles_rings,2,0,connectivity_components|ladderness|radial_uniformity,calinski_harabasz|glcm_haralick|parallel_bands,3,0.028586520642309488,0
c5h_000812_132a9116,x_only,polygons_rectangles_frames,1,0,alpha_shape_compactness|axial_symmetry|connected_components_count|convexity_ratio,avg_pca_isotropy|neighborhood_purity_multi_k|noise_aware_silhouette|silhouette,4,0.000276025634653676,0
c5h_000812_132a9116,xy_2d,polygons_rectangles_frames,3,0,corner_junction_density|rectangularity,alpha_shape_compactness|cluster_size_balance_entropy,2,0.0,1
c5h_000812_132a9116,y_only,polygons_rectangles_frames,2,0,connected_components_count|connectivity_components|corner_junction_density,avg_pca_isotropy|noise_aware_silhouette|silhouette,3,0.18719393488753583,0
c5h_000833_29240dfe,x_only,linear_bands_parallel_stripes,1,0,avg_within_cluster_dispersion|calinski_harabasz|radial_uniformity|s_dbw,contour_graph_connectivity|corner_junction_density|glcm_haralick|parallel_bands,1,-0.0015867841995338998,0
c5h_000833_29240dfe,xy_2d,linear_bands_parallel_stripes,1,0,alpha_shape_compactness|connected_components_count|contour_graph_connectivity|convexity_ratio,corner_junction_density|fractal_dimension|glcm_haralick|ridge_strength,4,0.0,1
c5h_000833_29240dfe,y_only,linear_bands_parallel_stripes,1,0,contour_graph_connectivity|neighborhood_purity|neighborhood_purity_multi_k|symmetry_score,connectivity_components|gridness_fft_acf|noise_aware_silhouette|parallel_bands,2,-0.001377065600010996,0
c5h_000888_a10d8f18,x_only,radial_spiral_meander,3,0,cluster_size_balance_entropy|corner_junction_density,contour_graph_connectivity|silhouette,1,0.136974174174989,0
c5h_000888_a10d8f18,xy_2d,radial_spiral_meander,3,0,ellipse_fit_score|fractal_dimension,circularity_compactness|periodicity_1d,2,0.0,1
c5h_000888_a10d8f18,y_only,radial_spiral_meander,2,0,alpha_shape_compactness|convexity_ratio|ribbon_thickness,noise_aware_silhouette|radial_uniformity|silhouette,3,0.0,1
c5h_000947_eb21e8a5,x_only,deinterleaving_pri_toa_amp_like,2,0,cluster_size_balance_entropy|connected_components_count|contour_graph_connectivity,avg_within_cluster_dispersion|corner_junction_density|glcm_haralick,2,0.0007977865629945,0
c5h_000947_eb21e8a5,xy_2d,deinterleaving_pri_toa_amp_like,3,0,corner_sharpness|eccentricity_ratio,connectivity_components|ladderness,2,-0.01102597763906421,0
c5h_000947_eb21e8a5,y_only,deinterleaving_pri_toa_amp_like,4,0,neighborhood_purity,cluster_size_balance_entropy,0,0.011793083901646795,0
c5h_000952_33473e12,x_only,ladder_grid_lattice,3,0,ribbon_thickness|symmetry_score,neighborhood_purity_multi_k|silhouette,2,0.013073099528284005,0
c5h_000952_33473e12,xy_2d,ladder_grid_lattice,2,0,convexity_solidity_image|corner_junction_density|hollow_score,gridness_fft_acf|noise_aware_silhouette|silhouette,3,0.0032660067799216985,1
c5h_000952_33473e12,y_only,ladder_grid_lattice,0,0,cluster_size_balance_entropy|connectivity_components|contour_graph_connectivity|parallel_bands|symmetry_score,gridness_fft_acf|min_centroid_distance|neighborhood_purity|neighborhood_purity_multi_k|silhouette,4,0.0092174860013228,1
c5h_000977_6a35531d,x_only,polygons_rectangles_frames,3,0,hough_circle_arc_strength|parallel_bands,corner_junction_density|glcm_haralick,2,0.0,1
c5h_000977_6a35531d,xy_2d,polygons_rectangles_frames,2,0,circularity_compactness|convexity_solidity_image|rectangularity,connected_components_count|contour_graph_connectivity|corner_junction_density,3,0.0,1
c5h_000977_6a35531d,y_only,polygons_rectangles_frames,0,0,avg_pca_isotropy|hough_circle_arc_strength|lbp_stationarity|peak_to_background_hough|radial_uniformity,axial_symmetry|cluster_size_balance_entropy|gridness_fft_acf|noise_aware_silhouette|silhouette,4,0.0531039551360607,0
c5h_000984_db51af29,x_only,hollow_topological_components,4,0,contour_graph_connectivity,cluster_size_balance_entropy,1,-0.0038465191149558153,0
c5h_000984_db51af29,xy_2d,hollow_topological_components,3,0,avg_within_cluster_dispersion|convexity_solidity_image,calinski_harabasz|periodicity_1d,1,0.03487052310008709,1
c5h_000984_db51af29,y_only,hollow_topological_components,2,0,cluster_size_balance_entropy|contour_graph_connectivity|radial_uniformity,gridness_fft_acf|neighborhood_purity_multi_k|silhouette,2,-0.009977139364034437,0
c5h_000990_8ae50914,x_only,piecewise_polylines_corners,2,0,connected_components_count|gridness_2d|ribbon_thickness,contour_graph_connectivity|corner_junction_density|parallel_bands,3,0.012090261998360885,0
c5h_000990_8ae50914,xy_2d,piecewise_polylines_corners,2,0,avg_pca_isotropy|avg_within_cluster_dispersion|skeleton_connectivity,connected_components_count|contour_graph_connectivity|s_dbw,1,-0.12141927258102003,1
c5h_000990_8ae50914,y_only,piecewise_polylines_corners,2,0,connected_components_count|fractal_dimension|lbp_stationarity,axial_symmetry|cluster_size_balance_entropy|ribbon_thickness,3,-0.07355813139605161,0
c5h_000994_5928d98e,x_only,arcs_circles_rings,3,0,alpha_shape_compactness|radial_uniformity,noise_aware_silhouette|silhouette,2,0.0,1
c5h_000994_5928d98e,xy_2d,arcs_circles_rings,3,0,contour_graph_connectivity|s_dbw,convexity_ratio|glcm_haralick,1,0.0,1
c5h_000994_5928d98e,y_only,arcs_circles_rings,3,0,cluster_size_balance_entropy|connectivity_components,gridness_fft_acf|silhouette,1,0.02693288659626919,1
c5h_001002_f3ec10ef,x_only,hybrid_mixed_geometry,4,0,corner_junction_density,connected_components_count,1,0.0778992988724157,0
c5h_001002_f3ec10ef,xy_2d,hybrid_mixed_geometry,1,0,avg_pca_isotropy|convexity_solidity_image|periodicity_1d|rectangularity,calinski_harabasz|connected_components_count|corner_junction_density|skeleton_connectivity,3,0.11896464232089377,1
c5h_001002_f3ec10ef,y_only,hybrid_mixed_geometry,3,0,corner_junction_density|fractal_dimension,parallel_bands|radial_uniformity,2,-0.09275891665464375,1
c5h_001027_036efaae,x_only,linear_bands_parallel_stripes,2,0,alpha_shape_compactness|axial_symmetry|cluster_size_balance_entropy,gridness_fft_acf|neighborhood_purity|neighborhood_purity_multi_k,2,-0.0010359862113055035,0
c5h_001027_036efaae,xy_2d,linear_bands_parallel_stripes,3,0,alpha_shape_compactness|ribbon_thickness,connected_components_count|periodicity_1d,2,0.0,1
c5h_001027_036efaae,y_only,linear_bands_parallel_stripes,1,0,morphological_band_count|parabolicity|parallel_bands|piecewise_linearity,gridness_fft_acf|neighborhood_purity|neighborhood_purity_multi_k|noise_aware_silhouette,4,0.042935114632364796,0
c5h_001069_cde4102c,x_only,radial_spiral_meander,3,0,alpha_shape_compactness|direction_entropy,neighborhood_purity_multi_k|silhouette,2,-0.0004340415914141915,0
c5h_001069_cde4102c,xy_2d,radial_spiral_meander,1,0,circularity_compactness|glcm_haralick|radial_uniformity|rectangularity,calinski_harabasz|cluster_size_balance_entropy|noise_aware_silhouette|periodicity_1d,4,-0.04920714945277371,0
c5h_001069_cde4102c,y_only,radial_spiral_meander,0,0,alpha_shape_compactness|axial_symmetry|cluster_size_balance_entropy|convexity_ratio|radial_uniformity,gridness_fft_acf|min_centroid_distance|neighborhood_purity_multi_k|noise_aware_silhouette|silhouette,4,0.21671850054826125,0
c5h_001085_b59eefff,x_only,parabolic_curved_chains,2,0,cluster_size_balance_entropy|connected_components_count|parallel_bands,neighborhood_purity|neighborhood_purity_multi_k|silhouette,2,0.007242734166183394,1
c5h_001085_b59eefff,xy_2d,parabolic_curved_chains,1,0,connectivity_components|hough_line_strength|min_centroid_distance|noise_aware_silhouette,curvature_consistency|eccentricity_ratio|radial_uniformity|ribbon_thickness,2,-0.017598521867945804,0
c5h_001085_b59eefff,y_only,parabolic_curved_chains,1,0,connectivity_components|glcm_haralick|radial_uniformity|ribbon_thickness,gridness_fft_acf|min_centroid_distance|neighborhood_purity_multi_k|silhouette,4,0.026027310461559205,0
c5h_001134_12232e26,x_only,ladder_grid_lattice,3,0,cluster_size_balance_entropy|connectivity_components,min_centroid_distance|neighborhood_purity,1,0.006825296183093098,0
c5h_001134_12232e26,xy_2d,ladder_grid_lattice,5,1,,,0,0.0,1
c5h_001134_12232e26,y_only,ladder_grid_lattice,1,0,cluster_size_balance_entropy|connectivity_components|noise_aware_silhouette|peak_to_background_hough,min_centroid_distance|neighborhood_purity|neighborhood_purity_multi_k|silhouette,2,-6.573684515909228e-05,0
c5h_001156_4f9e0bf0,x_only,polygons_rectangles_frames,3,0,connectivity_components|radial_uniformity,axial_symmetry|convexity_ratio,2,-0.1284729108352241,1
c5h_001156_4f9e0bf0,xy_2d,polygons_rectangles_frames,3,0,avg_within_cluster_dispersion|connected_components_count,noise_aware_silhouette|periodicity_1d,1,-0.12256440928105938,1
c5h_001156_4f9e0bf0,y_only,polygons_rectangles_frames,4,0,direction_entropy,neighborhood_purity_multi_k,1,0.0018390496461769823,0
c5h_001188_2229a6c2,x_only,piecewise_polylines_corners,3,0,connected_components_count|glcm_haralick,cluster_size_balance_entropy|convexity_ratio,2,0.030597693603506226,0
c5h_001188_2229a6c2,xy_2d,piecewise_polylines_corners,2,0,axial_symmetry|noise_aware_silhouette|skeleton_connectivity,cluster_size_balance_entropy|contour_graph_connectivity|corner_junction_density,2,0.0,1
c5h_001188_2229a6c2,y_only,piecewise_polylines_corners,3,0,connected_components_count|lbp_stationarity,glcm_haralick|ribbon_thickness,2,0.0,1
c5h_001195_0f881bbe,x_only,deinterleaving_pri_toa_amp_like,3,0,alpha_shape_compactness|connectivity_components,neighborhood_purity|neighborhood_purity_multi_k,2,-0.017357742832485992,0
c5h_001195_0f881bbe,xy_2d,deinterleaving_pri_toa_amp_like,0,0,avg_pca_isotropy|connectivity_components|convexity_solidity_image|morphological_band_count|noise_aware_silhouette,alpha_shape_compactness|calinski_harabasz|convexity_ratio|corner_junction_density|glcm_haralick,3,0.022666849126179472,0
c5h_001195_0f881bbe,y_only,deinterleaving_pri_toa_amp_like,2,0,cluster_size_balance_entropy|contour_graph_connectivity|ladderness,axial_symmetry|gridness_fft_acf|ribbon_thickness,2,0.015985032740702232,0
c5h_001210_df4576c3,x_only,arcs_circles_rings,2,0,connected_components_count|contour_graph_connectivity|convexity_ratio,alpha_shape_compactness|radial_uniformity|silhouette,3,-0.02971495081322506,0
c5h_001210_df4576c3,xy_2d,arcs_circles_rings,2,0,edge_coherence|lbp_stationarity|orientation_histogram_entropy,convexity_ratio|periodicity_1d|skeleton_connectivity,3,-0.014958669335687014,1
c5h_001210_df4576c3,y_only,arcs_circles_rings,4,0,contour_graph_connectivity,axial_symmetry,1,-0.014437054939892557,0
c5h_001260_23ebb967,x_only,hybrid_mixed_geometry,0,0,convexity_ratio|corner_junction_density|glcm_haralick|parallel_bands|ribbon_thickness,min_centroid_distance|neighborhood_purity|neighborhood_purity_multi_k|noise_aware_silhouette|silhouette,5,0.0240499765974658,0
c5h_001260_23ebb967,xy_2d,hybrid_mixed_geometry,2,0,alpha_shape_compactness|circularity_compactness|convexity_solidity_image,cluster_size_balance_entropy|fractal_dimension|periodicity_1d,3,0.16683994203254782,0
c5h_001260_23ebb967,y_only,hybrid_mixed_geometry,4,0,parallel_bands,axial_symmetry,1,0.017125919155260086,0
c5h_001260_b442859f,x_only,parabolic_curved_chains,3,0,corner_junction_density|min_intercluster_distance,gridness_fft_acf|silhouette,1,0.01324941824537551,0
c5h_001260_b442859f,xy_2d,parabolic_curved_chains,4,0,glcm_haralick,convexity_ratio,1,0.0,1
c5h_001260_b442859f,y_only,parabolic_curved_chains,4,0,connectivity_components,noise_aware_silhouette,1,0.0,1
c5h_001273_de34164f,x_only,linear_bands_parallel_stripes,2,0,connected_components_count|connectivity_components|contour_graph_connectivity,corner_junction_density|eccentricity_ratio|glcm_haralick,3,0.0,1
c5h_001273_de34164f,xy_2d,linear_bands_parallel_stripes,2,0,curvature_consistency|eccentricity_ratio|ribbon_thickness,connectivity_components|min_centroid_distance|noise_aware_silhouette,3,0.007700725700774069,0
c5h_001273_de34164f,y_only,linear_bands_parallel_stripes,2,0,bimodality_anti_thickness|gridness_fft_acf|ribbon_thickness,cluster_size_balance_entropy|neighborhood_purity|noise_aware_silhouette,3,0.0376882102071166,1
c5h_001321_f1acc7cf,x_only,ladder_grid_lattice,4,0,direction_entropy,silhouette,1,0.004627581612678497,0
c5h_001321_f1acc7cf,xy_2d,ladder_grid_lattice,4,0,ribbon_thickness,calinski_harabasz,1,0.0035769086134102013,0
c5h_001321_f1acc7cf,y_only,ladder_grid_lattice,1,0,hough_line_strength|parallel_bands|ribbon_thickness|symmetry_score,gridness_fft_acf|min_centroid_distance|neighborhood_purity_multi_k|silhouette,4,0.004823175213529797,1
c5h_001387_3cbd5242,x_only,piecewise_polylines_corners,4,0,ribbon_thickness,radial_uniformity,1,0.0,1
c5h_001387_3cbd5242,xy_2d,piecewise_polylines_corners,3,0,circularity_compactness|periodicity_1d,glcm_haralick|s_dbw,2,0.0,1
c5h_001387_3cbd5242,y_only,piecewise_polylines_corners,2,0,calinski_harabasz|ellipse_fit_score|parallel_bands,connected_components_count|contour_graph_connectivity|convexity_ratio,2,0.0016879568549149626,0
c5h_001393_04f3ee3c,x_only,hollow_topological_components,3,0,cluster_size_balance_entropy|convexity_ratio,avg_pca_isotropy|gridness_fft_acf,1,0.0,1
c5h_001393_04f3ee3c,xy_2d,hollow_topological_components,1,0,corner_junction_density|corner_sharpness|hough_circle_arc_strength|ridge_strength,alpha_shape_compactness|arc_circle_fit|avg_pca_isotropy|cluster_size_balance_entropy,4,-0.10590598443670768,0
c5h_001393_04f3ee3c,y_only,hollow_topological_components,2,0,alpha_shape_compactness|connectivity_components|direction_entropy,gridness_fft_acf|neighborhood_purity_multi_k|silhouette,3,0.0,1
c5h_001451_867206b4,x_only,deinterleaving_pri_toa_amp_like,2,0,corner_junction_density|glcm_haralick|neighborhood_purity_multi_k,gridness_fft_acf|noise_aware_silhouette|silhouette,2,-0.033625874385512095,0
c5h_001451_867206b4,xy_2d,deinterleaving_pri_toa_amp_like,1,0,circularity_compactness|corner_junction_density|glcm_haralick|periodicity_1d,alpha_shape_compactness|cluster_size_balance_entropy|noise_aware_silhouette|silhouette,4,0.0,1
c5h_001451_867206b4,y_only,deinterleaving_pri_toa_amp_like,1,0,axial_symmetry|convexity_ratio|davies_bouldin|min_intercluster_distance,cluster_size_balance_entropy|connected_components_count|noise_aware_silhouette|parallel_bands,2,0.0,1
c5h_001487_a749b165,x_only,arcs_circles_rings,2,0,connected_components_count|contour_graph_connectivity|neighborhood_purity,connectivity_components|min_centroid_distance|silhouette,2,0.023979098234773094,0
c5h_001487_a749b165,xy_2d,arcs_circles_rings,0,0,contour_graph_connectivity|corner_junction_density|glcm_haralick|periodicity_1d|ridge_strength,alpha_shape_compactness|avg_pca_isotropy|convexity_ratio|convexity_solidity_image|hollow_score,5,0.01165506748253431,0
c5h_001487_a749b165,y_only,arcs_circles_rings,1,0,cluster_size_balance_entropy|morphological_band_count|noise_aware_silhouette|piecewise_linearity,min_centroid_distance|neighborhood_purity|neighborhood_purity_multi_k|silhouette,2,-0.000153184288266911,0
c5h_001488_e43cf663,x_only,linear_bands_parallel_stripes,3,0,min_centroid_distance|min_intercluster_distance,cluster_size_balance_entropy|silhouette,0,-0.003033662261072087,0
c5h_001488_e43cf663,xy_2d,linear_bands_parallel_stripes,3,0,radial_uniformity|rectangularity,convexity_ratio|ribbon_thickness,2,0.05929690483428887,1
c5h_001488_e43cf663,y_only,linear_bands_parallel_stripes,2,0,fractal_dimension|glcm_haralick|symmetry_score,alpha_shape_compactness|convexity_ratio|parallel_bands,3,0.044589142723177516,0
c5h_001537_6544155d,x_only,hybrid_mixed_geometry,3,0,contour_graph_connectivity|ribbon_thickness,noise_aware_silhouette|silhouette,2,-0.07858862577247883,0
c5h_001537_6544155d,xy_2d,hybrid_mixed_geometry,2,0,convexity_solidity_image|rectangularity|s_dbw,corner_junction_density|glcm_haralick|periodicity_1d,2,0.09188550553757702,0
c5h_001537_6544155d,y_only,hybrid_mixed_geometry,3,0,cluster_size_balance_entropy|connectivity_components,contour_graph_connectivity|glcm_haralick,1,0.00482168543967032,0
c5h_001712_ce7ad0dc,x_only,deinterleaving_pri_toa_amp_like,0,0,contour_graph_connectivity|corner_junction_density|fractal_dimension|glcm_haralick|ridge_strength,cluster_size_balance_entropy|gridness_fft_acf|neighborhood_purity|noise_aware_silhouette|silhouette,5,0.0158840264938483,0
c5h_001712_ce7ad0dc,xy_2d,deinterleaving_pri_toa_amp_like,4,0,contour_graph_connectivity,ridge_strength,1,0.0995179044428539,0
c5h_001712_ce7ad0dc,y_only,deinterleaving_pri_toa_amp_like,2,0,connectivity_components|contour_graph_connectivity|direction_entropy,cluster_size_balance_entropy|min_centroid_distance|neighborhood_purity_multi_k,3,0.0,1
c5h_001813_3283df34,x_only,hybrid_mixed_geometry,2,0,connected_components_count|convexity_ratio|ribbon_thickness,gridness_fft_acf|noise_aware_silhouette|silhouette,3,0.080092919002104,0
c5h_001813_3283df34,xy_2d,hybrid_mixed_geometry,2,0,avg_within_cluster_dispersion|s_dbw|symmetry_score,calinski_harabasz|corner_junction_density|glcm_haralick,1,0.14952508871768555,0
c5h_001813_3283df34,y_only,hybrid_mixed_geometry,2,0,ellipse_fit_score|glcm_haralick|parallel_bands,axial_symmetry|connectivity_components|ribbon_thickness,3,0.0,1
c5h_002022_6c57cce2,x_only,hybrid_mixed_geometry,2,0,connectivity_components|fractal_dimension|noise_aware_silhouette,convexity_ratio|corner_junction_density|symmetry_score,2,0.0,1
c5h_002022_6c57cce2,xy_2d,hybrid_mixed_geometry,3,0,calinski_harabasz|mst_smoothness,circularity_compactness|periodicity_1d,1,0.0,1
c5h_002022_6c57cce2,y_only,hybrid_mixed_geometry,0,0,connected_components_count|convexity_ratio|parallel_bands|radial_uniformity|symmetry_score,axial_symmetry|connectivity_components|gridness_fft_acf|neighborhood_purity_multi_k|silhouette,5,0.013261985826129308,0
c5m_000136_7aa743cc,x_only,polygons_rectangles_frames,3,0,corner_junction_density|noise_aware_silhouette,axial_symmetry|convexity_ratio,1,0.0,1
c5m_000136_7aa743cc,xy_2d,polygons_rectangles_frames,3,0,circularity_compactness|convexity_solidity_image,cluster_size_balance_entropy|corner_junction_density,2,0.0,1
c5m_000136_7aa743cc,y_only,polygons_rectangles_frames,2,0,glcm_haralick|hollow_score|lbp_stationarity,corner_junction_density|parallel_bands|ribbon_thickness,3,-0.11569764985826442,0
c5m_000159_1ea46597,x_only,texture_density_fields,2,0,connectivity_components|contour_graph_connectivity|symmetry_score,gridness_fft_acf|neighborhood_purity_multi_k|ribbon_thickness,3,0.016324286373878588,1
c5m_000159_1ea46597,xy_2d,texture_density_fields,0,0,alpha_shape_compactness|circularity_compactness|cluster_size_balance_entropy|euler_holes_count|silhouette,calinski_harabasz|connectivity_components|gridness_fft_acf|min_centroid_distance|noise_aware_silhouette,3,0.09287406204191756,0
c5m_000159_1ea46597,y_only,texture_density_fields,2,0,cluster_size_balance_entropy|noise_aware_silhouette|piecewise_linearity,gridness_fft_acf|min_centroid_distance|neighborhood_purity_multi_k,1,-0.0021735891128729645,0
c5m_000161_845e15f0,x_only,radial_spiral_meander,2,0,alpha_shape_compactness|connectivity_components|ribbon_thickness,axial_symmetry|contour_graph_connectivity|glcm_haralick,3,0.03566583134185919,0
c5m_000161_845e15f0,xy_2d,radial_spiral_meander,0,0,avg_within_cluster_dispersion|connected_components_count|connectivity_components|convexity_solidity_image|skeleton_connectivity,calinski_harabasz|corner_junction_density|fractal_dimension|glcm_haralick|noise_aware_silhouette,4,-0.023657507146989887,1
c5m_000161_845e15f0,y_only,radial_spiral_meander,2,0,alpha_shape_compactness|convexity_ratio|silhouette,connected_components_count|parallel_bands|ribbon_thickness,2,0.0,1
c5m_000167_a7629351,x_only,piecewise_polylines_corners,0,0,alpha_shape_compactness|axial_symmetry|convexity_ratio|glcm_haralick|ribbon_thickness,gridness_fft_acf|min_centroid_distance|neighborhood_purity|neighborhood_purity_multi_k|silhouette,5,0.19806304168933977,0
c5m_000167_a7629351,xy_2d,piecewise_polylines_corners,0,0,corner_junction_density|glcm_haralick|radial_uniformity|rectangularity|ribbon_thickness,connectivity_components|gridness_fft_acf|min_centroid_distance|noise_aware_silhouette|silhouette,5,0.34365275441328663,1
c5m_000167_a7629351,y_only,piecewise_polylines_corners,2,0,alpha_shape_compactness|connectivity_components|contour_graph_connectivity,min_centroid_distance|neighborhood_purity|neighborhood_purity_multi_k,3,0.04499817764554537,0
c5m_000169_b48cac66,x_only,ladder_grid_lattice,1,0,hough_line_strength|min_centroid_distance|min_intercluster_distance|neighborhood_purity,gridness_fft_acf|noise_aware_silhouette|ribbon_thickness|silhouette,1,0.03529273469847288,0
c5m_000169_b48cac66,xy_2d,ladder_grid_lattice,1,0,cluster_size_balance_entropy|connected_components_count|euler_holes_count|mst_smoothness,corner_junction_density|glcm_haralick|noise_aware_silhouette|silhouette,3,0.024743335892839113,0
c5m_000169_b48cac66,y_only,ladder_grid_lattice,3,0,connected_components_count|convexity_ratio,gridness_fft_acf|noise_aware_silhouette,2,0.0,1
c5m_000171_24ee10f2,x_only,hollow_topological_components,0,0,axial_symmetry|connectivity_components|parallel_bands|ribbon_thickness|symmetry_score,gridness_fft_acf|min_centroid_distance|neighborhood_purity|neighborhood_purity_multi_k|silhouette,5,0.11363207028307007,0
c5m_000171_24ee10f2,xy_2d,hollow_topological_components,1,0,axial_symmetry|connectivity_components|convexity_ratio|mst_smoothness,alpha_shape_compactness|gridness_fft_acf|noise_aware_silhouette|silhouette,4,0.15455187546476334,0
c5m_000171_24ee10f2,y_only,hollow_topological_components,3,0,connected_components_count|noise_aware_silhouette,cluster_size_balance_entropy|neighborhood_purity_multi_k,1,0.0075965718224755285,0
c5m_000174_888cc1a9,x_only,arcs_circles_rings,1,0,alpha_shape_compactness|axial_symmetry|convexity_ratio|morphological_band_count,cluster_size_balance_entropy|connected_components_count|contour_graph_connectivity|glcm_haralick,4,0.07732516690711988,1
c5m_000174_888cc1a9,xy_2d,arcs_circles_rings,1,0,avg_within_cluster_dispersion|curvature_consistency|lbp_stationarity|ridge_strength,cluster_size_balance_entropy|corner_junction_density|glcm_haralick|periodicity_1d,3,0.00602198379247576,1
c5m_000174_888cc1a9,y_only,arcs_circles_rings,2,0,alpha_shape_compactness|cluster_size_balance_entropy|silhouette,axial_symmetry|radial_uniformity|ribbon_thickness,1,0.09485372109452817,0
c5m_000199_f5fead8f,x_only,linear_bands_parallel_stripes,0,0,avg_pca_isotropy|blobness_log_dog|hollow_score|min_intercluster_distance|symmetry_score,davies_bouldin|gridness_fft_acf|noise_aware_silhouette|parallel_bands|silhouette,3,0.00044595422585526107,0
c5m_000199_f5fead8f,xy_2d,linear_bands_parallel_stripes,3,0,s_dbw|skeleton_connectivity,glcm_haralick|ridge_strength,1,0.0,1
c5m_000199_f5fead8f,y_only,linear_bands_parallel_stripes,0,0,cluster_size_balance_entropy|connected_components_count|connectivity_components|convexity_ratio|gridness_fft_acf,curvature_consistency|ladderness|parallel_bands|ribbon_thickness|symmetry_score,4,0.08514419691765787,0
c5m_000207_7c1a74f7,x_only,deinterleaving_pri_toa_amp_like,0,0,circularity_compactness|fractal_dimension|lbp_stationarity|orientation_histogram_entropy|periodicity_1d,davies_bouldin|eccentricity_ratio|line_straightness|ribbon_thickness|s_dbw,5,0.0,1
c5m_000207_7c1a74f7,xy_2d,deinterleaving_pri_toa_amp_like,1,0,avg_within_cluster_dispersion|edge_coherence|fractal_dimension|piecewise_linearity,connected_components_count|contour_graph_connectivity|corner_junction_density|curvature_consistency,3,0.0,1
c5m_000207_7c1a74f7,y_only,deinterleaving_pri_toa_amp_like,2,0,calinski_harabasz|curvature_consistency|hough_line_strength,gridness_fft_acf|noise_aware_silhouette|silhouette,2,0.0410796659905657,0
c5m_000218_b0986861,x_only,hybrid_mixed_geometry,0,0,alpha_shape_compactness|connected_components_count|glcm_haralick|parallel_bands|ribbon_thickness,axial_symmetry|convexity_ratio|gridness_fft_acf|neighborhood_purity_multi_k|silhouette,5,0.05528220937087783,1
c5m_000218_b0986861,xy_2d,hybrid_mixed_geometry,2,0,convexity_ratio|ridge_strength|skeleton_connectivity,avg_within_cluster_dispersion|calinski_harabasz|glcm_haralick,3,0.11693923353095292,1
c5m_000218_b0986861,y_only,hybrid_mixed_geometry,3,0,fractal_dimension|glcm_haralick,cluster_size_balance_entropy|connected_components_count,2,0.0,1
c5m_000279_99615fd1,x_only,standard_clustering_blobs,0,0,axial_symmetry|cluster_size_balance_entropy|corner_junction_density|glcm_haralick|ribbon_thickness,gridness_fft_acf|min_centroid_distance|neighborhood_purity_multi_k|noise_aware_silhouette|silhouette,4,0.04876294029118139,1
c5m_000279_99615fd1,xy_2d,standard_clustering_blobs,1,0,alpha_shape_compactness|convexity_solidity_image|glcm_haralick|rectangularity,cluster_size_balance_entropy|gridness_fft_acf|noise_aware_silhouette|silhouette,4,0.0034887733173962765,0
c5m_000279_99615fd1,y_only,standard_clustering_blobs,0,0,alpha_shape_compactness|axial_symmetry|convexity_ratio|parallel_bands|ribbon_thickness,direction_entropy|gridness_fft_acf|min_centroid_distance|neighborhood_purity_multi_k|silhouette,5,0.2277124674453311,0
c5m_000295_3f198ca3,x_only,polygons_rectangles_frames,2,0,alpha_shape_compactness|connectivity_components|hollow_score,connected_components_count|contour_graph_connectivity|convexity_ratio,3,0.0,1
c5m_000295_3f198ca3,xy_2d,polygons_rectangles_frames,2,0,avg_pca_isotropy|periodicity_1d|ridge_strength,arc_circle_fit|hollow_score|skeleton_connectivity,2,0.0,1
c5m_000295_3f198ca3,y_only,polygons_rectangles_frames,2,0,glcm_haralick|parallel_bands|radial_uniformity,cluster_size_balance_entropy|connected_components_count|convexity_ratio,3,0.005957735734792524,0
c5m_000339_58c4365f,x_only,parabolic_curved_chains,2,0,cluster_size_balance_entropy|noise_aware_silhouette|parabolicity,min_centroid_distance|neighborhood_purity|neighborhood_purity_multi_k,1,0.005267665954088091,0
c5m_000339_58c4365f,xy_2d,parabolic_curved_chains,1,0,alpha_shape_compactness|convexity_ratio|morphological_band_count|noise_aware_silhouette,avg_within_cluster_dispersion|corner_junction_density|glcm_haralick|s_dbw,3,0.03934438758407649,0
c5m_000339_58c4365f,y_only,parabolic_curved_chains,4,0,alpha_shape_compactness,noise_aware_silhouette,1,0.0,1
c5m_000344_198079ed,x_only,radial_spiral_meander,3,0,min_centroid_distance|min_intercluster_distance,gridness_fft_acf|noise_aware_silhouette,0,0.0,1
c5m_000344_198079ed,xy_2d,radial_spiral_meander,4,0,convexity_solidity_image,corner_junction_density,1,0.0,1
c5m_000344_198079ed,y_only,radial_spiral_meander,1,0,alpha_shape_compactness|convexity_solidity_image|radial_uniformity|symmetry_score,axial_symmetry|cluster_size_balance_entropy|gridness_fft_acf|ribbon_thickness,4,0.056517260130405145,0
c5m_000362_9994599e,x_only,piecewise_polylines_corners,2,0,arc_circle_fit|glcm_haralick|lbp_stationarity,axial_symmetry|connectivity_components|silhouette,3,-0.03242783948510719,0
c5m_000362_9994599e,xy_2d,piecewise_polylines_corners,1,0,circularity_compactness|connectivity_components|contour_graph_connectivity|periodicity_1d,cluster_size_balance_entropy|connected_components_count|convexity_ratio|glcm_haralick,4,-0.09237691653268038,0
c5m_000362_9994599e,y_only,piecewise_polylines_corners,3,0,alpha_shape_compactness|parallel_bands,cluster_size_balance_entropy|convexity_ratio,2,-0.007481938833153068,0
c5m_000370_50b0d7f0,x_only,hollow_topological_components,4,0,axial_symmetry,connected_components_count,1,0.0,1
c5m_000370_50b0d7f0,xy_2d,hollow_topological_components,1,0,avg_within_cluster_dispersion|corner_junction_density|periodicity_1d|skeleton_connectivity,arc_circle_fit|calinski_harabasz|hollow_score|hough_circle_arc_strength,3,-0.007270090541162233,0
c5m_000370_50b0d7f0,y_only,hollow_topological_components,0,0,alpha_shape_compactness|avg_pca_isotropy|noise_aware_silhouette|parallel_bands|radial_uniformity,gridness_fft_acf|min_centroid_distance|neighborhood_purity|neighborhood_purity_multi_k|silhouette,3,0.2183135172026535,0
c5m_000373_f823ab27,x_only,arcs_circles_rings,2,0,connected_components_count|contour_graph_connectivity|corner_junction_density,cluster_size_balance_entropy|neighborhood_purity_multi_k|noise_aware_silhouette,3,-0.0008177371659562893,0
c5m_000373_f823ab27,xy_2d,arcs_circles_rings,3,0,avg_pca_isotropy|contour_graph_connectivity,corner_junction_density|glcm_haralick,1,0.0,1
c5m_000373_f823ab27,y_only,arcs_circles_rings,2,0,connectivity_components|convexity_ratio|hough_circle_arc_strength,corner_junction_density|glcm_haralick|ribbon_thickness,3,0.276734491356595,0
c5m_000428_2ee91be8,x_only,standard_clustering_blobs,5,1,,,0,0.0,1
c5m_000428_2ee91be8,xy_2d,standard_clustering_blobs,2,0,contour_graph_connectivity|edge_coherence|rectangularity,corner_junction_density|glcm_haralick|radial_uniformity,3,0.058356877543301544,0
c5m_000428_2ee91be8,y_only,standard_clustering_blobs,3,0,morphological_band_count|parallel_bands,noise_aware_silhouette|silhouette,2,0.06585057357306001,1
c5m_000443_d8d8a512,x_only,deinterleaving_pri_toa_amp_like,3,0,connected_components_count|periodicity_1d,glcm_haralick|s_dbw,2,0.0,1
c5m_000443_d8d8a512,xy_2d,deinterleaving_pri_toa_amp_like,3,0,avg_within_cluster_dispersion|periodicity_1d,curvature_consistency|fractal_dimension,1,0.0,1
c5m_000443_d8d8a512,y_only,deinterleaving_pri_toa_amp_like,2,0,cluster_size_balance_entropy|min_intercluster_distance|noise_aware_silhouette,min_centroid_distance|neighborhood_purity_multi_k|silhouette,0,0.0,1
c5m_000473_f3df8f43,x_only,hybrid_mixed_geometry,2,0,contour_graph_connectivity|gridness_2d|morphological_band_count,gridness_fft_acf|neighborhood_purity_multi_k|silhouette,3,0.047041369769419,0
c5m_000473_f3df8f43,xy_2d,hybrid_mixed_geometry,1,0,convexity_solidity_image|edge_coherence|rectangularity|ridge_strength,calinski_harabasz|cluster_size_balance_entropy|corner_junction_density|fractal_dimension,4,0.04534894558629565,0
c5m_000473_f3df8f43,y_only,hybrid_mixed_geometry,2,0,calinski_harabasz|connectivity_components|corner_junction_density,alpha_shape_compactness|glcm_haralick|noise_aware_silhouette,2,0.0,1
c5m_000512_2b776805,x_only,texture_density_fields,0,0,alpha_shape_compactness|axial_symmetry|cluster_size_balance_entropy|min_intercluster_distance|symmetry_score,gridness_fft_acf|min_centroid_distance|neighborhood_purity|neighborhood_purity_multi_k|silhouette,3,0.1216938600243378,0
c5m_000512_2b776805,xy_2d,texture_density_fields,3,0,avg_pca_isotropy|periodicity_1d,alpha_shape_compactness|convexity_ratio,1,0.03867893917470955,0
c5m_000512_2b776805,y_only,texture_density_fields,2,0,convexity_ratio|parallel_bands|radial_uniformity,gridness_fft_acf|neighborhood_purity_multi_k|silhouette,3,-0.02243094019950881,0
c5m_000515_96b62f5b,x_only,parabolic_curved_chains,3,0,connectivity_components|min_intercluster_distance,cluster_size_balance_entropy|noise_aware_silhouette,1,0.0193359690428776,0
c5m_000515_96b62f5b,xy_2d,parabolic_curved_chains,3,0,parallel_bands|silhouette,connectivity_components|parabolicity,1,0.0012462052737337581,0
c5m_000515_96b62f5b,y_only,parabolic_curved_chains,2,0,davies_bouldin|gridness_fft_acf|ribbon_thickness,cluster_size_balance_entropy|min_intercluster_distance|turning_points_count,2,0.056205404028828815,0
c5m_000520_e20cbe59,x_only,radial_spiral_meander,1,0,cluster_size_balance_entropy|polygonality|radial_uniformity|symmetry_score,axial_symmetry|gridness_fft_acf|min_centroid_distance|noise_aware_silhouette,3,0.1785107745049683,0
c5m_000520_e20cbe59,xy_2d,radial_spiral_meander,4,0,corner_junction_density,convexity_ratio,1,0.0,1
c5m_000520_e20cbe59,y_only,radial_spiral_meander,2,0,alpha_shape_compactness|morphological_band_count|symmetry_score,connectivity_components|contour_graph_connectivity|silhouette,3,0.022911814552929566,0
c5m_000547_c55d5d6b,x_only,ladder_grid_lattice,1,0,axial_symmetry|min_intercluster_distance|morphological_band_count|parallel_bands,connected_components_count|noise_aware_silhouette|ribbon_thickness|silhouette,3,0.10255374091533181,0
c5m_000547_c55d5d6b,xy_2d,ladder_grid_lattice,3,0,connectivity_components|davies_bouldin,cluster_size_balance_entropy|gridness_fft_acf,1,-0.05194065762186573,1
c5m_000547_c55d5d6b,y_only,ladder_grid_lattice,2,0,cluster_size_balance_entropy|connectivity_components|piecewise_linearity,curvature_consistency|parallel_bands|ribbon_thickness,2,-7.147509426869147e-05,0
c5m_000559_5419ef29,x_only,piecewise_polylines_corners,0,0,avg_pca_isotropy|connected_components_count|connectivity_components|convexity_ratio|corner_junction_density,arc_circle_fit|cluster_size_balance_entropy|neighborhood_purity|noise_aware_silhouette|silhouette,4,-0.042406015117088414,0
c5m_000559_5419ef29,xy_2d,piecewise_polylines_corners,0,0,corner_junction_density|glcm_haralick|lbp_stationarity|periodicity_1d|thickness_uniformity,cluster_size_balance_entropy|connected_components_count|connectivity_components|convexity_ratio|skeleton_connectivity,5,0.0,1
c5m_000559_5419ef29,y_only,piecewise_polylines_corners,1,0,corner_junction_density|eccentricity_ratio|radial_uniformity|ribbon_thickness,axial_symmetry|cluster_size_balance_entropy|noise_aware_silhouette|silhouette,4,0.013108424611809222,0
c5m_000560_7468cc1d,x_only,hollow_topological_components,4,0,contour_graph_connectivity,glcm_haralick,1,0.0,1
c5m_000560_7468cc1d,xy_2d,hollow_topological_components,3,0,contour_graph_connectivity|convexity_ratio,circularity_compactness|cluster_size_balance_entropy,2,0.0,1
c5m_000560_7468cc1d,y_only,hollow_topological_components,1,0,connectivity_components|glcm_haralick|ribbon_thickness|symmetry_score,contour_graph_connectivity|davies_bouldin|noise_aware_silhouette|silhouette,4,0.050951389843548744,0
c5m_000569_ae03b1b6,x_only,arcs_circles_rings,2,0,axial_symmetry|convexity_ratio|ribbon_thickness,connected_components_count|glcm_haralick|lbp_stationarity,3,0.0,1
c5m_000569_ae03b1b6,xy_2d,arcs_circles_rings,2,0,avg_within_cluster_dispersion|hough_circle_arc_strength|ridge_strength,connected_components_count|connectivity_components|contour_graph_connectivity,2,0.0,1
c5m_000569_ae03b1b6,y_only,arcs_circles_rings,1,0,alpha_shape_compactness|ellipse_fit_score|hough_circle_arc_strength|parallel_bands,cluster_size_balance_entropy|contour_graph_connectivity|glcm_haralick|ribbon_thickness,4,-0.07584213840129034,1
c5m_000600_416e2094,x_only,linear_bands_parallel_stripes,0,0,circularity_compactness|cluster_size_imbalance_entropy|curvature_consistency|lbp_stationarity|orientation_histogram_entropy,davies_bouldin|eccentricity_ratio|glcm_haralick|gridness_fft_acf|s_dbw,4,0.00031977545204409997,0
c5m_000600_416e2094,xy_2d,linear_bands_parallel_stripes,1,0,alpha_shape_compactness|arc_circle_fit|avg_pca_isotropy|calinski_harabasz,avg_within_cluster_dispersion|corner_junction_density|fractal_dimension|glcm_haralick,2,0.025328332779336805,0
c5m_000600_416e2094,y_only,linear_bands_parallel_stripes,3,0,connected_components_count|fractal_dimension,contour_graph_connectivity|parallel_bands,2,0.0,1
c5m_000625_bb6213d2,x_only,polygons_rectangles_frames,4,0,axial_symmetry,convexity_ratio,1,0.0,1
c5m_000625_bb6213d2,xy_2d,polygons_rectangles_frames,2,0,connected_components_count|connectivity_components|thickness_uniformity,arc_circle_fit|avg_pca_isotropy|corner_junction_density,3,-0.023342326035615923,0
c5m_000625_bb6213d2,y_only,polygons_rectangles_frames,2,0,connected_components_count|contour_graph_connectivity|convexity_ratio,neighborhood_purity|neighborhood_purity_multi_k|silhouette,3,0.07402999881153527,0
c5m_000691_49eaaa32,x_only,deinterleaving_pri_toa_amp_like,0,0,alpha_shape_compactness|blobness_log_dog|cluster_size_balance_entropy|noise_aware_silhouette|silhouette,davies_bouldin|edge_coherence|euler_holes_count|gridness_fft_acf|ladderness,2,0.0003876718124598,0
c5m_000691_49eaaa32,xy_2d,deinterleaving_pri_toa_amp_like,2,0,corner_junction_density|fractal_dimension|skeleton_connectivity,connectivity_components|curvature_consistency|thickness_uniformity,3,0.0,1
c5m_000691_49eaaa32,y_only,deinterleaving_pri_toa_amp_like,4,0,calinski_harabasz,connected_components_count,0,0.0,1
c5m_000703_fc3ace52,x_only,radial_spiral_meander,4,0,gridness_fft_acf,noise_aware_silhouette,1,0.0,1
c5m_000703_fc3ace52,xy_2d,radial_spiral_meander,0,0,avg_within_cluster_dispersion|convexity_ratio|glcm_haralick|periodicity_1d|skeleton_connectivity,curvature_consistency|eccentricity_ratio|gridness_fft_acf|parallel_bands|ribbon_thickness,4,0.09201420026986018,1
c5m_000703_fc3ace52,y_only,radial_spiral_meander,3,0,morphological_band_count|turning_points_count,contour_graph_connectivity|ribbon_thickness,2,0.043638678672794196,1
c5m_000704_6942ce8e,x_only,texture_density_fields,1,0,cluster_size_balance_entropy|connectivity_components|parallel_bands|ribbon_thickness,gridness_fft_acf|min_centroid_distance|neighborhood_purity_multi_k|silhouette,3,0.05019832431109278,0
c5m_000704_6942ce8e,xy_2d,texture_density_fields,3,0,avg_within_cluster_dispersion|mst_smoothness,convexity_ratio|corner_junction_density,1,-0.14496375670708384,0
c5m_000704_6942ce8e,y_only,texture_density_fields,3,0,alpha_shape_compactness|hollow_score,axial_symmetry|convexity_ratio,2,0.0,1
c5m_000713_a81109fe,x_only,parabolic_curved_chains,3,0,axial_symmetry|min_intercluster_distance,cluster_size_balance_entropy|noise_aware_silhouette,1,0.0209317033901696,0
c5m_000713_a81109fe,xy_2d,parabolic_curved_chains,2,0,connected_components_count|davies_bouldin|glcm_haralick,cluster_size_balance_entropy|corner_junction_density|noise_aware_silhouette,2,-0.2124518511429988,0
c5m_000713_a81109fe,y_only,parabolic_curved_chains,4,0,alpha_shape_compactness,silhouette,1,-0.0405986962765697,0
c5m_000733_fca40e69,x_only,standard_clustering_blobs,2,0,connected_components_count|contour_graph_connectivity|corner_junction_density,connectivity_components|gridness_fft_acf|silhouette,3,-0.025524209850312507,0
c5m_000733_fca40e69,xy_2d,standard_clustering_blobs,2,0,contour_graph_connectivity|orientation_histogram_entropy|ridge_strength,calinski_harabasz|glcm_haralick|periodicity_1d,3,0.044483714986405465,1
c5m_000733_fca40e69,y_only,standard_clustering_blobs,4,0,alpha_shape_compactness,contour_graph_connectivity,1,0.0,1
c5m_000737_b5dbe0fa,x_only,hybrid_mixed_geometry,0,0,contour_graph_connectivity|gridness_fft_acf|min_centroid_distance|noise_aware_silhouette|silhouette,axial_symmetry|connected_components_count|convexity_ratio|parallel_bands|ribbon_thickness,2,-0.00782573641211498,1
c5m_000737_b5dbe0fa,xy_2d,hybrid_mixed_geometry,2,0,avg_within_cluster_dispersion|connectivity_components|gridness_fft_acf,connected_components_count|corner_junction_density|skeleton_connectivity,2,0.0,1
c5m_000737_b5dbe0fa,y_only,hybrid_mixed_geometry,4,0,cluster_size_balance_entropy,connected_components_count,0,0.0005054806611185514,0
c5m_000738_94f5418d,x_only,ladder_grid_lattice,2,0,cluster_size_balance_entropy|connectivity_components|contour_graph_connectivity,gridness_fft_acf|min_centroid_distance|parallel_bands,2,-0.0013364537797099924,0
c5m_000738_94f5418d,xy_2d,ladder_grid_lattice,2,0,avg_pca_isotropy|cluster_size_balance_entropy|convexity_ratio,connectivity_components|gridness_fft_acf|ladderness,1,-0.006280591291929094,0
c5m_000738_94f5418d,y_only,ladder_grid_lattice,1,0,alpha_shape_compactness|connectivity_components|contour_graph_connectivity|convexity_ratio,gridness_fft_acf|min_centroid_distance|neighborhood_purity|neighborhood_purity_multi_k,4,-0.00022788656225730675,0
c5m_000749_6be1c1c3,x_only,piecewise_polylines_corners,1,0,alpha_shape_compactness|calinski_harabasz|gridness_2d|ribbon_thickness,axial_symmetry|connected_components_count|contour_graph_connectivity|glcm_haralick,3,0.05344887231528689,1
c5m_000749_6be1c1c3,xy_2d,piecewise_polylines_corners,4,0,cluster_size_balance_entropy,glcm_haralick,0,0.0,1
c5m_000749_6be1c1c3,y_only,piecewise_polylines_corners,3,0,connected_components_count|convexity_ratio,alpha_shape_compactness|radial_uniformity,2,0.03032436165203589,0
c5m_000767_0b2d8afc,x_only,hollow_topological_components,3,0,direction_entropy|min_intercluster_distance,gridness_fft_acf|noise_aware_silhouette,1,0.00012940788347937104,0
c5m_000767_0b2d8afc,xy_2d,hollow_topological_components,1,0,avg_within_cluster_dispersion|edge_coherence|orientation_histogram_entropy|periodicity_1d,alpha_shape_compactness|avg_pca_isotropy|convexity_solidity_image|radial_uniformity,3,0.0,1
c5m_000767_0b2d8afc,y_only,hollow_topological_components,1,0,cluster_size_balance_entropy|convexity_solidity_image|radial_uniformity|ribbon_thickness,gridness_fft_acf|min_centroid_distance|neighborhood_purity_multi_k|silhouette,3,0.1608314892958832,0
c5m_000772_412d04b1,x_only,arcs_circles_rings,2,0,contour_graph_connectivity|corner_junction_density|glcm_haralick,davies_bouldin|noise_aware_silhouette|silhouette,3,0.05658839881322242,0
c5m_000772_412d04b1,xy_2d,arcs_circles_rings,4,0,contour_graph_connectivity,hollow_score,1,0.002953638426989369,0
c5m_000772_412d04b1,y_only,arcs_circles_rings,2,0,hough_circle_arc_strength|neighborhood_purity|silhouette,connected_components_count|contour_graph_connectivity|noise_aware_silhouette,1,0.0,1
c5m_000795_baa76157,x_only,polygons_rectangles_frames,2,0,convexity_ratio|morphological_band_count|silhouette,contour_graph_connectivity|corner_junction_density|glcm_haralick,2,0.15486164572035538,1
c5m_000795_baa76157,xy_2d,polygons_rectangles_frames,0,0,corner_junction_density|edge_coherence|hough_circle_arc_strength|lbp_stationarity|ridge_strength,calinski_harabasz|cluster_size_balance_entropy|connected_components_count|connectivity_components|convexity_ratio,5,-0.05283494796653576,0
c5m_000795_baa76157,y_only,polygons_rectangles_frames,2,0,convexity_ratio|radial_uniformity|silhouette,cluster_size_balance_entropy|contour_graph_connectivity|glcm_haralick,2,0.02012915524789849,0
c5m_000809_764924fb,x_only,linear_bands_parallel_stripes,0,0,corner_sharpness|gridness_2d|hough_circle_arc_strength|parabolicity|turning_points_count,curvature_consistency|edge_coherence|euler_holes_count|gridness_fft_acf|ladderness,5,6.236484215904106e-05,0
c5m_000809_764924fb,xy_2d,linear_bands_parallel_stripes,1,0,circularity_compactness|connected_components_count|contour_graph_connectivity|thickness_uniformity,corner_junction_density|fractal_dimension|glcm_haralick|ridge_strength,4,0.0,1
c5m_000809_764924fb,y_only,linear_bands_parallel_stripes,3,0,direction_entropy|neighborhood_purity,connectivity_components|noise_aware_silhouette,1,0.013837081775229104,0
c5m_000882_b82f2068,x_only,standard_clustering_blobs,2,0,convexity_ratio|corner_junction_density|ribbon_thickness,axial_symmetry|connected_components_count|noise_aware_silhouette,3,0.0029293268905198344,0
c5m_000882_b82f2068,xy_2d,standard_clustering_blobs,4,0,s_dbw,noise_aware_silhouette,0,-0.0007625420316513809,0
c5m_000882_b82f2068,y_only,standard_clustering_blobs,1,0,connectivity_components|contour_graph_connectivity|radial_uniformity|ribbon_thickness,alpha_shape_compactness|axial_symmetry|gridness_fft_acf|silhouette,4,0.006818551891626723,0
c5m_000883_f1d107d5,x_only,texture_density_fields,1,0,convexity_ratio|min_intercluster_distance|morphological_band_count|parallel_bands,connected_components_count|gridness_fft_acf|neighborhood_purity_multi_k|silhouette,3,0.0,1
c5m_000883_f1d107d5,xy_2d,texture_density_fields,2,0,circularity_compactness|ridge_strength|skeleton_connectivity,calinski_harabasz|cluster_size_balance_entropy|connected_components_count,3,0.0,1
c5m_000883_f1d107d5,y_only,texture_density_fields,4,0,morphological_band_count,contour_graph_connectivity,1,0.07500677154150509,0
c5m_000894_2ef435eb,x_only,parabolic_curved_chains,2,0,connected_components_count|contour_graph_connectivity|convexity_ratio,cluster_size_balance_entropy|neighborhood_purity_multi_k|parabolicity,3,-0.0070271763829527975,0
c5m_000894_2ef435eb,xy_2d,parabolic_curved_chains,3,0,min_intercluster_distance|piecewise_linearity,min_centroid_distance|noise_aware_silhouette,1,0.016330988811789904,0
c5m_000894_2ef435eb,y_only,parabolic_curved_chains,4,0,piecewise_linearity,neighborhood_purity_multi_k,1,9.119172097782346e-05,0
c5m_000924_7f9c85bd,x_only,deinterleaving_pri_toa_amp_like,0,0,axial_symmetry|connected_components_count|contour_graph_connectivity|parallel_bands|ribbon_thickness,cluster_size_imbalance_entropy|eccentricity_ratio|edge_coherence|line_straightness|orientation_histogram_entropy,5,0.0017680745848757,0
c5m_000924_7f9c85bd,xy_2d,deinterleaving_pri_toa_amp_like,5,1,,,0,0.0,1
c5m_000924_7f9c85bd,y_only,deinterleaving_pri_toa_amp_like,2,0,contour_graph_connectivity|parallel_bands|symmetry_score,cluster_size_balance_entropy|curvature_consistency|ribbon_thickness,3,-0.010750270257370603,0
c5m_000936_cc8b5375,x_only,ladder_grid_lattice,1,0,cluster_size_balance_entropy|gridness_fft_acf|noise_aware_silhouette|symmetry_score,min_centroid_distance|neighborhood_purity|neighborhood_purity_multi_k|silhouette,2,0.028211367854706598,0
c5m_000936_cc8b5375,xy_2d,ladder_grid_lattice,1,0,connectivity_components|corner_sharpness|glcm_haralick|min_centroid_distance,avg_pca_isotropy|calinski_harabasz|gridness_fft_acf|noise_aware_silhouette,3,0.038857889819953306,0
c5m_000936_cc8b5375,y_only,ladder_grid_lattice,1,0,connected_components_count|contour_graph_connectivity|parallel_bands|ribbon_thickness,gridness_fft_acf|min_centroid_distance|neighborhood_purity_multi_k|silhouette,4,-0.004578074907741002,0
c5m_000961_f0cb351e,x_only,hollow_topological_components,3,0,axial_symmetry|connected_components_count,fractal_dimension|radial_uniformity,2,0.08823133258895716,0
c5m_000961_f0cb351e,xy_2d,hollow_topological_components,1,0,fractal_dimension|gridness_2d|hough_circle_arc_strength|lbp_stationarity,calinski_harabasz|connected_components_count|contour_graph_connectivity|radial_uniformity,4,0.0,1
c5m_000961_f0cb351e,y_only,hollow_topological_components,2,0,contour_graph_connectivity|convexity_ratio|glcm_haralick,alpha_shape_compactness|parallel_bands|silhouette,3,-0.08191698013040088,0
c5m_000980_7ca9db4f,x_only,piecewise_polylines_corners,4,0,radial_uniformity,corner_junction_density,1,0.052756053260982094,0
c5m_000980_7ca9db4f,xy_2d,piecewise_polylines_corners,0,0,arc_circle_fit|avg_pca_isotropy|circularity_compactness|fractal_dimension|ridge_strength,calinski_harabasz|connected_components_count|connectivity_components|contour_graph_connectivity|convexity_ratio,4,0.11502369671145074,1
c5m_000980_7ca9db4f,y_only,piecewise_polylines_corners,3,0,alpha_shape_compactness|axial_symmetry,corner_junction_density|glcm_haralick,2,0.0,1
c5m_000989_2516096b,x_only,standard_clustering_blobs,2,0,fractal_dimension|parallel_bands|symmetry_score,axial_symmetry|convexity_ratio|corner_junction_density,3,0.03235448447013173,0
c5m_000989_2516096b,xy_2d,standard_clustering_blobs,2,0,avg_within_cluster_dispersion|ridge_strength|thickness_uniformity,circularity_compactness|corner_junction_density|glcm_haralick,2,-0.017680540076992823,0
c5m_000989_2516096b,y_only,standard_clustering_blobs,0,0,axial_symmetry|cluster_size_balance_entropy|convexity_ratio|parallel_bands|radial_uniformity,gridness_fft_acf|min_centroid_distance|neighborhood_purity_multi_k|noise_aware_silhouette|silhouette,4,0.0671981063836948,0
c5m_000993_794d54fd,x_only,hybrid_mixed_geometry,0,0,avg_pca_isotropy|contour_graph_connectivity|corner_junction_density|fractal_dimension|ridge_strength,axial_symmetry|neighborhood_purity|neighborhood_purity_multi_k|noise_aware_silhouette|silhouette,4,0.10327118837672167,1
c5m_000993_794d54fd,xy_2d,hybrid_mixed_geometry,2,0,avg_pca_isotropy|hough_circle_arc_strength|periodicity_1d,calinski_harabasz|connectivity_components|contour_graph_connectivity,2,-0.004127617788124316,0
c5m_000993_794d54fd,y_only,hybrid_mixed_geometry,3,0,noise_aware_silhouette|radial_uniformity,contour_graph_connectivity|convexity_ratio,1,0.0,1
c5m_001019_c33f4053,x_only,linear_bands_parallel_stripes,4,0,cluster_size_balance_entropy,min_centroid_distance,0,0.0018087216480673907,0
c5m_001019_c33f4053,xy_2d,linear_bands_parallel_stripes,1,0,connectivity_components|noise_aware_silhouette|polygonality|silhouette,eccentricity_ratio|line_straightness|radial_uniformity|ribbon_thickness,2,0.10135483701767672,0
c5m_001019_c33f4053,y_only,linear_bands_parallel_stripes,4,0,glcm_haralick,radial_uniformity,1,0.0,1
c5m_001063_f24a9824,x_only,radial_spiral_meander,3,0,connectivity_components|neighborhood_purity,connected_components_count|ribbon_thickness,1,0.15319884887894947,0
c5m_001063_f24a9824,xy_2d,radial_spiral_meander,3,0,lbp_stationarity|piecewise_linearity,connectivity_components|convexity_ratio,2,0.0,1
c5m_001063_f24a9824,y_only,radial_spiral_meander,3,0,alpha_shape_compactness|axial_symmetry,calinski_harabasz|cluster_size_balance_entropy,2,0.0,1
c5m_001064_847a602c,x_only,texture_density_fields,2,0,connected_components_count|fractal_dimension|lbp_stationarity,axial_symmetry|cluster_size_balance_entropy|parallel_bands,3,0.0183422635778151,1
c5m_001064_847a602c,xy_2d,texture_density_fields,2,0,connectivity_components|hough_circle_arc_strength|ridge_strength,contour_graph_connectivity|convexity_ratio|corner_junction_density,3,0.10450926894838597,1
c5m_001064_847a602c,y_only,texture_density_fields,3,0,alpha_shape_compactness|direction_entropy,connected_components_count|convexity_ratio,2,0.0,1
c5m_001122_7331cf1f,x_only,ladder_grid_lattice,1,0,axial_symmetry|connected_components_count|contour_graph_connectivity|parallel_bands,gridness_fft_acf|min_centroid_distance|neighborhood_purity_multi_k|silhouette,4,0.052101806396067096,0
c5m_001122_7331cf1f,xy_2d,ladder_grid_lattice,5,1,,,0,0.0,1
c5m_001122_7331cf1f,y_only,ladder_grid_lattice,2,0,cluster_size_balance_entropy|hough_line_strength|parallel_bands,neighborhood_purity|neighborhood_purity_multi_k|silhouette,2,0.031116453186257997,0
c5m_001141_452f2566,x_only,polygons_rectangles_frames,3,0,glcm_haralick|gridness_2d,contour_graph_connectivity|corner_junction_density,2,0.009930022903634594,1
c5m_001141_452f2566,xy_2d,polygons_rectangles_frames,3,0,lbp_stationarity|periodicity_1d,calinski_harabasz|cluster_size_balance_entropy,2,-0.04422675329945558,0
c5m_001141_452f2566,y_only,polygons_rectangles_frames,2,0,alpha_shape_compactness|radial_uniformity|symmetry_score,connected_components_count|contour_graph_connectivity|noise_aware_silhouette,3,0.08781079170260542,0
c5m_001165_7b0bb520,x_only,hollow_topological_components,3,0,alpha_shape_compactness|contour_graph_connectivity,axial_symmetry|cluster_size_balance_entropy,2,0.007816403832146379,0
c5m_001165_7b0bb520,xy_2d,hollow_topological_components,1,0,avg_within_cluster_dispersion|connected_components_count|periodicity_1d|skeleton_connectivity,alpha_shape_compactness|convexity_ratio|corner_junction_density|glcm_haralick,3,0.0,1
c5m_001165_7b0bb520,y_only,hollow_topological_components,3,0,fractal_dimension|ribbon_thickness,gridness_fft_acf|silhouette,2,0.010374990097367753,0
c5m_001169_eb6d3e0c,x_only,piecewise_polylines_corners,2,0,axial_symmetry|corner_junction_density|corner_sharpness,cluster_size_balance_entropy|lbp_stationarity|ribbon_thickness,3,0.09881619804586039,0
c5m_001169_eb6d3e0c,xy_2d,piecewise_polylines_corners,1,0,corner_sharpness|edge_coherence|polygonality|thickness_uniformity,connected_components_count|connectivity_components|contour_graph_connectivity|noise_aware_silhouette,4,0.06265836385531565,0
c5m_001169_eb6d3e0c,y_only,piecewise_polylines_corners,1,0,corner_junction_density|polygonality|ribbon_thickness|symmetry_score,contour_graph_connectivity|convexity_ratio|gridness_fft_acf|noise_aware_silhouette,4,0.2447539301308408,0
c5m_001176_711519eb,x_only,deinterleaving_pri_toa_amp_like,3,0,hollow_score|hough_line_strength,neighborhood_purity|silhouette,2,0.009755343812907005,0
c5m_001176_711519eb,xy_2d,deinterleaving_pri_toa_amp_like,1,0,alpha_shape_compactness|axial_symmetry|calinski_harabasz|noise_aware_silhouette,connected_components_count|corner_junction_density|gridness_fft_acf|ribbon_thickness,2,0.11448161582741959,0
c5m_001176_711519eb,y_only,deinterleaving_pri_toa_amp_like,3,0,glcm_haralick|hough_line_strength,gridness_fft_acf|parallel_bands,2,0.0,1
c5m_001189_5b35ba85,x_only,arcs_circles_rings,2,0,connected_components_count|corner_junction_density|radial_uniformity,cluster_size_balance_entropy|parallel_bands|ribbon_thickness,3,0.06277330337141507,1
c5m_001189_5b35ba85,xy_2d,arcs_circles_rings,2,0,convexity_ratio|curvature_consistency|lbp_stationarity,connected_components_count|contour_graph_connectivity|corner_junction_density,3,0.0,1
c5m_001189_5b35ba85,y_only,arcs_circles_rings,3,0,axial_symmetry|corner_sharpness,connected_components_count|curvature_consistency,2,0.0,1
c5m_001240_6b77dc1e,x_only,radial_spiral_meander,2,0,axial_symmetry|fractal_dimension|glcm_haralick,cluster_size_balance_entropy|gridness_fft_acf|silhouette,3,0.0,1
c5m_001240_6b77dc1e,xy_2d,radial_spiral_meander,1,0,alpha_shape_compactness|calinski_harabasz|contour_graph_connectivity|mst_smoothness,connectivity_components|curvature_consistency|gridness_fft_acf|ribbon_thickness,3,0.06299836501571032,1
c5m_001240_6b77dc1e,y_only,radial_spiral_meander,1,0,cluster_size_balance_entropy|connectivity_components|min_intercluster_distance|piecewise_linearity,axial_symmetry|gridness_fft_acf|neighborhood_purity_multi_k|silhouette,2,0.0,1
c5m_001249_a75fbb1f,x_only,texture_density_fields,4,0,connectivity_components,corner_junction_density,1,0.0,1
c5m_001249_a75fbb1f,xy_2d,texture_density_fields,2,0,contour_graph_connectivity|fractal_dimension|orientation_histogram_entropy,avg_within_cluster_dispersion|corner_junction_density|glcm_haralick,3,0.0,1
c5m_001249_a75fbb1f,y_only,texture_density_fields,3,0,convexity_ratio|noise_aware_silhouette,axial_symmetry|gridness_fft_acf,1,-0.00022787239885624366,0
c5m_001250_62d31e7b,x_only,parabolic_curved_chains,0,0,alpha_shape_compactness|axial_symmetry|corner_junction_density|noise_aware_silhouette|ridge_strength,cluster_size_balance_entropy|gridness_fft_acf|neighborhood_purity|neighborhood_purity_multi_k|silhouette,4,0.03903693512411699,0
c5m_001250_62d31e7b,xy_2d,parabolic_curved_chains,2,0,avg_pca_isotropy|hollow_score|mst_smoothness,connected_components_count|corner_junction_density|glcm_haralick,2,0.1321955110265314,0
c5m_001250_62d31e7b,y_only,parabolic_curved_chains,3,0,contour_graph_connectivity|ladderness,radial_uniformity|ribbon_thickness,2,0.10509596510680852,0
c5m_001252_c53f7706,x_only,hybrid_mixed_geometry,3,0,gridness_fft_acf|parallel_bands,min_centroid_distance|noise_aware_silhouette,2,0.02437250672076921,0
c5m_001252_c53f7706,xy_2d,hybrid_mixed_geometry,1,0,avg_within_cluster_dispersion|corner_junction_density|ellipse_fit_score|gridness_fft_acf,connectivity_components|noise_aware_silhouette|parabolicity|silhouette,3,-0.05415635338056102,1
c5m_001252_c53f7706,y_only,hybrid_mixed_geometry,2,0,cluster_size_balance_entropy|radial_uniformity|turning_points_count,gridness_fft_acf|parallel_bands|ribbon_thickness,2,0.019844070297995092,0
c5m_001252_e4c44900,x_only,linear_bands_parallel_stripes,2,0,arc_circle_fit|avg_pca_isotropy|ladderness,edge_coherence|orientation_histogram_entropy|parabolicity,2,0.0004709283577623341,0
c5m_001252_e4c44900,xy_2d,linear_bands_parallel_stripes,2,0,axial_symmetry|min_intercluster_distance|silhouette,calinski_harabasz|connectivity_components|gridness_fft_acf,1,0.0,1
c5m_001252_e4c44900,y_only,linear_bands_parallel_stripes,4,0,ribbon_thickness,connectivity_components,1,-0.0013610839550766696,0
c5m_001316_66bb1387,x_only,ladder_grid_lattice,1,0,connectivity_components|gridness_fft_acf|noise_aware_silhouette|parallel_bands,min_centroid_distance|neighborhood_purity|neighborhood_purity_multi_k|silhouette,3,0.046913130156676,0
c5m_001316_66bb1387,xy_2d,ladder_grid_lattice,2,0,axial_symmetry|connectivity_components|convexity_ratio,avg_pca_isotropy|calinski_harabasz|noise_aware_silhouette,3,-0.006635638322529003,0
c5m_001316_66bb1387,y_only,ladder_grid_lattice,0,0,cluster_size_balance_entropy|contour_graph_connectivity|hough_circle_arc_strength|hough_line_strength|ribbon_thickness,gridness_fft_acf|min_centroid_distance|neighborhood_purity|neighborhood_purity_multi_k|silhouette,4,0.008681860476744699,0
c5m_001368_9137ef2e,x_only,hollow_topological_components,3,0,radial_uniformity|symmetry_score,cluster_size_balance_entropy|ribbon_thickness,2,0.0,1
c5m_001368_9137ef2e,xy_2d,hollow_topological_components,2,0,glcm_haralick|lbp_stationarity|ridge_strength,connected_components_count|connectivity_components|convexity_ratio,3,0.0,1
c5m_001368_9137ef2e,y_only,hollow_topological_components,3,0,axial_symmetry|glcm_haralick,parallel_bands|ribbon_thickness,2,0.09678276933926327,0
c5m_001378_58c8a565,x_only,piecewise_polylines_corners,3,0,connected_components_count|symmetry_score,cluster_size_balance_entropy|parallel_bands,2,0.0,1
c5m_001378_58c8a565,xy_2d,piecewise_polylines_corners,2,0,corner_junction_density|hough_circle_arc_strength|ridge_strength,connectivity_components|contour_graph_connectivity|s_dbw,3,0.0034026584254128744,0
c5m_001378_58c8a565,y_only,piecewise_polylines_corners,3,0,convexity_ratio|dbcv,cluster_size_balance_entropy|contour_graph_connectivity,1,0.002347122571122351,0
c5m_001433_d78c3e10,x_only,deinterleaving_pri_toa_amp_like,4,0,min_intercluster_distance,neighborhood_purity_multi_k,0,0.0,1
c5m_001433_d78c3e10,xy_2d,deinterleaving_pri_toa_amp_like,3,0,davies_bouldin|mst_smoothness,corner_junction_density|curvature_consistency,1,-0.06663415896107278,1
c5m_001433_d78c3e10,y_only,deinterleaving_pri_toa_amp_like,3,0,min_centroid_distance|neighborhood_purity,convexity_ratio|silhouette,0,-0.006526830814595708,0
c5m_001436_beb9618c,x_only,deinterleaving_pri_toa_amp_like,3,0,axial_symmetry|gridness_fft_acf,neighborhood_purity_multi_k|silhouette,2,-0.007303703982010204,1
c5m_001436_beb9618c,xy_2d,deinterleaving_pri_toa_amp_like,0,0,axial_symmetry|gridness_fft_acf|noise_aware_silhouette|s_dbw|silhouette,connected_components_count|contour_graph_connectivity|corner_junction_density|glcm_haralick|periodicity_1d,2,0.0678387619029251,0
c5m_001436_beb9618c,y_only,deinterleaving_pri_toa_amp_like,2,0,connected_components_count|curvature_consistency|symmetry_score,cluster_size_balance_entropy|ladderness|ribbon_thickness,3,0.0,1
c5m_001471_396f9d77,x_only,arcs_circles_rings,3,0,alpha_shape_compactness|lbp_stationarity,convexity_ratio|silhouette,2,0.0,1
c5m_001471_396f9d77,xy_2d,arcs_circles_rings,3,0,calinski_harabasz|s_dbw,glcm_haralick|skeleton_connectivity,0,0.0,1
c5m_001471_396f9d77,y_only,arcs_circles_rings,2,0,avg_within_cluster_dispersion|corner_junction_density|corner_sharpness,axial_symmetry|contour_graph_connectivity|lbp_stationarity,2,0.0314382243319431,1
c5m_001513_57ce7a92,x_only,hybrid_mixed_geometry,0,0,alpha_shape_compactness|axial_symmetry|contour_graph_connectivity|convexity_ratio|ribbon_thickness,gridness_fft_acf|min_centroid_distance|neighborhood_purity|neighborhood_purity_multi_k|silhouette,5,0.0647196292277854,0
c5m_001513_57ce7a92,xy_2d,hybrid_mixed_geometry,0,0,cluster_size_balance_entropy|curvature_consistency|edge_coherence|fractal_dimension|glcm_haralick,alpha_shape_compactness|connected_components_count|convexity_ratio|corner_junction_density|hollow_score,4,0.1465324483851674,0
c5m_001513_57ce7a92,y_only,hybrid_mixed_geometry,3,0,connectivity_components|hollow_score,connected_components_count|silhouette,2,0.0701293540307355,0
c5m_001674_d3d591bc,x_only,arcs_circles_rings,2,0,gridness_fft_acf|noise_aware_silhouette|parallel_bands,convexity_ratio|fractal_dimension|glcm_haralick,2,0.026641391637343498,0
c5m_001674_d3d591bc,xy_2d,arcs_circles_rings,0,0,connectivity_components|contour_graph_connectivity|dbcv|euler_holes_count|min_intercluster_distance,calinski_harabasz|corner_junction_density|fractal_dimension|glcm_haralick|periodicity_1d,3,0.14767543104990002,0
c5m_001674_d3d591bc,y_only,arcs_circles_rings,1,0,connected_components_count|corner_junction_density|fractal_dimension|glcm_haralick,gridness_fft_acf|neighborhood_purity|neighborhood_purity_multi_k|silhouette,4,0.07550117448394258,0
c5m_001702_242a50bc,x_only,deinterleaving_pri_toa_amp_like,1,0,convexity_ratio|gridness_fft_acf|min_centroid_distance|rectangularity,corner_junction_density|glcm_haralick|parallel_bands|ribbon_thickness,3,0.0118931892197582,0
c5m_001702_242a50bc,xy_2d,deinterleaving_pri_toa_amp_like,1,0,alpha_shape_compactness|corner_junction_density|glcm_haralick|symmetry_score,curvature_consistency|ridge_strength|skeleton_connectivity|thickness_uniformity,4,0.0,1
c5m_001702_242a50bc,y_only,deinterleaving_pri_toa_amp_like,2,0,axial_symmetry|hough_line_strength|ladderness,connected_components_count|parallel_bands|symmetry_score,3,0.10755873155817108,0
c5m_001791_24f7f67c,x_only,hybrid_mixed_geometry,2,0,contour_graph_connectivity|parallel_bands|ribbon_thickness,connected_components_count|neighborhood_purity_multi_k|silhouette,3,0.04228748674654942,0
c5m_001791_24f7f67c,xy_2d,hybrid_mixed_geometry,5,1,,,0,0.0,1
c5m_001791_24f7f67c,y_only,hybrid_mixed_geometry,5,1,,,0,0.0,1
c5m_001792_c67b8730,x_only,hybrid_mixed_geometry,4,0,contour_graph_connectivity,connected_components_count,1,0.01303465237512269,0
c5m_001792_c67b8730,xy_2d,hybrid_mixed_geometry,0,0,connectivity_components|contour_graph_connectivity|convexity_ratio|glcm_haralick|thickness_uniformity,calinski_harabasz|cluster_size_balance_entropy|connected_components_count|corner_junction_density|noise_aware_silhouette,5,0.0,1
c5m_001792_c67b8730,y_only,hybrid_mixed_geometry,2,0,axial_symmetry|connectivity_components|noise_aware_silhouette,connected_components_count|glcm_haralick|ribbon_thickness,2,0.013737924933881818,1
c5vh_000178_5c979756,x_only,parabolic_curved_chains,3,0,gridness_fft_acf|parabolicity,noise_aware_silhouette|silhouette,2,0.0,1
c5vh_000178_5c979756,xy_2d,parabolic_curved_chains,1,0,alpha_shape_compactness|avg_within_cluster_dispersion|connected_components_count|s_dbw,calinski_harabasz|connectivity_components|glcm_haralick|silhouette,2,0.06046282785792721,0
c5vh_000178_5c979756,y_only,parabolic_curved_chains,2,0,corner_junction_density|curvature_consistency|ladderness,cluster_size_balance_entropy|gridness_fft_acf|noise_aware_silhouette,3,-0.004136623705794998,0
c5vh_000188_9a46ea90,x_only,hollow_topological_components,3,0,axial_symmetry|connectivity_components,gridness_fft_acf|silhouette,2,0.0015360928973535692,0
c5vh_000188_9a46ea90,xy_2d,hollow_topological_components,0,0,avg_within_cluster_dispersion|corner_junction_density|ridge_strength|skeleton_connectivity|thickness_uniformity,avg_pca_isotropy|cluster_size_balance_entropy|contour_graph_connectivity|noise_aware_silhouette|silhouette,4,-0.05546906851325911,1
c5vh_000188_9a46ea90,y_only,hollow_topological_components,2,0,alpha_shape_compactness|avg_pca_isotropy|cluster_size_balance_entropy,connected_components_count|contour_graph_connectivity|glcm_haralick,1,0.057778978869550524,0
c5vh_000189_24eed0af,x_only,piecewise_polylines_corners,3,0,corner_junction_density|glcm_haralick,axial_symmetry|silhouette,2,0.0,1
c5vh_000189_24eed0af,xy_2d,piecewise_polylines_corners,1,0,convexity_ratio|periodicity_1d|radial_uniformity|ridge_strength,calinski_harabasz|connected_components_count|contour_graph_connectivity|glcm_haralick,4,0.0,1
c5vh_000189_24eed0af,y_only,piecewise_polylines_corners,1,0,convexity_ratio|hough_circle_arc_strength|parallel_bands|ribbon_thickness,axial_symmetry|connectivity_components|noise_aware_silhouette|silhouette,4,0.019919851591562704,0
c5vh_000217_f736c55e,x_only,linear_bands_parallel_stripes,3,0,contour_graph_connectivity|radial_uniformity,eccentricity_ratio|glcm_haralick,2,0.0,1
c5vh_000217_f736c55e,xy_2d,linear_bands_parallel_stripes,0,0,circularity_compactness|connected_components_count|contour_graph_connectivity|convexity_solidity_image|hollow_score,corner_junction_density|fractal_dimension|glcm_haralick|periodicity_1d|ridge_strength,5,0.051370782952894906,0
c5vh_000217_f736c55e,y_only,linear_bands_parallel_stripes,3,0,connectivity_components|ribbon_thickness,cluster_size_balance_entropy|neighborhood_purity,2,-0.02042228556247319,0
c5vh_000239_7c9332c0,x_only,deinterleaving_pri_toa_amp_like,3,0,eccentricity_ratio|radial_uniformity,parallel_bands|skeleton_connectivity,2,0.0,1
c5vh_000239_7c9332c0,xy_2d,deinterleaving_pri_toa_amp_like,1,0,cluster_size_imbalance_entropy|curvature_consistency|skeleton_connectivity|thickness_uniformity,connected_components_count|corner_junction_density|glcm_haralick|ridge_strength,3,0.0338440844494249,0
c5vh_000239_7c9332c0,y_only,deinterleaving_pri_toa_amp_like,2,0,convexity_ratio|min_centroid_distance|noise_aware_silhouette,connected_components_count|parallel_bands|ribbon_thickness,1,0.035556336387288695,0
c5vh_000250_d154ffb1,x_only,hybrid_mixed_geometry,2,0,connectivity_components|convexity_ratio|min_intercluster_distance,connected_components_count|gridness_fft_acf|parallel_bands,2,-0.025564046726231193,0
c5vh_000250_d154ffb1,xy_2d,hybrid_mixed_geometry,0,0,alpha_shape_compactness|avg_within_cluster_dispersion|contour_graph_connectivity|corner_junction_density|glcm_haralick,calinski_harabasz|curvature_consistency|gridness_fft_acf|noise_aware_silhouette|silhouette,4,-0.11546026544467061,0
c5vh_000250_d154ffb1,y_only,hybrid_mixed_geometry,2,0,connectivity_components|parallel_bands|symmetry_score,min_centroid_distance|neighborhood_purity_multi_k|silhouette,3,0.052526304789612704,0
c5vh_000358_fa87f43f,x_only,texture_density_fields,2,0,direction_entropy|hough_line_strength|neighborhood_purity,axial_symmetry|connectivity_components|silhouette,2,0.007018236248772014,0
c5vh_000358_fa87f43f,xy_2d,texture_density_fields,0,0,connected_components_count|edge_coherence|ellipse_fit_score|morphological_band_count|periodicity_1d,alpha_shape_compactness|calinski_harabasz|convexity_ratio|corner_junction_density|glcm_haralick,5,0.05323864484778029,1
c5vh_000358_fa87f43f,y_only,texture_density_fields,1,0,connectivity_components|contour_graph_connectivity|convexity_ratio|ribbon_thickness,direction_entropy|gridness_fft_acf|neighborhood_purity_multi_k|silhouette,4,0.0318766989121082,0
c5vh_000389_a5c1604f,x_only,piecewise_polylines_corners,0,0,axial_symmetry|cluster_size_balance_entropy|connected_components_count|contour_graph_connectivity|parallel_bands,gridness_fft_acf|neighborhood_purity|neighborhood_purity_multi_k|noise_aware_silhouette|silhouette,4,0.054494078163072446,1
c5vh_000389_a5c1604f,xy_2d,piecewise_polylines_corners,1,0,alpha_shape_compactness|connected_components_count|fractal_dimension|lbp_stationarity,cluster_size_balance_entropy|corner_junction_density|periodicity_1d|ridge_strength,4,0.0,1
c5vh_000389_a5c1604f,y_only,piecewise_polylines_corners,1,0,connected_components_count|fractal_dimension|glcm_haralick|radial_uniformity,alpha_shape_compactness|axial_symmetry|cluster_size_balance_entropy|noise_aware_silhouette,4,0.015708760949283196,0
c5vh_000390_a76d8222,x_only,hollow_topological_components,2,0,alpha_shape_compactness|corner_junction_density|glcm_haralick,cluster_size_balance_entropy|connectivity_components|convexity_ratio,3,0.06101086416405871,0
c5vh_000390_a76d8222,xy_2d,hollow_topological_components,4,0,convexity_ratio,corner_junction_density,1,0.0,1
c5vh_000390_a76d8222,y_only,hollow_topological_components,1,0,connectivity_components|contour_graph_connectivity|radial_uniformity|symmetry_score,cluster_size_balance_entropy|glcm_haralick|parallel_bands|ribbon_thickness,4,0.0,1
c5vh_000396_9c0638d6,x_only,arcs_circles_rings,1,0,connected_components_count|convexity_ratio|parallel_bands|symmetry_score,connectivity_components|gridness_fft_acf|min_centroid_distance|silhouette,4,0.07885386041117651,0
c5vh_000396_9c0638d6,xy_2d,arcs_circles_rings,3,0,circularity_compactness|corner_sharpness,convexity_solidity_image|glcm_haralick,2,0.0,1
c5vh_000396_9c0638d6,y_only,arcs_circles_rings,1,0,contour_graph_connectivity|gridness_2d|min_intercluster_distance|symmetry_score,cluster_size_balance_entropy|connectivity_components|convexity_ratio|noise_aware_silhouette,3,0.0,1
c5vh_000495_06761d3e,x_only,hybrid_mixed_geometry,4,0,hough_line_strength,silhouette,1,0.0,1
c5vh_000495_06761d3e,xy_2d,hybrid_mixed_geometry,5,1,,,0,0.0,1
c5vh_000495_06761d3e,y_only,hybrid_mixed_geometry,1,0,convexity_ratio|corner_junction_density|glcm_haralick|parallel_bands,axial_symmetry|gridness_fft_acf|neighborhood_purity_multi_k|silhouette,4,0.0882541523141738,0
c5vh_000540_9d3325b7,x_only,radial_spiral_meander,3,0,axial_symmetry|connectivity_components,min_centroid_distance|neighborhood_purity_multi_k,2,0.0,1
c5vh_000540_9d3325b7,xy_2d,radial_spiral_meander,1,0,avg_pca_isotropy|axial_symmetry|contour_graph_connectivity|corner_sharpness,alpha_shape_compactness|calinski_harabasz|corner_junction_density|glcm_haralick,3,0.0,1
c5vh_000540_9d3325b7,y_only,radial_spiral_meander,3,0,direction_entropy|morphological_band_count,contour_graph_connectivity|convexity_ratio,2,0.029924198857404216,0
c5vh_000597_d7f30765,x_only,arcs_circles_rings,3,0,connectivity_components|convexity_ratio,gridness_fft_acf|silhouette,2,0.0,1
c5vh_000597_d7f30765,xy_2d,arcs_circles_rings,3,0,connected_components_count|ellipse_fit_score,alpha_shape_compactness|calinski_harabasz,2,0.0842643130331916,0
c5vh_000597_d7f30765,y_only,arcs_circles_rings,0,0,avg_within_cluster_dispersion|calinski_harabasz|convexity_ratio|glcm_haralick|parallel_bands,alpha_shape_compactness|axial_symmetry|cluster_size_balance_entropy|contour_graph_connectivity|noise_aware_silhouette,3,-0.0298921759432762,0
c5vh_000716_9c640b79,x_only,radial_spiral_meander,0,0,corner_junction_density|glcm_haralick|radial_uniformity|ribbon_thickness|symmetry_score,cluster_size_balance_entropy|gridness_fft_acf|neighborhood_purity|neighborhood_purity_multi_k|noise_aware_silhouette,5,0.0074456733473479,0
c5vh_000716_9c640b79,xy_2d,radial_spiral_meander,3,0,connected_components_count|connectivity_components,corner_junction_density|glcm_haralick,2,0.02888205990379339,0
c5vh_000716_9c640b79,y_only,radial_spiral_meander,3,0,connected_components_count|convexity_ratio,axial_symmetry|cluster_size_balance_entropy,2,-0.041874431056274614,0
c5vh_000768_ad9a4448,x_only,hybrid_mixed_geometry,2,0,contour_graph_connectivity|corner_junction_density|glcm_haralick,axial_symmetry|convexity_ratio|parallel_bands,3,0.0,1
c5vh_000768_ad9a4448,xy_2d,hybrid_mixed_geometry,1,0,alpha_shape_compactness|contour_graph_connectivity|convexity_solidity_image|ellipse_fit_score,avg_within_cluster_dispersion|connected_components_count|glcm_haralick|periodicity_1d,4,0.04186026922547148,0
c5vh_000768_ad9a4448,y_only,hybrid_mixed_geometry,2,0,axial_symmetry|min_intercluster_distance|neighborhood_purity_multi_k,cluster_size_balance_entropy|gridness_fft_acf|noise_aware_silhouette,1,0.003731899361837876,0
c5vh_000897_38465726,x_only,texture_density_fields,3,0,parabolicity|parallel_bands,axial_symmetry|connectivity_components,2,0.005588524212766066,0
c5vh_000897_38465726,xy_2d,texture_density_fields,1,0,alpha_shape_compactness|calinski_harabasz|corner_sharpness|rectangularity,corner_junction_density|fractal_dimension|glcm_haralick|periodicity_1d,3,0.0,1
c5vh_000897_38465726,y_only,texture_density_fields,1,0,alpha_shape_compactness|min_centroid_distance|neighborhood_purity_multi_k|silhouette,axial_symmetry|connectivity_components|parallel_bands|ribbon_thickness,1,0.025414315565840617,1
c5vh_000957_2410a74f,x_only,deinterleaving_pri_toa_amp_like,2,0,radial_uniformity|rectangularity|skeleton_connectivity,eccentricity_ratio|glcm_haralick|parallel_bands,3,0.0,1
c5vh_000957_2410a74f,xy_2d,deinterleaving_pri_toa_amp_like,3,0,arc_circle_fit|edge_coherence,circularity_compactness|glcm_haralick,2,0.0,1
c5vh_000957_2410a74f,y_only,deinterleaving_pri_toa_amp_like,0,0,contour_graph_connectivity|min_centroid_distance|neighborhood_purity|neighborhood_purity_multi_k|silhouette,connected_components_count|glcm_haralick|parallel_bands|ribbon_thickness|symmetry_score,1,0.020086520296057703,0
c5vh_000999_7a32f20c,x_only,arcs_circles_rings,4,0,noise_aware_silhouette,neighborhood_purity_multi_k,0,0.0,1
c5vh_000999_7a32f20c,xy_2d,arcs_circles_rings,2,0,corner_sharpness|orientation_histogram_entropy|rectangularity,alpha_shape_compactness|convexity_solidity_image|corner_junction_density,3,0.07012369711990751,0
c5vh_000999_7a32f20c,y_only,arcs_circles_rings,2,0,connected_components_count|morphological_band_count|symmetry_score,gridness_fft_acf|min_centroid_distance|silhouette,3,0.08355287842332781,0
c5vh_001036_29f47c7c,x_only,linear_bands_parallel_stripes,4,0,min_centroid_distance,noise_aware_silhouette,0,6.568635326409389e-05,0
c5vh_001036_29f47c7c,xy_2d,linear_bands_parallel_stripes,0,0,alpha_shape_compactness|connectivity_components|convexity_solidity_image|ellipse_fit_score|symmetry_score,contour_graph_connectivity|convexity_ratio|corner_junction_density|glcm_haralick|periodicity_1d,5,0.2020504846726765,0
c5vh_001036_29f47c7c,y_only,linear_bands_parallel_stripes,0,0,connectivity_components|contour_graph_connectivity|convexity_ratio|hough_line_strength|parallel_bands,gridness_fft_acf|min_centroid_distance|neighborhood_purity_multi_k|noise_aware_silhouette|silhouette,5,0.05256164379860759,0
c5vh_001219_fc2faf98,x_only,arcs_circles_rings,1,0,calinski_harabasz|convexity_ratio|parallel_bands|ribbon_thickness,axial_symmetry|connected_components_count|gridness_fft_acf|silhouette,3,0.013615054912268193,1
c5vh_001219_fc2faf98,xy_2d,arcs_circles_rings,3,0,avg_within_cluster_dispersion|curvature_consistency,calinski_harabasz|cluster_size_balance_entropy,1,0.029698101052008097,0
c5vh_001219_fc2faf98,y_only,arcs_circles_rings,3,0,connected_components_count|connectivity_components,cluster_size_balance_entropy|gridness_fft_acf,2,-0.00045021507535047967,0
c5vh_001262_fade5066,x_only,texture_density_fields,1,0,axial_symmetry|cluster_size_balance_entropy|connected_components_count|connectivity_components,gridness_fft_acf|min_centroid_distance|neighborhood_purity|silhouette,3,0.1287228673216243,0
c5vh_001262_fade5066,xy_2d,texture_density_fields,2,0,alpha_shape_compactness|convexity_solidity_image|rectangularity,cluster_size_balance_entropy|corner_junction_density|periodicity_1d,3,0.034736992855068705,1
c5vh_001262_fade5066,y_only,texture_density_fields,0,0,connectivity_components|hough_line_strength|parallel_bands|ribbon_thickness|symmetry_score,axial_symmetry|direction_entropy|gridness_fft_acf|neighborhood_purity_multi_k|silhouette,5,0.009092297307249905,1
c5vh_001395_d62d4181,x_only,piecewise_polylines_corners,3,0,connected_components_count|connectivity_components,glcm_haralick|parallel_bands,2,-0.01735106805583861,0
c5vh_001395_d62d4181,xy_2d,piecewise_polylines_corners,3,0,avg_within_cluster_dispersion|edge_coherence,corner_junction_density|fractal_dimension,1,0.0,1
c5vh_001395_d62d4181,y_only,piecewise_polylines_corners,2,0,contour_graph_connectivity|parallel_bands|radial_uniformity,alpha_shape_compactness|convexity_ratio|silhouette,3,0.078902315539616,1
c5vh_001396_fb13267a,x_only,hollow_topological_components,2,0,connectivity_components|min_intercluster_distance|neighborhood_purity,min_centroid_distance|noise_aware_silhouette|silhouette,1,0.0,1
c5vh_001396_fb13267a,xy_2d,hollow_topological_components,2,0,edge_coherence|radial_uniformity|ridge_strength,avg_within_cluster_dispersion|calinski_harabasz|s_dbw,3,0.001418932105699322,0
c5vh_001396_fb13267a,y_only,hollow_topological_components,3,0,glcm_haralick|radial_uniformity,noise_aware_silhouette|symmetry_score,2,-0.022189082123088788,0
c5vh_001468_b019e752,x_only,deinterleaving_pri_toa_amp_like,0,0,corner_junction_density|fractal_dimension|glcm_haralick|ribbon_thickness|ridge_strength,cluster_size_balance_entropy|gridness_fft_acf|neighborhood_purity|neighborhood_purity_multi_k|noise_aware_silhouette,5,0.028702907996304896,1
c5vh_001468_b019e752,xy_2d,deinterleaving_pri_toa_amp_like,0,0,connected_components_count|contour_graph_connectivity|corner_junction_density|glcm_haralick|ridge_strength,connectivity_components|gridness_fft_acf|morphological_band_count|noise_aware_silhouette|silhouette,5,0.11071142747175611,1
c5vh_001468_b019e752,y_only,deinterleaving_pri_toa_amp_like,4,0,ribbon_thickness,axial_symmetry,1,-0.034336183898194206,1
c5vh_001495_e6c3b78c,x_only,arcs_circles_rings,4,0,morphological_band_count,alpha_shape_compactness,1,0.0,1
c5vh_001495_e6c3b78c,xy_2d,arcs_circles_rings,3,0,convexity_ratio|rectangularity,corner_junction_density|glcm_haralick,2,0.07052946286597889,1
c5vh_001495_e6c3b78c,y_only,arcs_circles_rings,4,0,cluster_size_balance_entropy,neighborhood_purity_multi_k,0,0.0,1
c5vh_001550_a2d9a7e0,x_only,hybrid_mixed_geometry,2,0,cluster_size_balance_entropy|direction_entropy|min_centroid_distance,connectivity_components|parallel_bands|silhouette,1,0.0214880888758988,0
c5vh_001550_a2d9a7e0,xy_2d,hybrid_mixed_geometry,1,0,convexity_solidity_image|corner_junction_density|glcm_haralick|ridge_strength,blobness_log_dog|cluster_size_balance_entropy|gridness_fft_acf|noise_aware_silhouette,4,0.0018592755267028,0
c5vh_001550_a2d9a7e0,y_only,hybrid_mixed_geometry,3,0,connectivity_components|noise_aware_silhouette,min_centroid_distance|neighborhood_purity_multi_k,1,0.0331639059696936,0
c5vh_001699_7e88cdaa,x_only,arcs_circles_rings,1,0,fractal_dimension|glcm_haralick|parallel_bands|radial_uniformity,connectivity_components|convexity_ratio|neighborhood_purity|noise_aware_silhouette,4,-0.007976249607707896,0
c5vh_001699_7e88cdaa,xy_2d,arcs_circles_rings,2,0,ridge_strength|s_dbw|skeleton_connectivity,corner_junction_density|glcm_haralick|thickness_uniformity,2,0.0,1
c5vh_001699_7e88cdaa,y_only,arcs_circles_rings,2,0,contour_graph_connectivity|convexity_ratio|ribbon_thickness,axial_symmetry|connectivity_components|noise_aware_silhouette,3,0.0,1
