family_name,metric_id,n_view_rows,selected_freq,mean_true_utility,mean_predicted_utility,group,subgroup,global_selected_freq,selection_enrichment
Arcs / circles / rings,alpha_shape_compactness,4752,0.07007575757575757,0.5592169485353536,0.5609749817108586,New46,New46-Pattern,0.07985178708965632,0.8775728149587638
Arcs / circles / rings,arc_circle_fit,4752,0.07765151515151515,0.5087074579713804,0.5132015941266835,New46,New46-Pattern,0.04265284456379192,1.8205471626957719
Arcs / circles / rings,avg_pca_isotropy,4752,0.15993265993265993,0.5466852525189394,0.5658679912878788,Established,,0.12473198859260184,1.282210455691764
Arcs / circles / rings,avg_within_cluster_dispersion,4752,0.008627946127946129,0.4854489033943603,0.4784917610690236,Established,,0.01998376319240617,0.4317478167087543
Arcs / circles / rings,axial_symmetry,4752,0.1856060606060606,0.5868689053640572,0.6047144680103115,New46,New46-Pattern,0.1687170840358875,1.100102349840166
Arcs / circles / rings,blobness_log_dog,4752,0.07028619528619529,0.5274608387920875,0.5459061724936868,New46,New46-Image,0.03753200524573784,1.8727002414606406
Arcs / circles / rings,calinski_harabasz,4752,0.16182659932659932,0.5442266861275253,0.5473664843110269,Original,,0.17029913195528634,0.9502491144176145
Arcs / circles / rings,circularity_compactness,4752,0.00946969696969697,0.41955699342592595,0.42159209999558084,New46,New46-Image,0.009409021836424572,1.0064486122284795
Arcs / circles / rings,cluster_size_balance_entropy,4752,0.23526936026936027,0.6245190447579967,0.6286687218265993,Established,,0.2671371177584879,0.8807063662417047
Arcs / circles / rings,cluster_size_imbalance_entropy,4752,0.0021043771043771043,0.32063471594696974,0.32700118579335014,Established,,0.012552301255230125,0.16764870931537598
Arcs / circles / rings,connected_components_count,4752,0.27735690235690236,0.6502707490046297,0.6469807047390572,New46,New46-Image,0.18027019713149733,1.5385621515384793
Arcs / circles / rings,connectivity_components,4752,0.1677188552188552,0.5888123832186448,0.5913884086005893,New46,New46-Pattern,0.16215991173837924,1.0342806271962242
Arcs / circles / rings,contour_graph_connectivity,4752,0.24579124579124578,0.634426307438973,0.6284232032870369,New46,New46-Image,0.14265492620579112,1.7229776238969294
Arcs / circles / rings,convexity_ratio,4752,0.11574074074074074,0.5772650885079966,0.5752105504461279,New46,New46-Pattern,0.11600990861591623,0.9976797854736129
Arcs / circles / rings,convexity_solidity_image,4752,0.013257575757575758,0.42555597917718857,0.4343384192718855,,,0.016070276233893295,0.8249749764484221
Arcs / circles / rings,corner_junction_density,4752,0.13320707070707072,0.5306169588720538,0.5246440675694444,New46,New46-Image,0.17175628135473262,0.775558655883768
Arcs / circles / rings,corner_sharpness,4752,0.004419191919191919,0.4532522909680135,0.45583368932028623,New46,New46-Pattern,0.005245737838006619,0.8424347643097644
Arcs / circles / rings,curvature_consistency,4752,0.01978114478114478,0.47239869257575756,0.4626134040446128,New46,New46-Pattern,0.061304356876704345,0.3226711083672034
Arcs / circles / rings,davies_bouldin,4752,0.030513468013468013,0.5661403705671296,0.5713491218560607,Original,,0.020587439372176775,1.4821400302315366
Arcs / circles / rings,dbcv,4752,0.022306397306397305,0.5424977078914142,0.5435882041456229,Original,,0.013364141634921627,1.6691230844268226
Arcs / circles / rings,direction_entropy,4752,0.011363636363636364,0.5464586073695287,0.557184690702862,New46,New46-Pattern,0.014196798434605216,0.8004365502532659
Arcs / circles / rings,eccentricity_ratio,4752,0.008417508417508417,0.3846628004524411,0.38305815342803023,New46,New46-Pattern,0.021316014071899914,0.39489129577020204
Arcs / circles / rings,edge_coherence,4752,0.00042087542087542086,0.3757425727125421,0.37577755384680134,New46,New46-Image,0.004850225858156914,0.08677439632375254
Arcs / circles / rings,ellipse_fit_score,4752,0.0023148148148148147,0.41063106735058924,0.4144627661069023,New46,New46-Image,0.008555548616748891,0.27056298999729655
Arcs / circles / rings,euler_holes_count,4752,0.00021043771043771043,0.3375052064088805,0.34933484738846804,New46,New46-Image,0.0014987822394304628,0.14040579405162737
Arcs / circles / rings,fractal_dimension,4752,0.04377104377104377,0.4849350014920034,0.4771750480357744,New46,New46-Image,0.029975644788609253,1.460220258136925
Arcs / circles / rings,glcm_haralick,4752,0.15025252525252525,0.5354396281712963,0.5262976879244529,New46,New46-Image,0.15087741210266659,0.9958583141012777
Arcs / circles / rings,gridness_2d,4752,0.006734006734006734,0.39666410244107747,0.40805680623737367,New46,New46-Pattern,0.013072711755032369,0.5151193463295374
Arcs / circles / rings,gridness_fft_acf,4752,0.37436868686868685,0.6201418629840068,0.6417649447011785,New46,New46-Image,0.433439497075293,0.8637161343043342
Arcs / circles / rings,hollow_score,4752,0.05324074074074074,0.4352224100652357,0.44479170115951183,New46,New46-Pattern,0.03322300630737526,1.6025262809802283
Arcs / circles / rings,hough_circle_arc_strength,4752,0.03598484848484849,0.4809921983228115,0.47418518200968013,,,0.013280875954953267,2.709523724707894
Arcs / circles / rings,hough_line_strength,4752,0.020833333333333332,0.4681688410122054,0.4833759125399832,New46,New46-Image,0.014092716334644768,1.478305022156573
Arcs / circles / rings,ladderness,4752,0.011574074074074073,0.4403402087626262,0.45021688647306396,New46,New46-Pattern,0.02420949645080039,0.47807991783701154
Arcs / circles / rings,lbp_stationarity,4752,0.01978114478114478,0.4808180446064815,0.47333194712015997,New46,New46-Image,0.009866983076250547,2.0047814644333632
Arcs / circles / rings,line_straightness,4752,0.006102693602693603,0.3812746526620371,0.3778708921936027,New46,New46-Pattern,0.015466600054122691,0.3945724064331063
Arcs / circles / rings,min_centroid_distance,4752,0.21106902356902357,0.5748309286689814,0.5921124798198654,Established,,0.23112471117217262,0.913225688843765
Arcs / circles / rings,min_intercluster_distance,4752,0.0016835016835016834,0.5569217956902356,0.5659581691224748,Established,,0.027290326609629677,0.06168858686021157
Arcs / circles / rings,morphological_band_count,4752,0.001473063973063973,0.5368179109364478,0.5510508829566498,New46,New46-Image,0.004871042278149004,0.30241247949581285
Arcs / circles / rings,mst_smoothness,4752,0.00021043771043771043,0.44640771980850175,0.44972541910143093,New46,New46-Pattern,0.003413892878702721,0.061641568120226656
Arcs / circles / rings,neighborhood_purity,4752,0.2662037037037037,0.6079266852167508,0.621593272131734,Established,,0.29451071004808593,0.903884628373072
Arcs / circles / rings,neighborhood_purity_multi_k,4752,0.4029882154882155,0.6112934329187709,0.6271762990803872,Established,,0.4084181602448011,0.9867049380141888
Arcs / circles / rings,noise_aware_silhouette,4752,0.4036195286195286,0.6679488990109428,0.6784545758501683,Established,,0.44567955203064175,0.9056272085639204
Arcs / circles / rings,orientation_histogram_entropy,4752,0.0006313131313131314,0.3741784842192761,0.3744418694760101,New46,New46-Image,0.003955119798497054,0.15961921850079747
Arcs / circles / rings,parabolicity,4752,0.027777777777777776,0.3891866552504209,0.38547623299452866,New46,New46-Pattern,0.023980515830887405,1.1583478009259258
Arcs / circles / rings,parallel_bands,4752,0.11595117845117846,0.5362595232070707,0.5202901367255892,New46,New46-Pattern,0.11126376485771977,1.0421288422106945
Arcs / circles / rings,peak_to_background_hough,4752,0.0006313131313131314,0.40320755980639733,0.4181327118308081,New46,New46-Image,0.002955931638876746,0.2135750106700811
Arcs / circles / rings,periodicity_1d,4752,0.03282828282828283,0.4569457139541245,0.45184700962331653,New46,New46-Pattern,0.0447136701430088,0.7341889566051578
Arcs / circles / rings,piecewise_linearity,4752,0.0008417508417508417,0.3984113661700337,0.39690957846380476,New46,New46-Pattern,0.002851849538916297,0.29515962545159624
Arcs / circles / rings,polygonality,4752,0.004208754208754209,0.4445630396696128,0.4548904688552189,New46,New46-Image,0.0027269510189637585,1.5433919346133087
Arcs / circles / rings,radial_uniformity,4752,0.05387205387205387,0.4869825324894781,0.494390097888468,New46,New46-Pattern,0.05818189387789088,0.9259247212735584
Arcs / circles / rings,rectangularity,4752,0.007786195286195286,0.4076883160753367,0.41397701857744107,New46,New46-Image,0.009742084556298007,0.7992329815246483
Arcs / circles / rings,ribbon_thickness,4752,0.10858585858585859,0.4846563765088384,0.4797190463257576,New46,New46-Pattern,0.14094797976643977,0.7703967007245696
Arcs / circles / rings,ridge_strength,4752,0.0023148148148148147,0.4730738097748316,0.46701732881313135,New46,New46-Image,0.008784529236661879,0.26351040021063715
Arcs / circles / rings,s_dbw,4752,0.026936026936026935,0.513432046311027,0.509182653415404,Established,,0.025458481650325777,1.0580374472443155
Arcs / circles / rings,silhouette,4752,0.5168350168350169,0.6711259966919192,0.6885221699221381,Original,,0.48071358687732885,1.0751412711097466
Arcs / circles / rings,skeleton_connectivity,4752,0.023989898989898988,0.4784114961553031,0.46998551927398985,New46,New46-Image,0.023127042611211724,1.0373094127594578
Arcs / circles / rings,symmetry_score,4752,0.01494107744107744,0.4303728040867003,0.43677974047979795,New46,New46-Image,0.011657195195570265,1.28170431998557
Arcs / circles / rings,thickness_uniformity,4752,0.017466329966329967,0.40871483170033673,0.41169226198653197,New46,New46-Image,0.010470659256021149,1.6681213225696327
Arcs / circles / rings,turning_points_count,4752,0.0008417508417508417,0.30352121901936024,0.31487607368265996,New46,New46-Pattern,0.00870126355669352,0.0967389203035136
Deinterleaving (PRI / TOA / AMP-like),alpha_shape_compactness,4893,0.04557531166973227,0.4497205070475578,0.4524908837809115,New46,New46-Pattern,0.07985178708965632,0.5707488001309355
Deinterleaving (PRI / TOA / AMP-like),arc_circle_fit,4893,0.03760474146740241,0.3845701767203004,0.3937548166523605,New46,New46-Pattern,0.04265284456379192,0.8816467424853804
Deinterleaving (PRI / TOA / AMP-like),avg_pca_isotropy,4893,0.022276721847537297,0.38442484259482934,0.39641574952074393,Established,,0.12473198859260184,0.1785967024088525
Deinterleaving (PRI / TOA / AMP-like),avg_within_cluster_dispersion,4893,0.03126916002452483,0.47114877010606987,0.47023677307173517,Established,,0.01998376319240617,1.5647283108522378
Deinterleaving (PRI / TOA / AMP-like),axial_symmetry,4893,0.05763335377069283,0.4971015811945923,0.4926337157195994,New46,New46-Pattern,0.1687170840358875,0.341597616507133
Deinterleaving (PRI / TOA / AMP-like),bimodality_anti_thickness,4893,0.025955446556304926,0.42563973236956887,0.4298634346106682,New46,New46-Pattern,0.004246549678386311,6.112125966266335
Deinterleaving (PRI / TOA / AMP-like),blobness_log_dog,4893,0.004087471898630697,0.41923844680948297,0.42540808319395046,New46,New46-Image,0.03753200524573784,0.10890630201792571
Deinterleaving (PRI / TOA / AMP-like),calinski_harabasz,4893,0.09973431432658901,0.46079995215395464,0.4635238648017576,Original,,0.17029913195528634,0.5856419418084597
Deinterleaving (PRI / TOA / AMP-like),circularity_compactness,4893,0.020846106683016553,0.38557872752168404,0.39485688642959327,New46,New46-Image,0.009409021836424572,2.2155445109412217
Deinterleaving (PRI / TOA / AMP-like),cluster_size_balance_entropy,4893,0.2286940527283875,0.5207481714238913,0.5197318280390354,Established,,0.2671371177584879,0.8560923867387988
Deinterleaving (PRI / TOA / AMP-like),cluster_size_imbalance_entropy,4893,0.05334150827713059,0.33581628077833636,0.3436080165992234,Established,,0.012552301255230125,4.249540159411404
Deinterleaving (PRI / TOA / AMP-like),connected_components_count,4893,0.18843245452687513,0.5566652304281627,0.550627816315144,New46,New46-Image,0.18027019713149733,1.0452779079695789
Deinterleaving (PRI / TOA / AMP-like),connectivity_components,4893,0.22481095442468832,0.5485426189263948,0.5454593128763539,New46,New46-Pattern,0.16215991173837924,1.3863534582294739
Deinterleaving (PRI / TOA / AMP-like),contour_graph_connectivity,4893,0.11751481708563254,0.5440401294459308,0.5394978259321479,New46,New46-Image,0.14265492620579112,0.823769779363301
Deinterleaving (PRI / TOA / AMP-like),convexity_ratio,4893,0.056407112201103615,0.507340681802665,0.5058376009155936,New46,New46-Pattern,0.11600990861591623,0.4862266755838537
Deinterleaving (PRI / TOA / AMP-like),convexity_solidity_image,4893,0.003678724708767627,0.3725996009806458,0.38120731503780914,,,0.016070276233893295,0.22891483974674615
Deinterleaving (PRI / TOA / AMP-like),corner_junction_density,4893,0.24667892908236255,0.5045126955826752,0.503107388924995,New46,New46-Image,0.17175628135473262,1.4362148920358278
Deinterleaving (PRI / TOA / AMP-like),corner_sharpness,4893,0.0018393623543838135,0.4047043988653832,0.412483249605559,New46,New46-Pattern,0.005245737838006619,0.3506393973898572
Deinterleaving (PRI / TOA / AMP-like),curvature_consistency,4893,0.26425505824647455,0.48881388640893114,0.49190062237890864,New46,New46-Pattern,0.061304356876704345,4.310542866927807
Deinterleaving (PRI / TOA / AMP-like),davies_bouldin,4893,0.016758634784385856,0.47194685689885557,0.47244309131820966,Original,,0.020587439372176775,0.8140223017260991
Deinterleaving (PRI / TOA / AMP-like),dbcv,4893,0.03249540159411404,0.495331518658414,0.49533640380748006,Original,,0.013364141634921627,2.4315367557315333
Deinterleaving (PRI / TOA / AMP-like),direction_entropy,4893,0.003678724708767627,0.44157761451293687,0.44968892397915383,New46,New46-Pattern,0.014196798434605216,0.25912354293913203
Deinterleaving (PRI / TOA / AMP-like),eccentricity_ratio,4893,0.06478642959329654,0.4660144034157981,0.4654217493909666,New46,New46-Pattern,0.021316014071899914,3.039331339094114
Deinterleaving (PRI / TOA / AMP-like),edge_coherence,4893,0.024524831391784182,0.3962436830643981,0.4008566438115675,New46,New46-Image,0.004850225858156914,5.056430794978199
Deinterleaving (PRI / TOA / AMP-like),ellipse_fit_score,4893,0.025546699366441855,0.3853842684173288,0.39419259580216637,New46,New46-Image,0.008555548616748891,2.98598026974331
Deinterleaving (PRI / TOA / AMP-like),euler_holes_count,4893,0.008583690987124463,0.34369637564667893,0.3530430158777846,New46,New46-Image,0.0014987822394304628,5.727110157367668
Deinterleaving (PRI / TOA / AMP-like),fractal_dimension,4893,0.08706315144083385,0.46906248208542817,0.46913017479460456,New46,New46-Image,0.029975644788609253,2.9044630083793175
Deinterleaving (PRI / TOA / AMP-like),glcm_haralick,4893,0.25710198242387083,0.5109372316428571,0.5096819865236052,New46,New46-Image,0.15087741210266659,1.7040455482423194
Deinterleaving (PRI / TOA / AMP-like),gridness_2d,4893,0.05375025546699366,0.36873867506233393,0.3808213407807071,New46,New46-Pattern,0.013072711755032369,4.111637774488708
Deinterleaving (PRI / TOA / AMP-like),gridness_fft_acf,4893,0.41998773758430413,0.5737427081532516,0.5711537877582261,New46,New46-Image,0.433439497075293,0.9689650814432996
Deinterleaving (PRI / TOA / AMP-like),hollow_score,4893,0.018802370733701206,0.3713102627346822,0.3808157400028612,New46,New46-Pattern,0.03322300630737526,0.5659442905239801
Deinterleaving (PRI / TOA / AMP-like),hough_circle_arc_strength,4893,0.0034743511138360926,0.36183783895866134,0.371148720974862,,,0.013280875954953267,0.2616055692124954
Deinterleaving (PRI / TOA / AMP-like),hough_line_strength,4893,0.009809932556713672,0.4420538950037809,0.44954718737052934,New46,New46-Image,0.014092716334644768,0.6960994831491404
Deinterleaving (PRI / TOA / AMP-like),ladderness,4893,0.10504802779480892,0.4639664105234273,0.4667675994829348,New46,New46-Pattern,0.02420949645080039,4.339124855747915
Deinterleaving (PRI / TOA / AMP-like),lbp_stationarity,4893,0.02575107296137339,0.36839223790128756,0.3781311555834866,New46,New46-Image,0.009866983076250547,2.6098223501928612
Deinterleaving (PRI / TOA / AMP-like),line_straightness,4893,0.040670345391375436,0.46359643821986507,0.4619007929695483,New46,New46-Pattern,0.015466600054122691,2.629559518514515
Deinterleaving (PRI / TOA / AMP-like),min_centroid_distance,4893,0.13059472716125076,0.4895803252312078,0.49157163992111186,Established,,0.23112471117217262,0.5650400880932474
Deinterleaving (PRI / TOA / AMP-like),min_intercluster_distance,4893,0.007766196607398324,0.5099976691016146,0.5099335383531576,Established,,0.027290326609629677,0.2845769022294493
Deinterleaving (PRI / TOA / AMP-like),morphological_band_count,4893,0.002861230329041488,0.4516102014458818,0.45611524715511964,New46,New46-Image,0.004871042278149004,0.5873959135761712
Deinterleaving (PRI / TOA / AMP-like),mst_smoothness,4893,0.01634988759452279,0.42674600249217254,0.43210928479664823,New46,New46-Pattern,0.003413892878702721,4.789221037520002
Deinterleaving (PRI / TOA / AMP-like),neighborhood_purity,4893,0.20314735336194564,0.5216193793941345,0.5241006812622113,Established,,0.29451071004808593,0.6897791707771068
Deinterleaving (PRI / TOA / AMP-like),neighborhood_purity_multi_k,4893,0.2585325975883916,0.5212577077831392,0.5244716743768649,Established,,0.4084181602448011,0.6330095543093142
Deinterleaving (PRI / TOA / AMP-like),noise_aware_silhouette,4893,0.32066217044757817,0.535072723395518,0.5348266747394236,Established,,0.44567955203064175,0.7194904253214016
Deinterleaving (PRI / TOA / AMP-like),orientation_histogram_entropy,4893,0.017780502759043533,0.39659109789084,0.4001124712609851,New46,New46-Image,0.003955119798497054,4.495566168640486
Deinterleaving (PRI / TOA / AMP-like),parabolicity,4893,0.012262415695892091,0.3636273917787513,0.3814883233946454,New46,New46-Pattern,0.023980515830887405,0.5113491211935418
Deinterleaving (PRI / TOA / AMP-like),parallel_bands,4893,0.18434498262824442,0.5120308097502555,0.5078189064745555,New46,New46-Pattern,0.11126376485771977,1.6568285538780605
Deinterleaving (PRI / TOA / AMP-like),peak_to_background_hough,4893,0.008788064582055999,0.405301968321684,0.41375743831391787,New46,New46-Image,0.002955931638876746,2.973027003221043
Deinterleaving (PRI / TOA / AMP-like),periodicity_1d,4893,0.0627426936439812,0.4488759868227876,0.45126793398324133,New46,New46-Pattern,0.0447136701430088,1.403210549331105
Deinterleaving (PRI / TOA / AMP-like),piecewise_linearity,4893,0.009809932556713672,0.42798801808254155,0.4375956409666871,New46,New46-Pattern,0.002851849538916297,3.439849270744293
Deinterleaving (PRI / TOA / AMP-like),polygonality,4893,0.0020437359493153486,0.39490996513589904,0.40484752783159617,New46,New46-Image,0.0027269510189637585,0.7494582539630537
Deinterleaving (PRI / TOA / AMP-like),radial_uniformity,4893,0.054976497036582875,0.46653684626283126,0.4661234204210096,New46,New46-Pattern,0.05818189387789088,0.9449073134670499
Deinterleaving (PRI / TOA / AMP-like),rectangularity,4893,0.003678724708767627,0.3645840263477314,0.3741904040465972,New46,New46-Image,0.009742084556298007,0.37761165872753855
Deinterleaving (PRI / TOA / AMP-like),ribbon_thickness,4893,0.26895565092989987,0.5276505405098508,0.5235929665195176,New46,New46-Pattern,0.14094797976643977,1.9081908898274198
Deinterleaving (PRI / TOA / AMP-like),ridge_strength,4893,0.032904148783977114,0.46690072780329045,0.46496106255364805,New46,New46-Image,0.008784529236661879,3.7456928991314613
Deinterleaving (PRI / TOA / AMP-like),s_dbw,4893,0.01594114040465972,0.46143128186472515,0.460931017050889,Established,,0.025458481650325777,0.6261622599341359
Deinterleaving (PRI / TOA / AMP-like),silhouette,4893,0.2656856734109953,0.5238206409862253,0.52400953308972,Original,,0.48071358687732885,0.5526901686654312
Deinterleaving (PRI / TOA / AMP-like),skeleton_connectivity,4893,0.08195381156754547,0.4818189770711424,0.4809974868301655,New46,New46-Image,0.023127042611211724,3.5436356020641915
Deinterleaving (PRI / TOA / AMP-like),symmetry_score,4893,0.03760474146740241,0.4494948642783977,0.453852624283875,New46,New46-Image,0.011657195195570265,3.2258824559866865
Deinterleaving (PRI / TOA / AMP-like),thickness_uniformity,4893,0.05354588187206213,0.4140619441906397,0.4225789693051298,New46,New46-Image,0.010470659256021149,5.1138978513956115
Deinterleaving (PRI / TOA / AMP-like),turning_points_count,4893,0.01859799713876967,0.3350921890749438,0.3477850613325158,New46,New46-Pattern,0.00870126355669352,2.137390393658747
Hollow / topological components,alpha_shape_compactness,3927,0.07206518971224854,0.5819189111196842,0.5869864827552839,New46,New46-Pattern,0.07985178708965632,0.9024868739798508
Hollow / topological components,arc_circle_fit,3927,0.10160427807486631,0.5141735180664629,0.5138438418385536,New46,New46-Pattern,0.04265284456379192,2.3821219689792597
Hollow / topological components,avg_pca_isotropy,3927,0.2411510058568882,0.6297047615373058,0.6259332182480265,Established,,0.12473198859260184,1.933353332836958
Hollow / topological components,avg_within_cluster_dispersion,3927,0.013750954927425516,0.47559879597147947,0.47412851160682457,Established,,0.01998376319240617,0.6881063789152025
Hollow / topological components,axial_symmetry,3927,0.24242424242424243,0.6514754268856634,0.6529775798395723,New46,New46-Pattern,0.1687170840358875,1.4368683753014413
Hollow / topological components,blobness_log_dog,3927,0.061115355233002294,0.5596739391163739,0.5706769509294627,New46,New46-Image,0.03753200524573784,1.6283530504926218
Hollow / topological components,calinski_harabasz,3927,0.20932009167303284,0.5577548901375096,0.5613415290017826,Original,,0.17029913195528634,1.2291318767731114
Hollow / topological components,circularity_compactness,3927,0.0073847720906544435,0.41397744098039213,0.4188368919327731,New46,New46-Image,0.009409021836424572,0.7848607665109487
Hollow / topological components,cluster_size_balance_entropy,3927,0.25133689839572193,0.6533909664018335,0.6522904364985994,Established,,0.2671371177584879,0.9408535231069964
Hollow / topological components,connected_components_count,3927,0.20677361853832443,0.6506533352696715,0.6445478222307105,New46,New46-Image,0.18027019713149733,1.1470205382173866
Hollow / topological components,connectivity_components,3927,0.1538069773363891,0.5998370847715814,0.5965983080315762,New46,New46-Pattern,0.16215991173837924,0.9484895230119121
Hollow / topological components,contour_graph_connectivity,3927,0.19225872167048638,0.6311093746159918,0.6258968432798574,New46,New46-Image,0.14265492620579112,1.3477187699297382
Hollow / topological components,convexity_ratio,3927,0.10975299210593328,0.5890681857354214,0.5877296049325186,New46,New46-Pattern,0.11600990861591623,0.9460656715910514
Hollow / topological components,convexity_solidity_image,3927,0.01858925388337153,0.4419717682302011,0.4480656605373059,,,0.016070276233893295,1.1567476260405245
Hollow / topological components,corner_junction_density,3927,0.12121212121212122,0.5165681489483066,0.5171350714540361,New46,New46-Image,0.17175628135473262,0.7057216205198268
Hollow / topological components,corner_sharpness,3927,0.0106951871657754,0.454750827109753,0.45616099348866823,New46,New46-Pattern,0.005245737838006619,2.0388337153043037
Hollow / topological components,curvature_consistency,3927,0.01324166030048383,0.4423953847186147,0.4425126978326967,New46,New46-Pattern,0.061304356876704345,0.21599868223257815
Hollow / topological components,davies_bouldin,3927,0.0213903743315508,0.5701139043254392,0.5730005718792972,Original,,0.020587439372176775,1.039001205776915
Hollow / topological components,dbcv,3927,0.0038197097020626434,0.521198531000764,0.5277172973465749,Original,,0.013364141634921627,0.28581781055667804
Hollow / topological components,direction_entropy,3927,0.012223071046600458,0.5607396450878533,0.5713873465699006,New46,New46-Pattern,0.014196798434605216,0.8609737683396472
Hollow / topological components,eccentricity_ratio,3927,0.0005092946269416857,0.3253383749096002,0.333885847057041,New46,New46-Pattern,0.021316014071899914,0.023892582601222307
Hollow / topological components,ellipse_fit_score,3927,0.004074357015533486,0.4189942744894321,0.42402689920550035,New46,New46-Image,0.008555548616748891,0.4762239335017351
Hollow / topological components,euler_holes_count,3927,0.0005092946269416857,0.3607052449503438,0.3603600125770308,New46,New46-Image,0.0014987822394304628,0.3398056192173839
Hollow / topological components,fractal_dimension,3927,0.009931245225362872,0.4609646258110517,0.4602633081818182,New46,New46-Image,0.029975644788609253,0.33131047873694935
Hollow / topological components,glcm_haralick,3927,0.10567863509039979,0.5197852985765216,0.5159988049358288,New46,New46-Image,0.15087741210266659,0.7004271455722566
Hollow / topological components,gridness_2d,3927,0.0007639419404125286,0.4030165371937866,0.4011689143391903,New46,New46-Pattern,0.013072711755032369,0.058437909037384494
Hollow / topological components,gridness_fft_acf,3927,0.43264578558696204,0.6468739938777693,0.6611608627094474,New46,New46-Image,0.433439497075293,0.9981688067338426
Hollow / topological components,hollow_score,3927,0.08199643493761141,0.46350442316170104,0.4604269485856889,New46,New46-Pattern,0.03322300630737526,2.4680618658946836
Hollow / topological components,hough_circle_arc_strength,3927,0.040234275528393176,0.4595892250509295,0.45499811065189705,,,0.013280875954953267,3.029489595781316
Hollow / topological components,hough_line_strength,3927,0.014769544181308887,0.482043206544436,0.49485151867685256,New46,New46-Image,0.014092716334644768,1.0480267842332314
Hollow / topological components,ladderness,3927,0.0071301247771836,0.427812768096766,0.4367071081996435,New46,New46-Pattern,0.02420949645080039,0.294517682004405
Hollow / topological components,lbp_stationarity,3927,0.008403361344537815,0.4495519569735167,0.4493612228349885,New46,New46-Image,0.009866983076250547,0.8516647165195191
Hollow / topological components,line_straightness,3927,0.00025464731347084286,0.32129761492487907,0.32852937293863005,New46,New46-Pattern,0.015466600054122691,0.016464336866521965
Hollow / topological components,min_centroid_distance,3927,0.24853577794754264,0.6127794187142858,0.6220513938222562,Established,,0.23112471117217262,1.075331913610916
Hollow / topological components,min_intercluster_distance,3927,0.0005092946269416857,0.5664325029182582,0.5739344863330788,Established,,0.027290326609629677,0.01866209350392955
Hollow / topological components,morphological_band_count,3927,0.0017825311942959,0.5743327548652916,0.5800695235395976,New46,New46-Image,0.004871042278149004,0.3659445130033365
Hollow / topological components,neighborhood_purity,3927,0.2594856124267889,0.6315769683906289,0.63845661236822,Established,,0.29451071004808593,0.8810736030089421
Hollow / topological components,neighborhood_purity_multi_k,3927,0.43086325439266615,0.6366475318018844,0.6455092548026484,Established,,0.4084181602448011,1.054956160946447
Hollow / topological components,noise_aware_silhouette,3927,0.42500636618283677,0.6937558650547492,0.6992481965266106,Established,,0.44567955203064175,0.9536142375085146
Hollow / topological components,parabolicity,3927,0.0017825311942959,0.30858737821746884,0.3219387243519225,New46,New46-Pattern,0.023980515830887405,0.07433247920380273
Hollow / topological components,parallel_bands,3927,0.06264323911382735,0.4861840142279093,0.49068651479500897,New46,New46-Pattern,0.11126376485771977,0.5630156340110668
Hollow / topological components,peak_to_background_hough,3927,0.00025464731347084286,0.4020116025373059,0.4123566458441559,New46,New46-Image,0.002955931638876746,0.08614790346356212
Hollow / topological components,periodicity_1d,3927,0.03539597657244716,0.4387332417960275,0.440683434548001,New46,New46-Pattern,0.0447136701430088,0.791614207897481
Hollow / topological components,polygonality,3927,0.006366182836771072,0.45133205363610895,0.4618346799185129,New46,New46-Image,0.0027269510189637585,2.3345424221041644
Hollow / topological components,radial_uniformity,3927,0.0784313725490196,0.48780211035395976,0.4960919871606824,New46,New46-Pattern,0.05818189387789088,1.3480374618541513
Hollow / topological components,rectangularity,3927,0.010949834479246244,0.4080517817214159,0.41859604571428577,New46,New46-Image,0.009742084556298007,1.1239724327959622
Hollow / topological components,ribbon_thickness,3927,0.05576776165011459,0.4162831695849249,0.4269732282047364,New46,New46-Pattern,0.14094797976643977,0.3956620147555538
Hollow / topological components,s_dbw,3927,0.03692386045327222,0.5030078538961039,0.5026974073262032,Established,,0.025458481650325777,1.450355954468311
Hollow / topological components,silhouette,3927,0.5597147950089126,0.704031076092437,0.7116077527476444,Original,,0.48071358687732885,1.164341533686968
Hollow / topological components,skeleton_connectivity,3927,0.006111535523300229,0.45164352724471607,0.4525169114323912,New46,New46-Image,0.023127042611211724,0.2642592754309808
Hollow / topological components,symmetry_score,3927,0.008403361344537815,0.4426959300865801,0.4474712320804685,New46,New46-Image,0.011657195195570265,0.7208733493397359
Hollow / topological components,thickness_uniformity,3927,0.00025464731347084286,0.3776527811599185,0.38561710945505473,New46,New46-Image,0.010470659256021149,0.02432008407917658
Hybrid / mixed geometry,alpha_shape_compactness,5724,0.10412299091544375,0.5705094588560448,0.5758073570824599,New46,New46-Pattern,0.07985178708965632,1.303953170121742
Hybrid / mixed geometry,arc_circle_fit,5724,0.04053109713487072,0.4597144576287562,0.46221923674702997,New46,New46-Pattern,0.04265284456379192,0.950255429605688
Hybrid / mixed geometry,avg_pca_isotropy,5724,0.10621942697414395,0.5296814592192522,0.5307405262124388,Established,,0.12473198859260184,0.8515812837801905
Hybrid / mixed geometry,avg_within_cluster_dispersion,5724,0.0363382250174703,0.5004111466450035,0.5054805393920335,Established,,0.01998376319240617,1.8183874912648497
Hybrid / mixed geometry,axial_symmetry,5724,0.2555904961565339,0.6217503310310972,0.6210732583438155,New46,New46-Pattern,0.1687170840358875,1.5149058414390786
Hybrid / mixed geometry,bimodality_anti_thickness,5724,0.0005241090146750524,0.3504186092732355,0.35821055183612865,New46,New46-Pattern,0.004246549678386311,0.12341996547046492
Hybrid / mixed geometry,blobness_log_dog,5724,0.03389238294898672,0.4952161103036339,0.5014541535552062,New46,New46-Image,0.03753200524573784,0.9030261699868958
Hybrid / mixed geometry,calinski_harabasz,5724,0.1719077568134172,0.5468831192092941,0.5559709610045422,Original,,0.17029913195528634,1.009445878200678
Hybrid / mixed geometry,circularity_compactness,5724,0.00803633822501747,0.41385543112334033,0.4294072855293501,New46,New46-Image,0.009409021836424572,0.8541098495389696
Hybrid / mixed geometry,cluster_size_balance_entropy,5724,0.22851153039832284,0.6053855587848882,0.609330289709993,Established,,0.2671371177584879,0.8554091333908697
Hybrid / mixed geometry,cluster_size_imbalance_entropy,5724,0.002795248078266946,0.3254551740165269,0.33442217278127184,Established,,0.012552301255230125,0.22268809690193336
Hybrid / mixed geometry,connected_components_count,5724,0.2527952480782669,0.6221059602638784,0.6241443642907057,New46,New46-Image,0.18027019713149733,1.4023130395417858
Hybrid / mixed geometry,connectivity_components,5724,0.1497204751921733,0.5926083621730434,0.5906143921383648,New46,New46-Pattern,0.16215991173837924,0.9232890767338656
Hybrid / mixed geometry,contour_graph_connectivity,5724,0.14028651292802236,0.6022527133899371,0.60290827110587,New46,New46-Image,0.14265492620579112,0.9833976060921154
Hybrid / mixed geometry,convexity_ratio,5724,0.20300489168413696,0.6006519353860936,0.5991059352166317,New46,New46-Pattern,0.11600990861591623,1.7498926954269256
Hybrid / mixed geometry,convexity_solidity_image,5724,0.012403913347309574,0.42478912313417183,0.4435269312002096,,,0.016070276233893295,0.7718543954551873
Hybrid / mixed geometry,corner_junction_density,5724,0.21610761705101328,0.5480681608509783,0.556092583663522,New46,New46-Image,0.17175628135473262,1.2582224961233337
Hybrid / mixed geometry,corner_sharpness,5724,0.0022711390635918936,0.43780726558805033,0.45514481786163524,New46,New46-Pattern,0.005245737838006619,0.4329494026821071
Hybrid / mixed geometry,curvature_consistency,5724,0.0286512928022362,0.4502485665132774,0.45630938418046824,New46,New46-Pattern,0.061304356876704345,0.46736144479681657
Hybrid / mixed geometry,davies_bouldin,5724,0.019916142557651992,0.5630058458768344,0.5586941630573026,Original,,0.020587439372176775,0.9673928941628351
Hybrid / mixed geometry,dbcv,5724,0.013976240391334731,0.5297469891892034,0.5254773706027254,Original,,0.013364141634921627,1.0458015765721638
Hybrid / mixed geometry,direction_entropy,5724,0.02236198462613557,0.5254102873200035,0.5276101515461217,New46,New46-Pattern,0.014196798434605216,1.5751427851245259
Hybrid / mixed geometry,eccentricity_ratio,5724,0.005765199161425576,0.3894240360663871,0.40171300964360585,New46,New46-Pattern,0.021316014071899914,0.270463283706761
Hybrid / mixed geometry,edge_coherence,5724,0.0022711390635918936,0.37808623054472396,0.38837973396855346,New46,New46-Image,0.004850225858156914,0.4682542895960986
Hybrid / mixed geometry,ellipse_fit_score,5724,0.004367575122292104,0.4127918308660028,0.4191142188626834,New46,New46-Image,0.008555548616748891,0.510496207542069
Hybrid / mixed geometry,euler_holes_count,5724,0.00034940600978336826,0.3477403876034242,0.3535677325366876,New46,New46-Image,0.0014987822394304628,0.2331266014442115
Hybrid / mixed geometry,fractal_dimension,5724,0.029874213836477988,0.4857861101107617,0.49224800026904264,New46,New46-Image,0.029975644788609253,0.9966162211740043
Hybrid / mixed geometry,glcm_haralick,5724,0.19199860237596086,0.5412568471865828,0.5480239585324947,New46,New46-Image,0.15087741210266659,1.2725470280820619
Hybrid / mixed geometry,gridness_2d,5724,0.0031446540880503146,0.39716259372466806,0.4110266489814815,New46,New46-Pattern,0.013072711755032369,0.2405510155029444
Hybrid / mixed geometry,gridness_fft_acf,5724,0.3974493361285814,0.6404043532384696,0.6374196616946192,New46,New46-Image,0.433439497075293,0.9169661251695765
Hybrid / mixed geometry,hollow_score,5724,0.033193570929419984,0.42544645340566045,0.4300864794514326,New46,New46-Pattern,0.03322300630737526,0.9991140061894779
Hybrid / mixed geometry,hough_circle_arc_strength,5724,0.01310272536687631,0.44431248749004193,0.4474007765373865,,,0.013280875954953267,0.9865859308767572
Hybrid / mixed geometry,hough_line_strength,5724,0.011879804332634521,0.4703217874156184,0.4723169807180293,New46,New46-Image,0.014092716334644768,0.8429747715442094
Hybrid / mixed geometry,ladderness,5724,0.009433962264150943,0.4353915599772887,0.44260940461740034,New46,New46-Pattern,0.02420949645080039,0.3896802349162056
Hybrid / mixed geometry,lbp_stationarity,5724,0.008560447239692523,0.45781172763801536,0.46604613890967855,New46,New46-Image,0.009866983076250547,0.867585073729091
Hybrid / mixed geometry,line_straightness,5724,0.003843466107617051,0.38404886759678547,0.3954523066093641,New46,New46-Pattern,0.015466600054122691,0.2485010341101151
Hybrid / mixed geometry,min_centroid_distance,5724,0.18361285814116002,0.5788550698390985,0.5815458796313766,Established,,0.23112471117217262,0.7944319636353405
Hybrid / mixed geometry,min_intercluster_distance,5724,0.032320055904961564,0.5687042918331586,0.5647988281184486,Established,,0.027290326609629677,1.1843044741559485
Hybrid / mixed geometry,morphological_band_count,5724,0.0110062893081761,0.5408262757071978,0.5451038586058701,New46,New46-Image,0.004871042278149004,2.2595347524592806
Hybrid / mixed geometry,mst_smoothness,5724,0.001397624039133473,0.4519598289202481,0.46322837236198466,New46,New46-Pattern,0.003413892878702721,0.40939305619471283
Hybrid / mixed geometry,neighborhood_purity,5724,0.25157232704402516,0.6091661848944618,0.6063540420055905,Established,,0.29451071004808593,0.85420434116963
Hybrid / mixed geometry,neighborhood_purity_multi_k,5724,0.36757512229210343,0.6126226843371767,0.6111447913067785,Established,,0.4084181602448011,0.8999970081442588
Hybrid / mixed geometry,noise_aware_silhouette,5724,0.4222571628232006,0.6686179261890287,0.6640485788242488,Established,,0.44567955203064175,0.9474456723430048
Hybrid / mixed geometry,orientation_histogram_entropy,5724,0.001397624039133473,0.37786104551450034,0.3874509336348707,New46,New46-Image,0.003955119798497054,0.3533708485049101
Hybrid / mixed geometry,parabolicity,5724,0.017470300489168415,0.3692275758045073,0.3756623486967155,New46,New46-Pattern,0.023980515830887405,0.728520629513161
Hybrid / mixed geometry,parallel_bands,5724,0.129979035639413,0.5214166274648846,0.5273337625821104,New46,New46-Pattern,0.11126376485771977,1.1682063410817138
Hybrid / mixed geometry,peak_to_background_hough,5724,0.0006988120195667365,0.405620461718833,0.4088474866020266,New46,New46-Image,0.002955931638876746,0.23641007470398911
Hybrid / mixed geometry,periodicity_1d,5724,0.06411600279524808,0.46147812492802237,0.4706138117837177,New46,New46-Pattern,0.0447136701430088,1.4339239563691446
Hybrid / mixed geometry,piecewise_linearity,5724,0.001222921034241789,0.3903660925646401,0.39750638485849066,New46,New46-Pattern,0.002851849538916297,0.42881681433533797
Hybrid / mixed geometry,polygonality,5724,0.001397624039133473,0.42554230599126486,0.43541912721872816,New46,New46-Image,0.0027269510189637585,0.5125226047017779
Hybrid / mixed geometry,radial_uniformity,5724,0.041055206149545775,0.49338967622868624,0.5042445979133473,New46,New46-Pattern,0.05818189387789088,0.7056354376450911
Hybrid / mixed geometry,rectangularity,5724,0.006638714185883997,0.40954377255485674,0.4235248116893781,New46,New46-Image,0.009742084556298007,0.681446988836926
Hybrid / mixed geometry,ribbon_thickness,5724,0.17907058001397624,0.4976977650218379,0.5049808301589797,New46,New46-Pattern,0.14094797976643977,1.2704728390623843
Hybrid / mixed geometry,ridge_strength,5724,0.008735150244584208,0.4828076299285464,0.48758334237945483,New46,New46-Image,0.008784529236661879,0.9943788687193857
Hybrid / mixed geometry,s_dbw,5724,0.015897973445143255,0.5046905162003844,0.5078970177445842,Established,,0.025458481650325777,0.6244666772945517
Hybrid / mixed geometry,silhouette,5724,0.45387840670859536,0.6628056665676625,0.6625996559608666,Original,,0.48071358687732885,0.9441763642607809
Hybrid / mixed geometry,skeleton_connectivity,5724,0.029000698812019568,0.48248155413958776,0.486684312661775,New46,New46-Image,0.023127042611211724,1.2539735105586032
Hybrid / mixed geometry,symmetry_score,5724,0.00803633822501747,0.43759791906516426,0.4480932596715583,New46,New46-Image,0.011657195195570265,0.6893886642707397
Hybrid / mixed geometry,thickness_uniformity,5724,0.003668763102725367,0.40483641363696715,0.4117376313487072,New46,New46-Image,0.010470659256021149,0.35038511071933187
Hybrid / mixed geometry,turning_points_count,5724,0.002795248078266946,0.3224306105113557,0.33201252833333333,New46,New46-Pattern,0.00870126355669352,0.32124622591355456
Ladder / grid / lattice,alpha_shape_compactness,3753,0.06421529443112177,0.519858725122835,0.523261014492406,New46,New46-Pattern,0.07985178708965632,0.8041810555726431
Ladder / grid / lattice,arc_circle_fit,3753,0.004263256061817213,0.42972483669304556,0.4406299583666401,New46,New46-Pattern,0.04265284456379192,0.09995244409645539
Ladder / grid / lattice,avg_pca_isotropy,3753,0.08526512123634426,0.49842613568611777,0.5015638499840128,Established,,0.12473198859260184,0.6835866420348368
Ladder / grid / lattice,avg_within_cluster_dispersion,3753,0.007993605115907274,0.4595257389821476,0.46927790468691716,Established,,0.01998376319240617,0.40000499600319744
Ladder / grid / lattice,axial_symmetry,3753,0.050359712230215826,0.5971926217053025,0.5976225509832135,New46,New46-Pattern,0.1687170840358875,0.29848614630812315
Ladder / grid / lattice,blobness_log_dog,3753,0.01705302424726885,0.5317473270357047,0.5331327095283773,New46,New46-Image,0.03753200524573784,0.4543595295699103
Ladder / grid / lattice,calinski_harabasz,3753,0.22941646682653877,0.5394352633493205,0.5454809915214496,Original,,0.17029913195528634,1.3471382043613367
Ladder / grid / lattice,circularity_compactness,3753,0.002398081534772182,0.37588084984545694,0.39155215345323735,New46,New46-Image,0.009409021836424572,0.2548704399312408
Ladder / grid / lattice,cluster_size_balance_entropy,3753,0.4617639221955769,0.6825453656248334,0.6729954614361844,Established,,0.2671371177584879,1.7285651880583897
Ladder / grid / lattice,connected_components_count,3753,0.046096456168398615,0.5352695326938449,0.5411187995203837,New46,New46-Image,0.18027019713149733,0.25570758174061214
Ladder / grid / lattice,connectivity_components,3753,0.17346123101518784,0.6142985556781242,0.6166393686997069,New46,New46-Pattern,0.16215991173837924,1.0696924360383324
Ladder / grid / lattice,contour_graph_connectivity,3753,0.02717825739408473,0.5449813256781242,0.5583249560138556,New46,New46-Image,0.14265492620579112,0.19051748240981126
Ladder / grid / lattice,convexity_ratio,3753,0.10524913402611244,0.582509575788436,0.5812589971969091,New46,New46-Pattern,0.11600990861591623,0.9072426250637746
Ladder / grid / lattice,convexity_solidity_image,3753,0.0061284305888622435,0.42168724813714364,0.4338747233706368,,,0.016070276233893295,0.3813519132880224
Ladder / grid / lattice,corner_junction_density,3753,0.13136157740474289,0.510199630796696,0.5201070609965361,New46,New46-Image,0.17175628135473262,0.7648138185609554
Ladder / grid / lattice,curvature_consistency,3753,0.010658140154543033,0.4174323542366107,0.43232054361577404,New46,New46-Pattern,0.061304356876704345,0.17385616125096529
Ladder / grid / lattice,davies_bouldin,3753,0.011990407673860911,0.5138675050413003,0.5160808804689582,Original,,0.020587439372176775,0.5824137454444938
Ladder / grid / lattice,dbcv,3753,0.013056221689315214,0.4726424897095657,0.4792667631201705,Original,,0.013364141634921627,0.9769592425747874
Ladder / grid / lattice,direction_entropy,3753,0.0165201172395417,0.5331619736338928,0.533919348252065,New46,New46-Pattern,0.014196798434605216,1.163650897463847
Ladder / grid / lattice,eccentricity_ratio,3753,0.0021316280309086064,0.40083592499866777,0.41249465760991205,New46,New46-Pattern,0.021316014071899914,0.10000124900079936
Ladder / grid / lattice,edge_coherence,3753,0.0002664535038635758,0.35916005484412467,0.3686709466746602,New46,New46-Image,0.004850225858156914,0.054936308463958444
Ladder / grid / lattice,ellipse_fit_score,3753,0.0007993605115907274,0.37958100332800426,0.38925483684252593,New46,New46-Image,0.008555548616748891,0.09343182388395853
Ladder / grid / lattice,euler_holes_count,3753,0.0010658140154543032,0.4042893839621637,0.4091851788729017,New46,New46-Image,0.0014987822394304628,0.7111199928945732
Ladder / grid / lattice,fractal_dimension,3753,0.01145750066613376,0.44156744867572606,0.4543012961657341,New46,New46-Image,0.029975644788609253,0.3822269961808331
Ladder / grid / lattice,glcm_haralick,3753,0.06554756195043965,0.4912416616893152,0.5051720735971224,New46,New46-Image,0.15087741210266659,0.43444251221539326
Ladder / grid / lattice,gridness_2d,3753,0.002664535038635758,0.4263668339035438,0.43603463565414335,New46,New46-Pattern,0.013072711755032369,0.20382420178506877
Ladder / grid / lattice,gridness_fft_acf,3753,0.5518252065014655,0.6870268936464161,0.6790839002930988,New46,New46-Image,0.433439497075293,1.2731308757623618
Ladder / grid / lattice,hollow_score,3753,0.008526512123634426,0.4451130475166533,0.4497609443405276,New46,New46-Pattern,0.03322300630737526,0.25664480946571067
Ladder / grid / lattice,hough_circle_arc_strength,3753,0.0002664535038635758,0.3544889453876898,0.37222584901145755,,,0.013280875954953267,0.020062946507997365
Ladder / grid / lattice,hough_line_strength,3753,0.01705302424726885,0.5134236882014388,0.5108735432533973,New46,New46-Image,0.014092716334644768,1.2100594266093772
Ladder / grid / lattice,ladderness,3753,0.00826005861977085,0.4488986081508127,0.454354276847855,New46,New46-Pattern,0.02420949645080039,0.34119084783763703
Ladder / grid / lattice,lbp_stationarity,3753,0.0018651745270450307,0.3821806437756462,0.39545695189714897,New46,New46-Image,0.009866983076250547,0.18903189684539287
Ladder / grid / lattice,line_straightness,3753,0.0005329070077271516,0.39856229274980015,0.40902341365574213,New46,New46-Pattern,0.015466600054122691,0.03445534285895644
Ladder / grid / lattice,min_centroid_distance,3753,0.3810285105249134,0.6592473460266454,0.6471863514548362,Established,,0.23112471117217262,1.648584041890148
Ladder / grid / lattice,min_intercluster_distance,3753,0.041833200106581404,0.582991307255529,0.5814987055822008,Established,,0.027290326609629677,1.5328948130587827
Ladder / grid / lattice,morphological_band_count,3753,0.013056221689315214,0.5770094852014389,0.5758893787130296,New46,New46-Image,0.004871042278149004,2.6803753578333915
Ladder / grid / lattice,mst_smoothness,3753,0.0021316280309086064,0.44936198890087925,0.45799606303224083,New46,New46-Pattern,0.003413892878702721,0.6243980425415765
Ladder / grid / lattice,neighborhood_purity,3753,0.4559019451105782,0.6476257633892886,0.6404632228137489,Established,,0.29451071004808593,1.5479978471280085
Ladder / grid / lattice,neighborhood_purity_multi_k,3753,0.5150546229682921,0.6509170467298161,0.6451728930269117,Established,,0.4084181602448011,1.261096280977257
Ladder / grid / lattice,noise_aware_silhouette,3753,0.5776711963762323,0.7072706776213696,0.6967565370743405,Established,,0.44567955203064175,1.2961581785482403
Ladder / grid / lattice,parabolicity,3753,0.009325872635225153,0.3521398973194777,0.36583525424726887,New46,New46-Pattern,0.023980515830887405,0.3888937461142197
Ladder / grid / lattice,parallel_bands,3753,0.08100186517452705,0.5127122208952838,0.5241749067119638,New46,New46-Pattern,0.11126376485771977,0.7280165764488503
Ladder / grid / lattice,periodicity_1d,3753,0.018651745270450305,0.4269723303224087,0.43753650713562486,New46,New46-Pattern,0.0447136701430088,0.41713742599961
Ladder / grid / lattice,piecewise_linearity,3753,0.0002664535038635758,0.3691495844364508,0.3883187239808154,New46,New46-Pattern,0.002851849538916297,0.09343182388395853
Ladder / grid / lattice,polygonality,3753,0.0002664535038635758,0.441803017592859,0.4473678466373568,New46,New46-Image,0.0027269510189637585,0.09771114406184976
Ladder / grid / lattice,radial_uniformity,3753,0.018651745270450305,0.4630219315747402,0.4721175518944844,New46,New46-Pattern,0.05818189387789088,0.320576454757482
Ladder / grid / lattice,rectangularity,3753,0.002664535038635758,0.4112454220261125,0.42297097913402615,New46,New46-Image,0.009742084556298007,0.2735076895748359
Ladder / grid / lattice,ribbon_thickness,3753,0.10071942446043165,0.5001893748574473,0.5103328652491339,New46,New46-Pattern,0.14094797976643977,0.7145857970247639
Ladder / grid / lattice,ridge_strength,3753,0.002930988542499334,0.44700588327204904,0.45419394973354654,New46,New46-Image,0.008784529236661879,0.333653456381814
Ladder / grid / lattice,s_dbw,3753,0.002930988542499334,0.4544418264002132,0.4607890201518785,Established,,0.025458481650325777,0.11512817546453434
Ladder / grid / lattice,silhouette,3753,0.627498001598721,0.7131987518523848,0.6983070150812684,Original,,0.48071358687732885,1.3053469232581718
Ladder / grid / lattice,skeleton_connectivity,3753,0.005861977084998668,0.4460338734638956,0.45692735490540903,New46,New46-Image,0.023127042611211724,0.2534685123188578
Ladder / grid / lattice,symmetry_score,3753,0.003996802557953637,0.4314823526869171,0.4485387831468159,New46,New46-Image,0.011657195195570265,0.3428614251455978
Ladder / grid / lattice,turning_points_count,3753,0.0018651745270450307,0.32719403512123635,0.3395091935624833,New46,New46-Pattern,0.00870126355669352,0.21435674426965604
Linear bands / parallel stripes,alpha_shape_compactness,4206,0.08487874465049929,0.4707032789421541,0.4682029296623871,New46,New46-Pattern,0.07985178708965632,1.062953601216198
Linear bands / parallel stripes,arc_circle_fit,4206,0.016642891107941038,0.3573945071685568,0.3674070970114123,New46,New46-Pattern,0.04265284456379192,0.39019416590257666
Linear bands / parallel stripes,avg_pca_isotropy,4206,0.030908226343319068,0.3526181733860984,0.36746418767950545,Established,,0.12473198859260184,0.24779711036493737
Linear bands / parallel stripes,avg_within_cluster_dispersion,4206,0.02662862577270566,0.46127410417475034,0.4585965161768902,Established,,0.01998376319240617,1.3325130765572992
Linear bands / parallel stripes,axial_symmetry,4206,0.09082263433190679,0.5063319233623633,0.49950987946053266,New46,New46-Pattern,0.1687170840358875,0.5383132055114708
Linear bands / parallel stripes,bimodality_anti_thickness,4206,0.01759391345696624,0.4131179601636948,0.4146526169971469,New46,New46-Pattern,0.004246549678386311,4.143107885094123
Linear bands / parallel stripes,blobness_log_dog,4206,0.008559201141226819,0.4077955116260366,0.409508678522349,New46,New46-Image,0.03753200524573784,0.22805072857648095
Linear bands / parallel stripes,calinski_harabasz,4206,0.07132667617689016,0.46120279112015455,0.4643784850332858,Original,,0.17029913195528634,0.4188317072315886
Linear bands / parallel stripes,circularity_compactness,4206,0.01830718021873514,0.3937612057203709,0.4007840092368046,New46,New46-Image,0.009409021836424572,1.9457049347960562
Linear bands / parallel stripes,cluster_size_balance_entropy,4206,0.18949120304327152,0.5162282456933048,0.5166005765133144,Established,,0.2671371177584879,0.7093405986905416
Linear bands / parallel stripes,cluster_size_imbalance_entropy,4206,0.07370423204945316,0.3274063182449596,0.33461984281502616,Established,,0.012552301255230125,5.871770486606435
Linear bands / parallel stripes,connected_components_count,4206,0.09415121255349501,0.5216477347442582,0.5142984924310509,New46,New46-Image,0.18027019713149733,0.522278302523943
Linear bands / parallel stripes,connectivity_components,4206,0.11412268188302425,0.515691454883571,0.5119849076559676,New46,New46-Pattern,0.16215991173837924,0.7037663048753019
Linear bands / parallel stripes,contour_graph_connectivity,4206,0.05064194008559201,0.5037343061497385,0.4994352642439372,New46,New46-Image,0.14265492620579112,0.3549960834337888
Linear bands / parallel stripes,convexity_ratio,4206,0.10675225867807893,0.5102656969206133,0.5026790982230148,New46,New46-Pattern,0.11600990861591623,0.9201994894376878
Linear bands / parallel stripes,convexity_solidity_image,4206,0.014503090822634332,0.40051477130841656,0.40734705508796953,,,0.016070276233893295,0.90247924874162
Linear bands / parallel stripes,corner_junction_density,4206,0.24536376604850213,0.5008399367761294,0.5013435039633857,New46,New46-Image,0.17175628135473262,1.4285577453889218
Linear bands / parallel stripes,corner_sharpness,4206,0.00023775558725630053,0.37482818442845933,0.3900812936543034,New46,New46-Pattern,0.005245737838006619,0.045323574032561195
Linear bands / parallel stripes,curvature_consistency,4206,0.18426058012363292,0.46706633103005235,0.4680460065501664,New46,New46-Pattern,0.061304356876704345,3.005668593738269
Linear bands / parallel stripes,davies_bouldin,4206,0.02282453637660485,0.46371587369280887,0.46579465700095096,Original,,0.020587439372176775,1.1086631981756525
Linear bands / parallel stripes,dbcv,4206,0.024964336661911554,0.47284122199916784,0.47163428183642414,Original,,0.013364141634921627,1.8680089858279891
Linear bands / parallel stripes,direction_entropy,4206,0.00451735615786971,0.4237837279266286,0.427406070915359,New46,New46-Pattern,0.014196798434605216,0.3181954141758108
Linear bands / parallel stripes,eccentricity_ratio,4206,0.11031859248692344,0.4778654937771517,0.47464494278649555,New46,New46-Pattern,0.021316014071899914,5.175385609843081
Linear bands / parallel stripes,edge_coherence,4206,0.019971469329529243,0.38049005751816695,0.3862111039324774,New46,New46-Image,0.004850225858156914,4.117636974769336
Linear bands / parallel stripes,ellipse_fit_score,4206,0.04018069424631479,0.39394171572990966,0.40046429777223014,New46,New46-Image,0.008555548616748891,4.696448590994444
Linear bands / parallel stripes,euler_holes_count,4206,0.004755111745126011,0.33772618335233,0.34904601003090824,New46,New46-Image,0.0014987822394304628,3.1726501822792836
Linear bands / parallel stripes,fractal_dimension,4206,0.06300523062291964,0.4570277427644555,0.456217715232525,New46,New46-Image,0.029975644788609253,2.1018807457600257
Linear bands / parallel stripes,glcm_haralick,4206,0.2308606752258678,0.48762692153549686,0.4896114823777937,New46,New46-Image,0.15087741210266659,1.5301208577780716
Linear bands / parallel stripes,gridness_2d,4206,0.06633380884450785,0.37672059046343315,0.38877343934379455,New46,New46-Pattern,0.013072711755032369,5.074219495352408
Linear bands / parallel stripes,gridness_fft_acf,4206,0.38373751783166904,0.573366860878602,0.5653665590199715,New46,New46-Image,0.433439497075293,0.885331217900084
Linear bands / parallel stripes,hollow_score,4206,0.014265335235378032,0.34571250113989066,0.35631467751307655,New46,New46-Pattern,0.03322300630737526,0.42938122767689557
Linear bands / parallel stripes,hough_circle_arc_strength,4206,0.0038040893961008085,0.3593279889110651,0.36675508307655735,,,0.013280875954953267,0.2864336214722363
Linear bands / parallel stripes,hough_line_strength,4206,0.017356157869709937,0.4226809034155492,0.42731911754398477,New46,New46-Image,0.014092716334644768,1.2315693765184572
Linear bands / parallel stripes,ladderness,4206,0.06038991916310033,0.4435613709131954,0.4492847912553495,New46,New46-Pattern,0.02420949645080039,2.4944723359210466
Linear bands / parallel stripes,lbp_stationarity,4206,0.014265335235378032,0.390238350587494,0.3956250592724679,New46,New46-Image,0.009866983076250547,1.4457646400260027
Linear bands / parallel stripes,line_straightness,4206,0.0901093675701379,0.4748177467633429,0.47058616870660963,New46,New46-Pattern,0.015466600054122691,5.82606178829321
Linear bands / parallel stripes,min_centroid_distance,4206,0.11792677127912506,0.49601796251260105,0.4945805745829768,Established,,0.23112471117217262,0.5102300428242716
Linear bands / parallel stripes,min_intercluster_distance,4206,0.06443176414645745,0.507627188313362,0.5056166095344746,Established,,0.027290326609629677,2.360974460588611
Linear bands / parallel stripes,morphological_band_count,4206,0.008321445553970519,0.47409960305722776,0.4746334904329529,New46,New46-Image,0.004871042278149004,1.7083500981503836
Linear bands / parallel stripes,mst_smoothness,4206,0.010936757013789824,0.40412805504753924,0.4146313410080837,New46,New46-Pattern,0.003413892878702721,3.203602866984447
Linear bands / parallel stripes,neighborhood_purity,4206,0.29838326200665716,0.52558236301039,0.5238277710306706,Established,,0.29451071004808593,1.0131491040103056
Linear bands / parallel stripes,neighborhood_purity_multi_k,4206,0.30836899667142176,0.5238516330552306,0.5227682354018071,Established,,0.4084181602448011,0.755032529617657
Linear bands / parallel stripes,noise_aware_silhouette,4206,0.3704232049453162,0.5515148208395149,0.5486338888062292,Established,,0.44567955203064175,0.8311424727869242
Linear bands / parallel stripes,orientation_histogram_entropy,4206,0.01830718021873514,0.3830756726674274,0.3897495551260105,New46,New46-Image,0.003955119798497054,4.628729634356934
Linear bands / parallel stripes,parabolicity,4206,0.0466000951022349,0.42711835433397527,0.4235774409034712,New46,New46-Pattern,0.023980515830887405,1.943248236646061
Linear bands / parallel stripes,parallel_bands,4206,0.2268188302425107,0.5105470964706894,0.5080525907075606,New46,New46-Pattern,0.11126376485771977,2.0385687158129038
Linear bands / parallel stripes,peak_to_background_hough,4206,0.020684736091298145,0.3887842443455064,0.3919977505848787,New46,New46-Image,0.002955931638876746,6.9977044865483915
Linear bands / parallel stripes,periodicity_1d,4206,0.07394198763670946,0.44500863572001903,0.44554570695672846,New46,New46-Pattern,0.0447136701430088,1.6536774413779731
Linear bands / parallel stripes,piecewise_linearity,4206,0.009272467902995721,0.4226265171619591,0.4281392484569662,New46,New46-Pattern,0.002851849538916297,3.2513874860730763
Linear bands / parallel stripes,polygonality,4206,0.006419400855920114,0.42076881100863056,0.4186777894198764,New46,New46-Image,0.0027269510189637585,2.3540579978438654
Linear bands / parallel stripes,radial_uniformity,4206,0.052781740370898715,0.4643962456284118,0.46757534950546836,New46,New46-Pattern,0.05818189387789088,0.9071849823533464
Linear bands / parallel stripes,rectangularity,4206,0.020209224916785545,0.39609350720301945,0.40302112503566334,New46,New46-Image,0.009742084556298007,2.0744251191826084
Linear bands / parallel stripes,ribbon_thickness,4206,0.3238231098430813,0.5468486810467904,0.5388616781678555,New46,New46-Pattern,0.14094797976643977,2.297465422205255
Linear bands / parallel stripes,ridge_strength,4206,0.034474560152163575,0.44684599337546366,0.4468315421611983,New46,New46-Image,0.008784529236661879,3.9244630216819574
Linear bands / parallel stripes,s_dbw,4206,0.01925820256776034,0.4571437899997314,0.4542850418330956,Established,,0.025458481650325777,0.7564552683177751
Linear bands / parallel stripes,silhouette,4206,0.2301474084640989,0.5252454101281978,0.5241507490068948,Original,,0.48071358687732885,0.478762021184205
Linear bands / parallel stripes,skeleton_connectivity,4206,0.05420827389443652,0.4587567815040894,0.45689632881122205,New46,New46-Image,0.023127042611211724,2.3439345361069632
Linear bands / parallel stripes,symmetry_score,4206,0.016880646695197336,0.3928970804923118,0.4018096941745126,New46,New46-Image,0.011657195195570265,1.4480881903403302
Linear bands / parallel stripes,thickness_uniformity,4206,0.02757964812173086,0.4068560670547789,0.4123383541821208,New46,New46-Image,0.010470659256021149,2.6339934714111903
Linear bands / parallel stripes,turning_points_count,4206,0.029243937232524966,0.3318588737667142,0.3449029549619591,New46,New46-Pattern,0.00870126355669352,3.360883972998246
Parabolic / curved chains,alpha_shape_compactness,3564,0.06930415263748597,0.5082159333024692,0.5131610870763187,New46,New46-Pattern,0.07985178708965632,0.8679098510302891
Parabolic / curved chains,arc_circle_fit,3564,0.023007856341189674,0.4385411024130191,0.4423211856537598,New46,New46-Pattern,0.04265284456379192,0.5394213815394879
Parabolic / curved chains,avg_pca_isotropy,3564,0.008698092031425365,0.43904294943602695,0.4453204840824916,Established,,0.12473198859260184,0.06973425285341174
Parabolic / curved chains,avg_within_cluster_dispersion,3564,0.03198653198653199,0.49025832378787876,0.49492026663299665,Established,,0.01998376319240617,1.6006260521885523
Parabolic / curved chains,axial_symmetry,3564,0.011503928170594837,0.5375751429264871,0.5378118790011223,New46,New46-Pattern,0.1687170840358875,0.06818472614277672
Parabolic / curved chains,blobness_log_dog,3564,0.015712682379349047,0.4890153788804714,0.48861530763187433,New46,New46-Image,0.03753200524573784,0.41864755896924505
Parabolic / curved chains,calinski_harabasz,3564,0.17059483726150393,0.537816478117284,0.5419996987261504,Original,,0.17029913195528634,1.0017363876305325
Parabolic / curved chains,circularity_compactness,3564,0.0016835016835016834,0.3954695048905724,0.40688501880751965,New46,New46-Image,0.009409021836424572,0.17892419772950746
Parabolic / curved chains,cluster_size_balance_entropy,3564,0.3838383838383838,0.6707269164814815,0.6635999066217734,Established,,0.2671371177584879,1.4368590447449636
Parabolic / curved chains,cluster_size_imbalance_entropy,3564,0.0005611672278338945,0.29674879810563976,0.3043183424579124,Established,,0.012552301255230125,0.04470632248410027
Parabolic / curved chains,connected_components_count,3564,0.050505050505050504,0.548932423235129,0.5469665269191919,New46,New46-Image,0.18027019713149733,0.280163062495626
Parabolic / curved chains,connectivity_components,3564,0.17143658810325477,0.6070058521366442,0.5997301982070706,New46,New46-Pattern,0.16215991173837924,1.0572069648128697
Parabolic / curved chains,contour_graph_connectivity,3564,0.01936026936026936,0.5210155158108867,0.522174191402918,New46,New46-Image,0.14265492620579112,0.13571399092338826
Parabolic / curved chains,convexity_ratio,3564,0.1127946127946128,0.5512846306358025,0.5506677200028058,New46,New46-Pattern,0.11600990861591623,0.9722843000251936
Parabolic / curved chains,convexity_solidity_image,3564,0.003928170594837262,0.4109672247025814,0.423298441489899,,,0.016070276233893295,0.24443703005879175
Parabolic / curved chains,corner_junction_density,3564,0.2570145903479237,0.5649853895005612,0.5679223237233446,New46,New46-Image,0.17175628135473262,1.496391213880003
Parabolic / curved chains,curvature_consistency,3564,0.04601571268237935,0.44126216345286196,0.4462879807463524,New46,New46-Pattern,0.061304356876704345,0.7506108052797357
Parabolic / curved chains,davies_bouldin,3564,0.007295173961840628,0.5380119704152637,0.5410659752216611,Original,,0.020587439372176775,0.35435071987144784
Parabolic / curved chains,dbcv,3564,0.011503928170594837,0.519241244573513,0.5211400858501684,Original,,0.013364141634921627,0.860805615867921
Parabolic / curved chains,direction_entropy,3564,0.017676767676767676,0.5149356564927048,0.5147536535409653,New46,New46-Pattern,0.014196798434605216,1.2451235226161912
Parabolic / curved chains,eccentricity_ratio,3564,0.014870931537598204,0.4481443975645343,0.4591657364618406,New46,New46-Pattern,0.021316014071899914,0.6976412891940236
Parabolic / curved chains,edge_coherence,3564,0.0014029180695847362,0.37120326003367005,0.37885373385802473,New46,New46-Image,0.004850225858156914,0.2892479877458418
Parabolic / curved chains,ellipse_fit_score,3564,0.0005611672278338945,0.39776010436167225,0.41077457721661054,New46,New46-Image,0.008555548616748891,0.06559102787813251
Parabolic / curved chains,fractal_dimension,3564,0.023007856341189674,0.46509343779461276,0.4728445196829405,New46,New46-Image,0.029975644788609253,0.7675516741488964
Parabolic / curved chains,glcm_haralick,3564,0.10886644219977554,0.489824492620651,0.4958288170426487,New46,New46-Image,0.15087741210266659,0.7215556038679659
Parabolic / curved chains,gridness_2d,3564,0.0008417508417508417,0.4377373936728395,0.4444470735521886,New46,New46-Pattern,0.013072711755032369,0.06438991829119217
Parabolic / curved chains,gridness_fft_acf,3564,0.2724466891133558,0.6206615168181819,0.6199148273372616,New46,New46-Image,0.433439497075293,0.6285691335278311
Parabolic / curved chains,hollow_score,3564,0.028058361391694726,0.47042048328843994,0.4714826327300785,New46,New46-Pattern,0.03322300630737526,0.844546129633849
Parabolic / curved chains,hough_circle_arc_strength,3564,0.0014029180695847362,0.3863609546604938,0.39768706079685745,,,0.013280875954953267,0.10563445320498611
Parabolic / curved chains,hough_line_strength,3564,0.006453423120089787,0.4483280412457912,0.4491938320622896,New46,New46-Image,0.014092716334644768,0.4579261348094435
Parabolic / curved chains,ladderness,3564,0.011503928170594837,0.4284306943771044,0.43593271421156,New46,New46-Pattern,0.02420949645080039,0.4751824637895145
Parabolic / curved chains,lbp_stationarity,3564,0.001122334455667789,0.41546730552469135,0.42555326376543207,New46,New46-Image,0.009866983076250547,0.11374646606714117
Parabolic / curved chains,line_straightness,3564,0.010662177328843996,0.4447394341638608,0.4546882427272728,New46,New46-Pattern,0.015466600054122691,0.689367882503818
Parabolic / curved chains,min_centroid_distance,3564,0.25308641975308643,0.6319965753703704,0.6296411954910214,Established,,0.23112471117217262,1.0950210320200413
Parabolic / curved chains,min_intercluster_distance,3564,0.17648709315375982,0.6262075941329966,0.6234765051262626,Established,,0.027290326609629677,6.467020189178847
Parabolic / curved chains,morphological_band_count,3564,0.003928170594837262,0.5254373245409651,0.5299835351346801,New46,New46-Image,0.004871042278149004,0.806433278655501
Parabolic / curved chains,mst_smoothness,3564,0.0016835016835016834,0.46460946107744105,0.4708112029096521,New46,New46-Pattern,0.003413892878702721,0.49313254496181325
Parabolic / curved chains,neighborhood_purity,3564,0.5145903479236813,0.666292016080247,0.6634841867326039,Established,,0.29451071004808593,1.7472721037535854
Parabolic / curved chains,neighborhood_purity_multi_k,3564,0.5070145903479237,0.6650777767592592,0.6621539308013469,Established,,0.4084181602448011,1.2414104946852145
Parabolic / curved chains,noise_aware_silhouette,3564,0.67003367003367,0.7060782145763188,0.7026603564012346,Established,,0.44567955203064175,1.5033978269382287
Parabolic / curved chains,orientation_histogram_entropy,3564,0.0016835016835016834,0.3719706552272727,0.381111582979798,New46,New46-Image,0.003955119798497054,0.4256512493354599
Parabolic / curved chains,parabolicity,3564,0.15656565656565657,0.553804186849046,0.5591796310185185,New46,New46-Pattern,0.023980515830887405,6.528869423400674
Parabolic / curved chains,parallel_bands,3564,0.1419753086419753,0.5425659849845679,0.5499058432407408,New46,New46-Pattern,0.11126376485771977,1.2760246682604024
Parabolic / curved chains,periodicity_1d,3564,0.02749719416386083,0.4503601526907968,0.4610136352777778,New46,New46-Pattern,0.0447136701430088,0.6149616901479099
Parabolic / curved chains,piecewise_linearity,3564,0.00813692480359147,0.46360043673681256,0.47361430870650956,New46,New46-Pattern,0.002851849538916297,2.8532097126987637
Parabolic / curved chains,polygonality,3564,0.001122334455667789,0.4354611332098765,0.44508965251402915,New46,New46-Image,0.0027269510189637585,0.411571182563549
Parabolic / curved chains,radial_uniformity,3564,0.011784511784511785,0.44577357497474746,0.4536064920117845,New46,New46-Pattern,0.05818189387789088,0.2025460327785909
Parabolic / curved chains,rectangularity,3564,0.0014029180695847362,0.400557017671156,0.4131746184988776,New46,New46-Image,0.009742084556298007,0.1440059426170537
Parabolic / curved chains,ribbon_thickness,3564,0.15965207631874298,0.5363871103956229,0.5406638746071829,New46,New46-Pattern,0.14094797976643977,1.1327021258715246
Parabolic / curved chains,ridge_strength,3564,0.007014590347923681,0.45602519310606054,0.4666145007996633,New46,New46-Image,0.008784529236661879,0.7985163642746581
Parabolic / curved chains,s_dbw,3564,0.010101010101010102,0.4876545126094276,0.49213869814253647,Established,,0.025458481650325777,0.39676404271661836
Parabolic / curved chains,silhouette,3564,0.39674523007856344,0.6694944635858586,0.6636041113468013,Original,,0.48071358687732885,0.8253256011667652
Parabolic / curved chains,skeleton_connectivity,3564,0.004489337822671156,0.46730631294893377,0.47363594515432095,New46,New46-Image,0.023127042611211724,0.19411638133510323
Parabolic / curved chains,symmetry_score,3564,0.0016835016835016834,0.4006992564971942,0.41583475072671156,New46,New46-Image,0.011657195195570265,0.14441738816738817
Parabolic / curved chains,thickness_uniformity,3564,0.0025252525252525255,0.44184617632154877,0.44820555358024694,New46,New46-Image,0.010470659256021149,0.24117416711850115
Parabolic / curved chains,turning_points_count,3564,0.04517396184062851,0.42351115625420876,0.4369988300056117,New46,New46-Pattern,0.00870126355669352,5.191655389621897
Piecewise polylines / corners,alpha_shape_compactness,3927,0.05933282403870639,0.5606992945785586,0.550042005645531,New46,New46-Pattern,0.07985178708965632,0.7430368962448948
Piecewise polylines / corners,arc_circle_fit,3927,0.012732365673542145,0.4269389874968169,0.45469186017825314,New46,New46-Pattern,0.04265284456379192,0.2985115249347443
Piecewise polylines / corners,avg_pca_isotropy,3927,0.09396485867074103,0.5120699491545709,0.53993628644767,Established,,0.12473198859260184,0.7533340863958158
Piecewise polylines / corners,avg_within_cluster_dispersion,3927,0.00967659791189203,0.49315267463967405,0.4836286775401069,Established,,0.01998376319240617,0.4842230073847721
Piecewise polylines / corners,axial_symmetry,3927,0.16170104405398522,0.609937884214413,0.6085847092386045,New46,New46-Pattern,0.1687170840358875,0.9584153553743857
Piecewise polylines / corners,blobness_log_dog,3927,0.05907817672523555,0.5291480873745862,0.543088436549529,New46,New46-Image,0.03753200524573784,1.5740746154762009
Piecewise polylines / corners,calinski_harabasz,3927,0.1716322892793481,0.5613802173975043,0.5608299219786097,Original,,0.17029913195528634,1.007828327183792
Piecewise polylines / corners,circularity_compactness,3927,0.0071301247771836,0.40781145284186404,0.40788949840336136,New46,New46-Image,0.009409021836424572,0.7577966021485021
Piecewise polylines / corners,cluster_size_balance_entropy,3927,0.2564298446651388,0.6432998225108226,0.6444724710516934,Established,,0.2671371177584879,0.9599184374556691
Piecewise polylines / corners,connected_components_count,3927,0.3340972752737459,0.6568255740387063,0.6515809924624396,New46,New46-Image,0.18027019713149733,1.8533139730803092
Piecewise polylines / corners,connectivity_components,3927,0.16730328495034377,0.597126532593583,0.5944168564807741,New46,New46-Pattern,0.16215991173837924,1.031717908309315
Piecewise polylines / corners,contour_graph_connectivity,3927,0.2992105933282404,0.6374424063763687,0.6327178293048128,New46,New46-Image,0.14265492620579112,2.0974431187648244
Piecewise polylines / corners,convexity_ratio,3927,0.1003310415075121,0.5681943158186912,0.5604806260478736,New46,New46-Pattern,0.11600990861591623,0.8648488969997082
Piecewise polylines / corners,convexity_solidity_image,3927,0.013750954927425516,0.4178836698268398,0.41967473312961545,,,0.016070276233893295,0.8556763261121688
Piecewise polylines / corners,corner_junction_density,3927,0.1051693404634581,0.5296587193099058,0.5238574218691114,New46,New46-Image,0.17175628135473262,0.6123172883922027
Piecewise polylines / corners,corner_sharpness,3927,0.0033104150751209573,0.46531227784059076,0.4654287967201426,New46,New46-Pattern,0.005245737838006619,0.6310675785465701
Piecewise polylines / corners,curvature_consistency,3927,0.01324166030048383,0.4483555584491979,0.4559272989279348,New46,New46-Pattern,0.061304356876704345,0.21599868223257815
Piecewise polylines / corners,davies_bouldin,3927,0.04940157881334352,0.60380275171123,0.6057229141227399,Original,,0.020587439372176775,2.399598022865732
Piecewise polylines / corners,dbcv,3927,0.0106951871657754,0.5469785492182327,0.5555414458085052,Original,,0.013364141634921627,0.8002898695586985
Piecewise polylines / corners,direction_entropy,3927,0.012477718360071301,0.5325636997988286,0.5506274256124268,New46,New46-Pattern,0.014196798434605216,0.8789107218467233
Piecewise polylines / corners,eccentricity_ratio,3927,0.012732365673542145,0.41738638001680667,0.4014828647850776,New46,New46-Pattern,0.021316014071899914,0.5973145650305577
Piecewise polylines / corners,edge_coherence,3927,0.0012732365673542145,0.3832011501298701,0.3807137325184619,New46,New46-Image,0.004850225858156914,0.26251077879454554
Piecewise polylines / corners,ellipse_fit_score,3927,0.0035650623885918,0.40806136992105935,0.4081292861726509,New46,New46-Image,0.008555548616748891,0.41669594181401826
Piecewise polylines / corners,fractal_dimension,3927,0.0106951871657754,0.4770451496333079,0.46897441168576526,New46,New46-Image,0.029975644788609253,0.35679590017825313
Piecewise polylines / corners,glcm_haralick,3927,0.13165266106442577,0.5413241898726764,0.5275751143300229,New46,New46-Image,0.15087741210266659,0.8725803235201366
Piecewise polylines / corners,gridness_2d,3927,0.0012732365673542145,0.39083384745607336,0.3977074746753247,New46,New46-Pattern,0.013072711755032369,0.0973965150623075
Piecewise polylines / corners,gridness_fft_acf,3927,0.4288260758848994,0.6696060085001273,0.6700134423351157,New46,New46-Image,0.433439497075293,0.9893562510534378
Piecewise polylines / corners,hollow_score,3927,0.005856888209829387,0.35212964880825054,0.3734072055385791,New46,New46-Pattern,0.03322300630737526,0.17629013327819168
Piecewise polylines / corners,hough_circle_arc_strength,3927,0.0056022408963585435,0.4465458758594347,0.45444106277310925,,,0.013280875954953267,0.4218276652353732
Piecewise polylines / corners,hough_line_strength,3927,0.019098548510313215,0.46408471372803667,0.4728260060555131,New46,New46-Image,0.014092716334644768,1.355207048577454
Piecewise polylines / corners,ladderness,3927,0.006875477463712758,0.422020590371785,0.433351611701044,New46,New46-Pattern,0.02420949645080039,0.2839991933613905
Piecewise polylines / corners,lbp_stationarity,3927,0.0106951871657754,0.49904018927425514,0.48675714330532216,New46,New46-Image,0.009866983076250547,1.0839369119339335
Piecewise polylines / corners,line_straightness,3927,0.009167303284950344,0.4134837229258977,0.39720150677361854,New46,New46-Pattern,0.015466600054122691,0.5927161271947908
Piecewise polylines / corners,min_centroid_distance,3927,0.19684237331296156,0.5855311395110772,0.5998670663330787,Established,,0.23112471117217262,0.8516716897758588
Piecewise polylines / corners,min_intercluster_distance,3927,0.004074357015533486,0.5611263775019099,0.5713278488311688,Established,,0.027290326609629677,0.1492967480314364
Piecewise polylines / corners,morphological_band_count,3927,0.0028011204481792717,0.5302955790374331,0.5411873211102624,New46,New46-Image,0.004871042278149004,0.5750556632909575
Piecewise polylines / corners,neighborhood_purity,3927,0.3048128342245989,0.6209091242908072,0.6334891284899414,Established,,0.29451071004808593,1.0349804737995127
Piecewise polylines / corners,neighborhood_purity_multi_k,3927,0.4163483575248281,0.6249955587394959,0.639016491459129,Established,,0.4084181602448011,1.0194168576521518
Piecewise polylines / corners,noise_aware_silhouette,3927,0.4919786096256685,0.7003492315889993,0.7085903842067736,Established,,0.44567955203064175,1.1038841862591073
Piecewise polylines / corners,orientation_histogram_entropy,3927,0.002037178507766743,0.38287097969442324,0.3804974412594856,New46,New46-Image,0.003955119798497054,0.5150737807084557
Piecewise polylines / corners,parabolicity,3927,0.0142602495543672,0.3952460799796282,0.3923580433027757,New46,New46-Pattern,0.023980515830887405,0.5946598336304219
Piecewise polylines / corners,parallel_bands,3927,0.07919531448943214,0.5161622227254902,0.5154184604532722,New46,New46-Pattern,0.11126376485771977,0.7117799275505763
Piecewise polylines / corners,periodicity_1d,3927,0.030303030303030304,0.45636637490705373,0.4516850435141329,New46,New46-Pattern,0.0447136701430088,0.6777128830201457
Piecewise polylines / corners,piecewise_linearity,3927,0.00025464731347084286,0.3817207015294118,0.3895245273847721,New46,New46-Pattern,0.002851849538916297,0.08929198753157533
Piecewise polylines / corners,polygonality,3927,0.0017825311942959,0.4416721843559969,0.4469538951973516,New46,New46-Image,0.0027269510189637585,0.653671878189166
Piecewise polylines / corners,radial_uniformity,3927,0.09752992105933282,0.5750141414861217,0.5539740626865292,New46,New46-Pattern,0.05818189387789088,1.676293337305649
Piecewise polylines / corners,rectangularity,3927,0.005856888209829387,0.4057656239113827,0.40383117186656486,New46,New46-Image,0.009742084556298007,0.60119455707691
Piecewise polylines / corners,ribbon_thickness,3927,0.11459129106187929,0.5262776359230964,0.5054189231016042,New46,New46-Pattern,0.14094797976643977,0.8130041399086722
Piecewise polylines / corners,ridge_strength,3927,0.0010185892538833714,0.47334923591545713,0.4706879559281894,New46,New46-Image,0.008784529236661879,0.11595262835853859
Piecewise polylines / corners,s_dbw,3927,0.049910873440285206,0.5416794290221543,0.5351056346294881,Established,,0.025458481650325777,1.9604811522468202
Piecewise polylines / corners,silhouette,3927,0.5828877005347594,0.7160938675324676,0.7254210443799338,Original,,0.48071358687732885,1.2125467564192312
Piecewise polylines / corners,skeleton_connectivity,3927,0.010185892538833716,0.4768995658492488,0.46819534853068506,New46,New46-Image,0.023127042611211724,0.4404321257183014
Piecewise polylines / corners,symmetry_score,3927,0.004583651642475172,0.42020718821237585,0.4239503667583397,New46,New46-Image,0.011657195195570265,0.3932036450944014
Piecewise polylines / corners,thickness_uniformity,3927,0.0007639419404125286,0.3919733827247262,0.39707259521517696,New46,New46-Image,0.010470659256021149,0.07296025223752975
Polygons / rectangles / frames,alpha_shape_compactness,3300,0.08696969696969697,0.6165085017439395,0.6072184960939394,New46,New46-Pattern,0.07985178708965632,1.0891390179163902
Polygons / rectangles / frames,arc_circle_fit,3300,0.1412121212121212,0.5439612544333333,0.5493777620090909,New46,New46-Pattern,0.04265284456379192,3.310731620746262
Polygons / rectangles / frames,avg_pca_isotropy,3300,0.2827272727272727,0.6424013670533333,0.6418136004727272,Established,,0.12473198859260184,2.266678146619735
Polygons / rectangles / frames,avg_within_cluster_dispersion,3300,0.0069696969696969695,0.4693540042424243,0.467904374769697,Established,,0.01998376319240617,0.34876799242424245
Polygons / rectangles / frames,axial_symmetry,3300,0.2609090909090909,0.6940666937424242,0.6690009593212122,New46,New46-Pattern,0.1687170840358875,1.5464295889181763
Polygons / rectangles / frames,blobness_log_dog,3300,0.07484848484848484,0.5686172351969697,0.5800234906,New46,New46-Image,0.03753200524573784,1.9942575505470679
Polygons / rectangles / frames,calinski_harabasz,3300,0.20636363636363636,0.5565617467878788,0.5592455462454545,Original,,0.17029913195528634,1.2117715104843816
Polygons / rectangles / frames,circularity_compactness,3300,0.011515151515151515,0.44207575648787883,0.4330641804696969,New46,New46-Image,0.009409021836424572,1.223841512469831
Polygons / rectangles / frames,cluster_size_balance_entropy,3300,0.23666666666666666,0.6445071092454545,0.6473676219666666,Established,,0.2671371177584879,0.8859370373256448
Polygons / rectangles / frames,connected_components_count,3300,0.18727272727272729,0.6500077624454546,0.6418453220515152,New46,New46-Image,0.18027019713149733,1.0388446357337813
Polygons / rectangles / frames,connectivity_components,3300,0.15515151515151515,0.6005130408818182,0.5989233723545454,New46,New46-Pattern,0.16215991173837924,0.9567809546038044
Polygons / rectangles / frames,contour_graph_connectivity,3300,0.1693939393939394,0.6268457191878788,0.6236513482545454,New46,New46-Image,0.14265492620579112,1.1874384144966372
Polygons / rectangles / frames,convexity_ratio,3300,0.15212121212121213,0.624580287348485,0.6161046180878788,New46,New46-Pattern,0.11600990861591623,1.3112777514966643
Polygons / rectangles / frames,convexity_solidity_image,3300,0.019090909090909092,0.48229442013030305,0.4683805130393939,,,0.016070276233893295,1.1879639660857277
Polygons / rectangles / frames,corner_junction_density,3300,0.12090909090909091,0.5132008872151516,0.5138296759939394,New46,New46-Image,0.17175628135473262,0.7039573164685272
Polygons / rectangles / frames,corner_sharpness,3300,0.006666666666666667,0.4504992314424242,0.4489848958484849,New46,New46-Pattern,0.005245737838006619,1.270873015873016
Polygons / rectangles / frames,curvature_consistency,3300,0.011212121212121211,0.43704942657878787,0.44028083507757576,New46,New46-Pattern,0.061304356876704345,0.1828927303596234
Polygons / rectangles / frames,davies_bouldin,3300,0.00787878787878788,0.5622740328515151,0.5634939505060607,Original,,0.020587439372176775,0.3826987774611637
Polygons / rectangles / frames,dbcv,3300,0.0015151515151515152,0.5241388984424242,0.526441768839394,Original,,0.013364141634921627,0.1133743981874823
Polygons / rectangles / frames,direction_entropy,3300,0.013030303030303031,0.5665467727424243,0.5767292677030303,New46,New46-Pattern,0.014196798434605216,0.9178339109570781
Polygons / rectangles / frames,ellipse_fit_score,3300,0.0021212121212121214,0.4316345871181818,0.4368339794848485,New46,New46-Image,0.008555548616748891,0.2479340853793409
Polygons / rectangles / frames,euler_holes_count,3300,0.00030303030303030303,0.36521708911939393,0.3747613688515152,New46,New46-Image,0.0014987822394304628,0.20218434343434344
Polygons / rectangles / frames,fractal_dimension,3300,0.013030303030303031,0.45913107732727276,0.45920327594848487,New46,New46-Image,0.029975644788609253,0.4346963383838384
Polygons / rectangles / frames,glcm_haralick,3300,0.09090909090909091,0.513504455569697,0.5110871509818181,New46,New46-Image,0.15087741210266659,0.6025361228175797
Polygons / rectangles / frames,gridness_2d,3300,0.00030303030303030303,0.37952817296060604,0.39061740365757575,New46,New46-Pattern,0.013072711755032369,0.023180370584829184
Polygons / rectangles / frames,gridness_fft_acf,3300,0.4415151515151515,0.6586728115545454,0.6656978938424243,New46,New46-Image,0.433439497075293,1.0186315610237424
Polygons / rectangles / frames,hollow_score,3300,0.1203030303030303,0.5317859334866667,0.5171562066424242,New46,New46-Pattern,0.03322300630737526,3.6210759854180905
Polygons / rectangles / frames,hough_circle_arc_strength,3300,0.04454545454545455,0.46866324450606056,0.4644283531303031,,,0.013280875954953267,3.3541051581647197
Polygons / rectangles / frames,hough_line_strength,3300,0.016363636363636365,0.5001897556818181,0.5076379877181818,New46,New46-Image,0.014092716334644768,1.161141399221163
Polygons / rectangles / frames,ladderness,3300,0.009696969696969697,0.45840825285454545,0.45608608245151516,New46,New46-Pattern,0.02420949645080039,0.40054404752599077
Polygons / rectangles / frames,lbp_stationarity,3300,0.00787878787878788,0.4406306387121212,0.4420709958027273,New46,New46-Image,0.009866983076250547,0.798500191791331
Polygons / rectangles / frames,min_centroid_distance,3300,0.24666666666666667,0.618904855430303,0.6251586916212123,Established,,0.23112471117217262,1.0672448887688013
Polygons / rectangles / frames,min_intercluster_distance,3300,0.00030303030303030303,0.5728404753151516,0.5760207605909091,Established,,0.027290326609629677,0.011103945634838084
Polygons / rectangles / frames,morphological_band_count,3300,0.0024242424242424242,0.5924647452272728,0.5947352018636364,New46,New46-Image,0.004871042278149004,0.4976845376845377
Polygons / rectangles / frames,neighborhood_purity,3300,0.25757575757575757,0.636387659569697,0.6404644388606061,Established,,0.29451071004808593,0.8745887629475415
Polygons / rectangles / frames,neighborhood_purity_multi_k,3300,0.44606060606060605,0.6409954115303031,0.6477957546787878,Established,,0.4084181602448011,1.092166434992123
Polygons / rectangles / frames,noise_aware_silhouette,3300,0.3654545454545455,0.6896692501030303,0.6928907943393939,Established,,0.44567955203064175,0.8199939705320369
Polygons / rectangles / frames,parabolicity,3300,0.00030303030303030303,0.3035703177151515,0.3148992477515152,New46,New46-Pattern,0.023980515830887405,0.012636521464646465
Polygons / rectangles / frames,parallel_bands,3300,0.048484848484848485,0.4794971306424243,0.48404617959696966,New46,New46-Pattern,0.11126376485771977,0.43576494599880944
Polygons / rectangles / frames,peak_to_background_hough,3300,0.0006060606060606061,0.4083131023151515,0.41988293515454544,New46,New46-Image,0.002955931638876746,0.20503201024327786
Polygons / rectangles / frames,periodicity_1d,3300,0.03575757575757576,0.4364197075151515,0.43815486380606067,New46,New46-Pattern,0.0447136701430088,0.7997012019637718
Polygons / rectangles / frames,polygonality,3300,0.006363636363636364,0.48415957161515155,0.4778484920939394,New46,New46-Image,0.0027269510189637585,2.3336086051353226
Polygons / rectangles / frames,radial_uniformity,3300,0.04878787878787879,0.4514666712969697,0.46178272802909087,New46,New46-Pattern,0.05818189387789088,0.8385405757033664
Polygons / rectangles / frames,rectangularity,3300,0.011212121212121211,0.43958034011818187,0.4336398851666667,New46,New46-Image,0.009742084556298007,1.1508954933954934
Polygons / rectangles / frames,ribbon_thickness,3300,0.05303030303030303,0.4132070772060606,0.41966046459696965,New46,New46-Pattern,0.14094797976643977,0.37624024919106885
Polygons / rectangles / frames,ridge_strength,3300,0.0006060606060606061,0.4424117271787879,0.4464859819727272,New46,New46-Image,0.008784529236661879,0.06899181387333046
Polygons / rectangles / frames,s_dbw,3300,0.022424242424242423,0.49358607919393943,0.49358909723030303,Established,,0.025458481650325777,0.8808161748308927
Polygons / rectangles / frames,silhouette,3300,0.5348484848484848,0.7019264546545456,0.7063585008939393,Original,,0.48071358687732885,1.1126136216011935
Polygons / rectangles / frames,skeleton_connectivity,3300,0.010606060606060607,0.4516412254181818,0.45095328974393933,New46,New46-Image,0.023127042611211724,0.4585999509041814
Polygons / rectangles / frames,symmetry_score,3300,0.007272727272727273,0.4515855964575758,0.4493120986060606,New46,New46-Image,0.011657195195570265,0.6238831168831169
Polygons / rectangles / frames,thickness_uniformity,3300,0.0018181818181818182,0.39432457753636363,0.39346205705454546,New46,New46-Image,0.010470659256021149,0.1736454003253208
Radial / spiral / meander,alpha_shape_compactness,3582,0.10859854829704076,0.5815554145393634,0.5797460850083752,New46,New46-Pattern,0.07985178708965632,1.360001475923238
Radial / spiral / meander,arc_circle_fit,3582,0.03126744835287549,0.4627654690801228,0.4797082969374651,New46,New46-Pattern,0.04265284456379192,0.7330683023054103
Radial / spiral / meander,avg_pca_isotropy,3582,0.17141261864879956,0.5852187477867113,0.5830995533361251,Established,,0.12473198859260184,1.3742474611598268
Radial / spiral / meander,avg_within_cluster_dispersion,3582,0.012283640424343942,0.47728906877721944,0.47338186689000555,Established,,0.01998376319240617,0.6146810441094361
Radial / spiral / meander,axial_symmetry,3582,0.1786711334450028,0.6153381552372976,0.6293929604745953,New46,New46-Pattern,0.1687170840358875,1.0589984675588513
Radial / spiral / meander,blobness_log_dog,3582,0.04885538805136795,0.5609023173618091,0.5677152922920157,New46,New46-Image,0.03753200524573784,1.301699382473469
Radial / spiral / meander,calinski_harabasz,3582,0.17839195979899497,0.5441710615270798,0.5461067076437744,Original,,0.17029913195528634,1.0475212512876078
Radial / spiral / meander,circularity_compactness,3582,0.010050251256281407,0.40375300945281967,0.4053097740480179,New46,New46-Image,0.009409021836424572,1.0681504869480143
Radial / spiral / meander,cluster_size_balance_entropy,3582,0.2710776102735902,0.661077803316583,0.648903316175321,Established,,0.2671371177584879,1.0147508236525362
Radial / spiral / meander,cluster_size_imbalance_entropy,3582,0.00027917364600781687,0.2999022634455612,0.3126375658096036,Established,,0.012552301255230125,0.022240833798622742
Radial / spiral / meander,connected_components_count,3582,0.1806253489670575,0.6212105905203797,0.6256675763735343,New46,New46-Image,0.18027019713149733,1.0019701084328494
Radial / spiral / meander,connectivity_components,3582,0.12814070351758794,0.5915298588037409,0.5937660051786711,New46,New46-Pattern,0.16215991173837924,0.7902119712813103
Radial / spiral / meander,contour_graph_connectivity,3582,0.1658291457286432,0.6089931642294808,0.6060477802624232,New46,New46-Image,0.14265492620579112,1.1624494865983206
Radial / spiral / meander,convexity_ratio,3582,0.0993858179787828,0.5824866289642657,0.5735409513791178,New46,New46-Pattern,0.11600990861591623,0.8567011142800551
Radial / spiral / meander,convexity_solidity_image,3582,0.01954215522054718,0.44471085279173644,0.4427829995728643,,,0.016070276233893295,1.2160435163728833
Radial / spiral / meander,corner_junction_density,3582,0.13009491903964265,0.5127482586348409,0.5132655468481295,New46,New46-Image,0.17175628135473262,0.7574390759599313
Radial / spiral / meander,corner_sharpness,3582,0.0064209938581797875,0.4507056873478504,0.4557115778531547,New46,New46-Pattern,0.005245737838006619,1.2240401744170588
Radial / spiral / meander,curvature_consistency,3582,0.05583472920156337,0.44086168672250137,0.4457851980848688,New46,New46-Pattern,0.061304356876704345,0.9107791362016647
Radial / spiral / meander,davies_bouldin,3582,0.015912897822445562,0.5545295945421553,0.5645743541289782,Original,,0.020587439372176775,0.7729420611652804
Radial / spiral / meander,dbcv,3582,0.003908431044109436,0.5181134575125628,0.5264949503629258,Original,,0.013364141634921627,0.29245657153889904
Radial / spiral / meander,direction_entropy,3582,0.013679508654383027,0.5602748434477945,0.5678329712730319,New46,New46-Pattern,0.014196798434605216,0.9635629270497159
Radial / spiral / meander,eccentricity_ratio,3582,0.015912897822445562,0.35751330107202683,0.36901005289949745,New46,New46-Pattern,0.021316014071899914,0.7465231430590453
Radial / spiral / meander,edge_coherence,3582,0.0005583472920156337,0.3576507634829704,0.3655592680039084,New46,New46-Image,0.004850225858156914,0.11511779210789283
Radial / spiral / meander,ellipse_fit_score,3582,0.002512562814070352,0.3947409959408152,0.40776393973478503,New46,New46-Image,0.008555548616748891,0.29367641125334704
Radial / spiral / meander,fractal_dimension,3582,0.011725293132328308,0.45923050048855385,0.4614584297068677,New46,New46-Image,0.029975644788609253,0.3911606644332775
Radial / spiral / meander,glcm_haralick,3582,0.11501954215522055,0.518212395106086,0.5166849526940257,New46,New46-Image,0.15087741210266659,0.7623377187630573
Radial / spiral / meander,gridness_2d,3582,0.0011166945840312675,0.3925441246007817,0.3929921078671133,New46,New46-Pattern,0.013072711755032369,0.0854218011501243
Radial / spiral / meander,gridness_fft_acf,3582,0.4997208263539922,0.6682430848604132,0.6795728609519821,New46,New46-Image,0.433439497075293,1.1529194494870536
Radial / spiral / meander,hollow_score,3582,0.01340033500837521,0.3822612523824679,0.4146634161055276,New46,New46-Pattern,0.03322300630737526,0.40334504603216587
Radial / spiral / meander,hough_circle_arc_strength,3582,0.0027917364600781687,0.38258210825237293,0.40568358380234504,,,0.013280875954953267,0.21020725361394224
Radial / spiral / meander,hough_line_strength,3582,0.015912897822445562,0.49586790800614183,0.5066400236013401,New46,New46-Image,0.014092716334644768,1.129157604863312
Radial / spiral / meander,ladderness,3582,0.02959240647682859,0.42453973903015074,0.43967100250139585,New46,New46-Pattern,0.02420949645080039,1.2223470462083994
Radial / spiral / meander,lbp_stationarity,3582,0.0036292573981016193,0.42783537001088773,0.43124505389168066,New46,New46-Image,0.009866983076250547,0.3678183463025394
Radial / spiral / meander,line_straightness,3582,0.010329424902289224,0.3544057307705192,0.36421613430067,New46,New46-Pattern,0.015466600054122691,0.6678536243352249
Radial / spiral / meander,min_centroid_distance,3582,0.2638190954773869,0.6256307034785037,0.6327156429006141,Established,,0.23112471117217262,1.141457761653444
Radial / spiral / meander,min_intercluster_distance,3582,0.00027917364600781687,0.5737038004466779,0.5845168973450586,Established,,0.027290326609629677,0.01022976566023609
Radial / spiral / meander,morphological_band_count,3582,0.0030709101060859855,0.5759530884673367,0.5822905376018984,New46,New46-Image,0.004871042278149004,0.6304420965224986
Radial / spiral / meander,mst_smoothness,3582,0.002233389168062535,0.4395962650781686,0.4404590300474595,New46,New46-Pattern,0.003413892878702721,0.6542059892960739
Radial / spiral / meander,neighborhood_purity,3582,0.3179787828029034,0.6395713880039086,0.6467324663260748,Established,,0.29451071004808593,1.0796849552635481
Radial / spiral / meander,neighborhood_purity_multi_k,3582,0.4765494137353434,0.644004713685092,0.6531897317922948,Established,,0.4084181602448011,1.1668173948232499
Radial / spiral / meander,noise_aware_silhouette,3582,0.4715242881072027,0.6972244963947515,0.7022458263288666,Established,,0.44567955203064175,1.057989503801117
Radial / spiral / meander,parabolicity,3582,0.0016750418760469012,0.3162044236571748,0.33504557378559463,New46,New46-Pattern,0.023980515830887405,0.06985011864879956
Radial / spiral / meander,parallel_bands,3582,0.08849804578447794,0.49330243999720824,0.49936450013679506,New46,New46-Pattern,0.11126376485771977,0.7953896391843845
Radial / spiral / meander,peak_to_background_hough,3582,0.0005583472920156337,0.4103038949095478,0.4226590601842546,New46,New46-Image,0.002955931638876746,0.18889046169816218
Radial / spiral / meander,periodicity_1d,3582,0.035175879396984924,0.44009420518146286,0.4422271258654383,New46,New46-Pattern,0.0447136701430088,0.7866918390836867
Radial / spiral / meander,piecewise_linearity,3582,0.002233389168062535,0.3895195027275265,0.38418600601340036,New46,New46-Pattern,0.002851849538916297,0.7831370966755922
Radial / spiral / meander,polygonality,3582,0.0005583472920156337,0.44109929653545504,0.45407454803182573,New46,New46-Image,0.0027269510189637585,0.20475149283312236
Radial / spiral / meander,radial_uniformity,3582,0.06225572305974316,0.527110731610832,0.5139713575711893,New46,New46-Pattern,0.05818189387789088,1.0700188479667267
Radial / spiral / meander,rectangularity,3582,0.007537688442211055,0.40592878467895027,0.41512653506700165,New46,New46-Image,0.009742084556298007,0.7737243911867028
Radial / spiral / meander,ribbon_thickness,3582,0.09659408151870463,0.4452839033389168,0.46078666010887775,New46,New46-Pattern,0.14094797976643977,0.6853172473899057
Radial / spiral / meander,ridge_strength,3582,0.0011166945840312675,0.44703171762981575,0.4489197455695142,New46,New46-Image,0.008784529236661879,0.1271205950764883
Radial / spiral / meander,s_dbw,3582,0.04355108877721943,0.5056478406616415,0.5031521927666108,Established,,0.025458481650325777,1.710671098748033
Radial / spiral / meander,silhouette,3582,0.5541596873255165,0.7058459686058068,0.7103036432021218,Original,,0.48071358687732885,1.1527855722266698
Radial / spiral / meander,skeleton_connectivity,3582,0.008375209380234505,0.4562754040619766,0.45281149231434953,New46,New46-Image,0.023127042611211724,0.36213922899827666
Radial / spiral / meander,symmetry_score,3582,0.004745951982132886,0.44534316052568396,0.45007985448073706,New46,New46-Image,0.011657195195570265,0.4071264058387174
Radial / spiral / meander,thickness_uniformity,3582,0.0005583472920156337,0.3662041036767169,0.3728024579787828,New46,New46-Image,0.010470659256021149,0.053324941473437436
Radial / spiral / meander,turning_points_count,3582,0.00446677833612507,0.31563323105527635,0.3208780954215522,New46,New46-Pattern,0.00870126355669352,0.5133482404045747
Standard clustering blobs,alpha_shape_compactness,2847,0.06357569371268001,0.5777189620618194,0.5806257487390235,New46,New46-Pattern,0.07985178708965632,0.7961712070551187
Standard clustering blobs,arc_circle_fit,2847,0.0035124692658939235,0.40384765054092026,0.42413397500526867,New46,New46-Pattern,0.04265284456379192,0.08235017621487467
Standard clustering blobs,avg_pca_isotropy,2847,0.2205830698981384,0.6026345791289077,0.6163590448753073,Established,,0.12473198859260184,1.7684562908605925
Standard clustering blobs,avg_within_cluster_dispersion,2847,0.01931858096241658,0.472241678974359,0.4704431492096944,Established,,0.01998376319240617,0.9667138654724272
Standard clustering blobs,axial_symmetry,2847,0.24587284861257463,0.6881504094099051,0.6754042622936424,New46,New46-Pattern,0.1687170840358875,1.4573085471313354
Standard clustering blobs,blobness_log_dog,2847,0.04460835967685283,0.5759543983842641,0.5869210778468562,New46,New46-Image,0.03753200524573784,1.1885418693934182
Standard clustering blobs,calinski_harabasz,2847,0.22233930453108536,0.5435989850017563,0.5474429982051282,Original,,0.17029913195528634,1.3055809620301686
Standard clustering blobs,circularity_compactness,2847,0.0035124692658939235,0.40459716160871095,0.40066218526167896,New46,New46-Image,0.009409021836424572,0.37330865279707565
Standard clustering blobs,cluster_size_balance_entropy,2847,0.25008781173164735,0.6621767559817352,0.652259289550404,Established,,0.2671371177584879,0.9361776971695321
Standard clustering blobs,cluster_size_imbalance_entropy,2847,0.001053740779768177,0.2934219982086407,0.3038161333263084,Established,,0.012552301255230125,0.08394801545486477
Standard clustering blobs,connected_components_count,2847,0.08921671935370566,0.6067548804952582,0.6174425779978925,New46,New46-Image,0.18027019713149733,0.4949055405349499
Standard clustering blobs,connectivity_components,2847,0.15384615384615385,0.5995995916719353,0.5946080739620654,New46,New46-Pattern,0.16215991173837924,0.9487311148415128
Standard clustering blobs,contour_graph_connectivity,2847,0.10467158412363892,0.6111111011204776,0.6093074266420794,New46,New46-Image,0.14265492620579112,0.7337397095747104
Standard clustering blobs,convexity_ratio,2847,0.056199508254302775,0.5397732799719003,0.53803779170706,New46,New46-Pattern,0.11600990861591623,0.48443713924788284
Standard clustering blobs,convexity_solidity_image,2847,0.0410958904109589,0.4541135755778012,0.4470146485634,,,0.016070276233893295,2.557260983746185
Standard clustering blobs,corner_junction_density,2847,0.1373375482964524,0.5085706069371267,0.5085998063435195,New46,New46-Image,0.17175628135473262,0.799607136421437
Standard clustering blobs,corner_sharpness,2847,0.02845100105374078,0.47118093757990864,0.4698283692026695,New46,New46-Pattern,0.005245737838006619,5.423641427066085
Standard clustering blobs,curvature_consistency,2847,0.010186160871092378,0.42130790380751665,0.4263724009483667,New46,New46-Pattern,0.061304356876704345,0.1661572095369802
Standard clustering blobs,davies_bouldin,2847,0.01685985247629083,0.5512051540393397,0.5558763184896381,Original,,0.020587439372176775,0.818938779685071
Standard clustering blobs,dbcv,2847,0.0007024938531787847,0.4736900777801194,0.483938627934668,Original,,0.013364141634921627,0.05256557977080317
Standard clustering blobs,direction_entropy,2847,0.02845100105374078,0.5719625852195294,0.5845039804706709,New46,New46-Pattern,0.014196798434605216,2.0040434598543304
Standard clustering blobs,ellipse_fit_score,2847,0.007376185458377239,0.4029338637899543,0.40204592280646295,New46,New46-Image,0.008555548616748891,0.8621522463138303
Standard clustering blobs,fractal_dimension,2847,0.010186160871092378,0.45484178333333336,0.4559658899297506,New46,New46-Image,0.029975644788609253,0.33981457089333805
Standard clustering blobs,glcm_haralick,2847,0.12961011591148577,0.5178789483737267,0.5155387465388128,New46,New46-Image,0.15087741210266659,0.8590425439116811
Standard clustering blobs,gridness_2d,2847,0.0035124692658939235,0.41101621565507557,0.42278023741833515,New46,New46-Pattern,0.013072711755032369,0.2686871195291054
Standard clustering blobs,gridness_fft_acf,2847,0.5651563048823323,0.6712324677730945,0.6842661658412363,New46,New46-Image,0.433439497075293,1.303887413804743
Standard clustering blobs,hollow_score,2847,0.003161222339304531,0.3449969889708465,0.36495957814892865,New46,New46-Pattern,0.03322300630737526,0.09515160398361552
Standard clustering blobs,hough_circle_arc_strength,2847,0.00035124692658939234,0.37424732391640325,0.378522000681419,,,0.013280875954953267,0.026447572267128242
Standard clustering blobs,hough_line_strength,2847,0.008781173164734809,0.5035975872223393,0.5132575548858447,New46,New46-Image,0.014092716334644768,0.6231001147129919
Standard clustering blobs,ladderness,2847,0.002107481559536354,0.3857432865103618,0.39222740838777664,New46,New46-Pattern,0.02420949645080039,0.08705185437537998
Standard clustering blobs,lbp_stationarity,2847,0.0028099754127151387,0.4302783813874254,0.42724125099754134,New46,New46-Image,0.009866983076250547,0.284785672682326
Standard clustering blobs,min_centroid_distance,2847,0.3674042852125044,0.6402705831471724,0.6515619420021075,Established,,0.23112471117217262,1.5896365358302709
Standard clustering blobs,morphological_band_count,2847,0.0017562346329469617,0.5791882390656832,0.5915833047910081,New46,New46-Image,0.004871042278149004,0.36054596381256027
Standard clustering blobs,mst_smoothness,2847,0.00035124692658939234,0.4052530225816649,0.41140917205128197,New46,New46-Pattern,0.003413892878702721,0.10288750674651108
Standard clustering blobs,neighborhood_purity,2847,0.2247980330172111,0.6350566231015103,0.6436666952476291,Established,,0.29451071004808593,0.7632932363665397
Standard clustering blobs,neighborhood_purity_multi_k,2847,0.46610467158412366,0.6412821334819108,0.6525948751808922,Established,,0.4084181602448011,1.1412437471065096
Standard clustering blobs,noise_aware_silhouette,2847,0.47839831401475236,0.7041450036845802,0.7126829072497366,Established,,0.44567955203064175,1.073413199764348
Standard clustering blobs,parallel_bands,2847,0.044257112750263436,0.4855267879100808,0.4844952599859501,New46,New46-Pattern,0.11126376485771977,0.39776752842093643
Standard clustering blobs,periodicity_1d,2847,0.04776958201615736,0.43183941831050227,0.4321110926238146,New46,New46-Pattern,0.0447136701430088,1.068344017911631
Standard clustering blobs,polygonality,2847,0.001053740779768177,0.43365525182297154,0.4443140188549351,New46,New46-Image,0.0027269510189637585,0.3864172009105607
Standard clustering blobs,radial_uniformity,2847,0.1556023884791008,0.5744254741622761,0.5583637402107482,New46,New46-Pattern,0.05818189387789088,2.674412572503586
Standard clustering blobs,rectangularity,2847,0.02704601334738321,0.4120933321390937,0.41197289000702497,New46,New46-Image,0.009742084556298007,2.776203921356714
Standard clustering blobs,ribbon_thickness,2847,0.04214963119072708,0.4253380061257464,0.42355047805760454,New46,New46-Pattern,0.14094797976643977,0.29904388314448943
Standard clustering blobs,s_dbw,2847,0.051633298208640675,0.4919821070987003,0.4932909154794521,Established,,0.025458481650325777,2.028137377469247
Standard clustering blobs,silhouette,2847,0.6023884791008078,0.7071711354092026,0.7165970834843696,Original,,0.48071358687732885,1.2531130709532632
Standard clustering blobs,skeleton_connectivity,2847,0.0007024938531787847,0.42299069741482254,0.42381902850017567,New46,New46-Image,0.023127042611211724,0.030375429534523525
Standard clustering blobs,symmetry_score,2847,0.014049877063575694,0.48921046737969803,0.48436991473832103,New46,New46-Image,0.011657195195570265,1.20525365045913
Texture / density fields,alpha_shape_compactness,3564,0.1307519640852974,0.5880008528549383,0.5917143702946128,New46,New46-Pattern,0.07985178708965632,1.6374331602433791
Texture / density fields,arc_circle_fit,3564,0.01655443322109989,0.44591534301739616,0.4484395998400673,New46,New46-Pattern,0.04265284456379192,0.38812026232719254
Texture / density fields,avg_pca_isotropy,3564,0.15235690235690236,0.5666087186728395,0.5668944123933782,Established,,0.12473198859260184,1.22147417094847
Texture / density fields,avg_within_cluster_dispersion,3564,0.024691358024691357,0.47858012803310884,0.5015204451627385,Established,,0.01998376319240617,1.235570987654321
Texture / density fields,axial_symmetry,3564,0.30246913580246915,0.6631150980443322,0.6572713137822671,New46,New46-Pattern,0.1687170840358875,1.792759384924715
Texture / density fields,blobness_log_dog,3564,0.021885521885521887,0.556642054812009,0.5368322739506173,New46,New46-Image,0.03753200524573784,0.5831162428500198
Texture / density fields,calinski_harabasz,3564,0.2025813692480359,0.5493110668995511,0.5573621336363637,Original,,0.17029913195528634,1.1895619603112573
Texture / density fields,circularity_compactness,3564,0.007295173961840628,0.3953225066835017,0.42354781624298543,New46,New46-Image,0.009409021836424572,0.775338190161199
Texture / density fields,cluster_size_balance_entropy,3564,0.2615039281705948,0.6453917823512907,0.6378868799551065,Established,,0.2671371177584879,0.9789127410104577
Texture / density fields,connected_components_count,3564,0.16301907968574636,0.6141291524775534,0.6234084147839506,New46,New46-Image,0.18027019713149733,0.9043041072775484
Texture / density fields,connectivity_components,3564,0.1750841750841751,0.6084173624915825,0.6051150997138046,New46,New46-Pattern,0.16215991173837924,1.0797007300216543
Texture / density fields,contour_graph_connectivity,3564,0.1520763187429854,0.5997552232239057,0.6145088499551066,New46,New46-Image,0.14265492620579112,1.0660432330503833
Texture / density fields,convexity_ratio,3564,0.13916947250280584,0.5792862638187429,0.5936687463888889,New46,New46-Pattern,0.11600990861591623,1.1996343602300896
Texture / density fields,convexity_solidity_image,3564,0.04068462401795735,0.43604871276936025,0.45987948963524133,,,0.016070276233893295,2.5316692398946286
Texture / density fields,corner_junction_density,3564,0.16498316498316498,0.5061909796520764,0.5345693335521886,New46,New46-Image,0.17175628135473262,0.9605655390408754
Texture / density fields,corner_sharpness,3564,0.007575757575757576,0.46232690122615033,0.4772707829741863,New46,New46-Pattern,0.005245737838006619,1.4441738816738818
Texture / density fields,curvature_consistency,3564,0.012626262626262626,0.42317377331369244,0.4391335011560045,New46,New46-Pattern,0.061304356876704345,0.20596028193651283
Texture / density fields,davies_bouldin,3564,0.020202020202020204,0.5673977036167229,0.5521868428114478,Original,,0.020587439372176775,0.9812789165670864
Texture / density fields,dbcv,3564,0.006734006734006734,0.5076622026318742,0.5011615976599327,Original,,0.013364141634921627,0.503886214166588
Texture / density fields,direction_entropy,3564,0.019079685746352413,0.5631677226178452,0.5518516611111112,New46,New46-Pattern,0.014196798434605216,1.3439428498079524
Texture / density fields,edge_coherence,3564,0.0002805836139169473,0.3613451288804714,0.37497710258136924,New46,New46-Image,0.004850225858156914,0.05784959754916837
Texture / density fields,ellipse_fit_score,3564,0.0025252525252525255,0.39272058290965206,0.40653430150392816,New46,New46-Image,0.008555548616748891,0.2951596254515963
Texture / density fields,fractal_dimension,3564,0.014029180695847363,0.45451476355780024,0.4780255298484849,New46,New46-Image,0.029975644788609253,0.46801931350542464
Texture / density fields,glcm_haralick,3564,0.15684624017957352,0.5216488522250281,0.5473282914775534,New46,New46-Image,0.15087741210266659,1.0395607797994664
Texture / density fields,gridness_fft_acf,3564,0.51010101010101,0.6829276569893379,0.6606849785297418,New46,New46-Image,0.433439497075293,1.1768678524753828
Texture / density fields,hollow_score,3564,0.01964085297418631,0.39893915161896737,0.40833746802918075,New46,New46-Pattern,0.03322300630737526,0.5911822907436943
Texture / density fields,hough_circle_arc_strength,3564,0.004208754208754209,0.397515309828844,0.4217438553731762,,,0.013280875954953267,0.31690335961495836
Texture / density fields,hough_line_strength,3564,0.009259259259259259,0.5184110432519641,0.4986995534792368,New46,New46-Image,0.014092716334644768,0.6570244542918102
Texture / density fields,ladderness,3564,0.004208754208754209,0.41398289931818183,0.420466294862514,New46,New46-Pattern,0.02420949645080039,0.1738472428498224
Texture / density fields,lbp_stationarity,3564,0.003367003367003367,0.4148684954377104,0.4413176260886645,New46,New46-Image,0.009866983076250547,0.3412393982014235
Texture / density fields,min_centroid_distance,3564,0.2884399551066218,0.635427261849046,0.6110668524607183,Established,,0.23112471117217262,1.2479840586658564
Texture / density fields,min_intercluster_distance,3564,0.0008417508417508417,0.5766831072979798,0.5606036226795735,Established,,0.027290326609629677,0.030844293430105786
Texture / density fields,morphological_band_count,3564,0.0028058361391694723,0.5847395449186308,0.5709794068350168,New46,New46-Image,0.004871042278149004,0.5760237704682148
Texture / density fields,mst_smoothness,3564,0.0016835016835016834,0.44513825543771046,0.45512454192760937,New46,New46-Pattern,0.003413892878702721,0.49313254496181325
Texture / density fields,neighborhood_purity,3564,0.2255892255892256,0.6375243591470259,0.6162942560297419,Established,,0.29451071004808593,0.7659797008821606
Texture / density fields,neighborhood_purity_multi_k,3564,0.4113355780022447,0.6430787765993266,0.6237995454208753,Established,,0.4084181602448011,1.0071432126223157
Texture / density fields,noise_aware_silhouette,3564,0.43041526374859707,0.709910973936588,0.6829716614786756,Established,,0.44567955203064175,0.9657505303698671
Texture / density fields,orientation_histogram_entropy,3564,0.0002805836139169473,0.3591375248569023,0.37294081389450057,New46,New46-Image,0.003955119798497054,0.07094187488924332
Texture / density fields,parabolicity,3564,0.0002805836139169473,0.31569429808922556,0.3235136277384961,New46,New46-Pattern,0.023980515830887405,0.011700482837635615
Texture / density fields,parallel_bands,3564,0.06285072951739619,0.4878692589534231,0.5121549126150392,New46,New46-Pattern,0.11126376485771977,0.5648804855540123
Texture / density fields,periodicity_1d,3564,0.0563973063973064,0.43292611667789,0.45838020838664423,New46,New46-Pattern,0.0447136701430088,1.2612989767319376
Texture / density fields,polygonality,3564,0.0008417508417508417,0.4480738334764309,0.4443329598737374,New46,New46-Image,0.0027269510189637585,0.30867838692266175
Texture / density fields,radial_uniformity,3564,0.05134680134680135,0.5134111639309764,0.5260756252020202,New46,New46-Pattern,0.05818189387789088,0.8825219999638604
Texture / density fields,rectangularity,3564,0.019079685746352413,0.4094863464001122,0.4257225475589225,New46,New46-Image,0.009742084556298007,1.9584808195919308
Texture / density fields,ribbon_thickness,3564,0.08277216610549944,0.45534119826318736,0.4729964473260382,New46,New46-Pattern,0.14094797976643977,0.5872532990019328
Texture / density fields,ridge_strength,3564,0.0025252525252525255,0.44291256827160497,0.46440621233726154,New46,New46-Image,0.008784529236661879,0.28746589113887694
Texture / density fields,s_dbw,3564,0.02244668911335578,0.48975767318462404,0.5039473693406284,Established,,0.025458481650325777,0.8816978727035962
Texture / density fields,silhouette,3564,0.5751964085297419,0.7189306053535354,0.690901689295735,Original,,0.48071358687732885,1.1965470172502606
Texture / density fields,skeleton_connectivity,3564,0.009259259259259259,0.4483462810381594,0.4691254087373738,New46,New46-Image,0.023127042611211724,0.40036503650365035
Texture / density fields,symmetry_score,3564,0.009820426487093154,0.44540690896745233,0.4650798168013468,New46,New46-Image,0.011657195195570265,0.8424347643097644
