subfamily,policy_id,n,original,reranked,oracle,gain
amp_arc_trends,knn_top10_raw,13,0.4455311492187826,0.48848741786186844,0.54040016578961,0.042956268643085826
amp_arc_trends,knn_top10_softmax_t05,13,0.46256091848884046,0.4874106554798883,0.5234054869236455,0.024849736991047866
amp_arc_trends,knn_top1_raw,13,0.45810888273382516,0.5012390043610255,0.5586190274141437,0.04313012162720037
amp_arc_trends,knn_top1_softmax_t05,13,0.42374531949424116,0.4961319873861104,0.5343281466339292,0.07238666789186926
amp_arc_trends,knn_top3_raw,13,0.4511360838888798,0.48705110878457786,0.526627045634031,0.03591502489569803
amp_arc_trends,knn_top3_softmax_t05,13,0.46760720926909494,0.4992634721391968,0.5328427782924258,0.03165626287010187
amp_arc_trends,knn_top5_raw,13,0.44858419767412633,0.48498219020485994,0.5326139028339154,0.036397992530733614
amp_arc_trends,knn_top5_softmax_t05,13,0.48219192487170265,0.48576688747205016,0.5334212139612886,0.003574962600347509
amp_arc_trends,knn_top_dynamic_predictK_raw,13,0.4728620212955062,0.4948068220133237,0.5414728873161736,0.021944800717817514
amp_arc_trends,knn_top_dynamic_predictK_softmax_t05,13,0.4617822969532218,0.47780529668251337,0.5314176533413177,0.016022999729291554
amp_arc_trends,regressor_top10_raw,13,0.45868302782191306,0.49349868548470055,0.5226916205143032,0.03481565766278749
amp_arc_trends,regressor_top10_softmax_t05,13,0.4693848516739699,0.4998663798560197,0.5299253500547726,0.0304815281820498
amp_arc_trends,regressor_top1_raw,13,0.4364330543516439,0.4975731757248641,0.5429419605898353,0.06114012137322017
amp_arc_trends,regressor_top1_softmax_t05,13,0.42197719729372446,0.48878226145092857,0.5226026788410216,0.06680506415720411
amp_arc_trends,regressor_top3_raw,13,0.4797071042734818,0.4948593655418202,0.5252461874821667,0.015152261268338407
amp_arc_trends,regressor_top3_softmax_t05,13,0.4508954087056373,0.48037254902375265,0.5389832962464634,0.029477140318115325
amp_arc_trends,regressor_top5_raw,13,0.44976125948216494,0.48150409878658323,0.5279038571222734,0.03174283930441829
amp_arc_trends,regressor_top5_softmax_t05,13,0.43490349446307847,0.48849381218492344,0.5452360484643347,0.05359031772184497
amp_arc_trends,regressor_top_dynamic_predictK_raw,13,0.4604246600179435,0.4952688015319423,0.5201275745011712,0.03484414151399878
amp_arc_trends,regressor_top_dynamic_predictK_softmax_t05,13,0.45552508875025005,0.4616131364295984,0.5335997543730144,0.006088047679348341
anisotropic_ellipses,knn_top10_raw,6,0.7207639609124668,0.7576122724644433,0.8400792220772754,0.03684831155197654
anisotropic_ellipses,knn_top10_softmax_t05,6,0.7307038174198932,0.7665994657719485,0.850540978692729,0.035895648352055276
anisotropic_ellipses,knn_top1_raw,6,0.6635274034310495,0.7406829585829571,0.8435761110251456,0.07715555515190753
anisotropic_ellipses,knn_top1_softmax_t05,6,0.6525747766743197,0.7395120936707419,0.8420682371360035,0.08693731699642215
anisotropic_ellipses,knn_top3_raw,6,0.581727681703837,0.7353154840406623,0.824041824132554,0.15358780233682523
anisotropic_ellipses,knn_top3_softmax_t05,6,0.6203708517162085,0.7365592785364797,0.847516460447777,0.1161884268202712
anisotropic_ellipses,knn_top5_raw,6,0.6586277899803302,0.7521752775885083,0.8417799499662001,0.0935474876081781
anisotropic_ellipses,knn_top5_softmax_t05,6,0.6879327086715287,0.7546489030916582,0.8453592929375837,0.06671619442012955
anisotropic_ellipses,knn_top_dynamic_predictK_raw,6,0.6636534141768077,0.7572672977277809,0.8447411313146098,0.09361388355097322
anisotropic_ellipses,knn_top_dynamic_predictK_softmax_t05,6,0.6839999278502863,0.7521459396174532,0.8381513670048544,0.06814601176716695
anisotropic_ellipses,regressor_top10_raw,6,0.6932254189742958,0.7531649295540673,0.844374166939665,0.05993951057977154
anisotropic_ellipses,regressor_top10_softmax_t05,6,0.7451658537828534,0.7405562473279445,0.8428409024957974,-0.004609606454908932
anisotropic_ellipses,regressor_top1_raw,6,0.6207393907750057,0.7443796877137715,0.845760659811338,0.12364029693876577
anisotropic_ellipses,regressor_top1_softmax_t05,6,0.5630793857078293,0.7085628762810332,0.8389210759602254,0.14548349057320387
anisotropic_ellipses,regressor_top3_raw,6,0.6457559195441579,0.7191839345356913,0.8430448456706513,0.0734280149915334
anisotropic_ellipses,regressor_top3_softmax_t05,6,0.6537014283362383,0.6950261585612458,0.8198250068191103,0.04132473022500749
anisotropic_ellipses,regressor_top5_raw,6,0.7296963872665433,0.7677294631640087,0.8255820716592073,0.03803307589746541
anisotropic_ellipses,regressor_top5_softmax_t05,6,0.7229847693241371,0.8036624757867386,0.8395224571251233,0.08067770646260142
anisotropic_ellipses,regressor_top_dynamic_predictK_raw,6,0.6762145002730078,0.7484262599330017,0.8096417110827036,0.07221175965999393
anisotropic_ellipses,regressor_top_dynamic_predictK_softmax_t05,6,0.6756517163729759,0.7296266566479819,0.8392576923852776,0.053974940275005934
anisotropic_grain,knn_top10_raw,11,0.47467057370732135,0.5404333470319445,0.6138460893242265,0.0657627733246231
anisotropic_grain,knn_top10_softmax_t05,11,0.4767599317760801,0.5387135735424953,0.6009160481412555,0.06195364176641516
anisotropic_grain,knn_top1_raw,11,0.42145733491373033,0.5343262436028074,0.6000310998980903,0.11286890868907712
anisotropic_grain,knn_top1_softmax_t05,11,0.4486933721366203,0.5523057326157361,0.5887241891632443,0.10361236047911582
anisotropic_grain,knn_top3_raw,11,0.46504408059405705,0.541876879945232,0.6114767405666671,0.07683279935117499
anisotropic_grain,knn_top3_softmax_t05,11,0.466889077109164,0.512432130002657,0.5904583370985494,0.045543052893492975
anisotropic_grain,knn_top5_raw,11,0.500984444727843,0.5395029338629292,0.5794988875728753,0.038518489135086265
anisotropic_grain,knn_top5_softmax_t05,11,0.5022189185328237,0.5466864150557419,0.6093836864721404,0.04446749652291815
anisotropic_grain,knn_top_dynamic_predictK_raw,11,0.43893393642929046,0.5454545188058463,0.6087737643175444,0.10652058237655582
anisotropic_grain,knn_top_dynamic_predictK_softmax_t05,11,0.4761273670579198,0.5305372082429541,0.6025234118463788,0.054409841185034336
anisotropic_grain,regressor_top10_raw,11,0.4449935970623399,0.5477169959715792,0.5905333207760641,0.10272339890923932
anisotropic_grain,regressor_top10_softmax_t05,11,0.4471098292126351,0.5570682199858447,0.602168360139804,0.10995839077320957
anisotropic_grain,regressor_top1_raw,11,0.4807670215614881,0.5377352870361954,0.5911278526203472,0.05696826547470735
anisotropic_grain,regressor_top1_softmax_t05,11,0.46605391041498123,0.5649550551795166,0.6113755506519822,0.09890114476453538
anisotropic_grain,regressor_top3_raw,11,0.5319038113754158,0.5464438680513912,0.5920707882949872,0.014540056675975466
anisotropic_grain,regressor_top3_softmax_t05,11,0.4926974352130418,0.5513413024150488,0.6158270574038636,0.05864386720200693
anisotropic_grain,regressor_top5_raw,11,0.5250878801140103,0.564774742103383,0.6104612835086213,0.03968686198937266
anisotropic_grain,regressor_top5_softmax_t05,11,0.5060612775256427,0.5494647223661121,0.6058990235440669,0.04340344484046943
anisotropic_grain,regressor_top_dynamic_predictK_raw,11,0.502711007260187,0.5553145929956624,0.5876877821244955,0.05260358573547541
anisotropic_grain,regressor_top_dynamic_predictK_softmax_t05,11,0.527003049289879,0.5335758433595985,0.6033095774658274,0.006572794069719556
annuli_variable_thickness,knn_top10_raw,15,0.7796260821879685,0.7993621541874526,0.821711124032697,0.01973607199948413
annuli_variable_thickness,knn_top10_softmax_t05,15,0.7937320303192579,0.8077769244898226,0.8239472107308751,0.014044894170564759
annuli_variable_thickness,knn_top1_raw,15,0.7119038069009991,0.8007535967457908,0.8232019171557645,0.08884978984479175
annuli_variable_thickness,knn_top1_softmax_t05,15,0.6434014750004657,0.7976098537116882,0.8199772759568209,0.1542083787112225
annuli_variable_thickness,knn_top3_raw,15,0.7770897116236826,0.7937469268608796,0.8158644768864723,0.016657215237196987
annuli_variable_thickness,knn_top3_softmax_t05,15,0.7547778603751116,0.797628042968242,0.8109084371728147,0.04285018259313034
annuli_variable_thickness,knn_top5_raw,15,0.7909218533502376,0.8171758695817294,0.8221003760158766,0.026254016231491817
annuli_variable_thickness,knn_top5_softmax_t05,15,0.7609650688618733,0.8134183562477566,0.8192481354074684,0.052453287385883285
annuli_variable_thickness,knn_top_dynamic_predictK_raw,15,0.8021803932312409,0.8163198038015781,0.8196487154490308,0.014139410570337185
annuli_variable_thickness,knn_top_dynamic_predictK_softmax_t05,15,0.7639558928528697,0.8146855239017811,0.8202318725558583,0.05072963104891137
annuli_variable_thickness,regressor_top10_raw,15,0.7922499148297212,0.8154271973497182,0.8253959963661158,0.023177282519997067
annuli_variable_thickness,regressor_top10_softmax_t05,15,0.7829580015568459,0.8069794707492112,0.8176353347522599,0.024021469192365252
annuli_variable_thickness,regressor_top1_raw,15,0.7535176414037931,0.8037082575052537,0.8243605404203802,0.05019061610146058
annuli_variable_thickness,regressor_top1_softmax_t05,15,0.7017908248880816,0.7873507340338627,0.8168488319753925,0.08555990914578104
annuli_variable_thickness,regressor_top3_raw,15,0.7971471689909388,0.7916649233067425,0.8177287683868377,-0.005482245684196307
annuli_variable_thickness,regressor_top3_softmax_t05,15,0.7683742174867945,0.7786871131744036,0.8083152514103162,0.01031289568760918
annuli_variable_thickness,regressor_top5_raw,15,0.7714076139188086,0.7775721267647192,0.8056929524439008,0.006164512845910575
annuli_variable_thickness,regressor_top5_softmax_t05,15,0.7726864461762983,0.7792887636118707,0.8213532082086641,0.00660231743557238
annuli_variable_thickness,regressor_top_dynamic_predictK_raw,15,0.8109317749064722,0.790239172504515,0.8242317122334729,-0.02069260240195714
annuli_variable_thickness,regressor_top_dynamic_predictK_softmax_t05,15,0.7816240579322804,0.8021551241299122,0.824804533592081,0.020531066197631787
arc_parabola_mixture,knn_top10_raw,10,0.3588294713546593,0.3975732819685292,0.4280491258821456,0.03874381061386989
arc_parabola_mixture,knn_top10_softmax_t05,10,0.32201400620531456,0.39498347499534525,0.43594806492970956,0.07296946879003069
arc_parabola_mixture,knn_top1_raw,10,0.36927421789433396,0.38340026812078365,0.42911664706575275,0.014126050226449693
arc_parabola_mixture,knn_top1_softmax_t05,10,0.3700487076821998,0.391721241966961,0.4291552159510849,0.021672534284761236
arc_parabola_mixture,knn_top3_raw,10,0.3642893487465389,0.38689395307164764,0.432530737425551,0.022604604325108746
arc_parabola_mixture,knn_top3_softmax_t05,10,0.3429068002137014,0.3911554354809172,0.440169791997742,0.04824863526721579
arc_parabola_mixture,knn_top5_raw,10,0.3074996759534189,0.37956110658129905,0.42904051114753017,0.07206143062788012
arc_parabola_mixture,knn_top5_softmax_t05,10,0.3158056176584935,0.3854004067578092,0.43126710777261473,0.06959478909931566
arc_parabola_mixture,knn_top_dynamic_predictK_raw,10,0.36400934480864133,0.3904241547962635,0.4258052350180933,0.02641480998762219
arc_parabola_mixture,knn_top_dynamic_predictK_softmax_t05,10,0.36459174511195225,0.37224656650016585,0.4306596151413711,0.007654821388213606
arc_parabola_mixture,regressor_top10_raw,10,0.3358609793766666,0.3855844622553456,0.4251087177561783,0.049723482878679004
arc_parabola_mixture,regressor_top10_softmax_t05,10,0.3304828909640971,0.3879219996785324,0.4200797292448072,0.057439108714435305
arc_parabola_mixture,regressor_top1_raw,10,0.3665468808836312,0.3994271309363485,0.4326567593224313,0.03288025005271733
arc_parabola_mixture,regressor_top1_softmax_t05,10,0.34652681960956083,0.3821629137313834,0.4190050469307554,0.03563609412182256
arc_parabola_mixture,regressor_top3_raw,10,0.357322440316811,0.3871360572588089,0.42974605106638303,0.02981361694199791
arc_parabola_mixture,regressor_top3_softmax_t05,10,0.3429357395098951,0.38229659293473117,0.4358061259821203,0.039360853424836084
arc_parabola_mixture,regressor_top5_raw,10,0.3832445569998031,0.3812978826628107,0.4143222623891054,-0.00194667433699236
arc_parabola_mixture,regressor_top5_softmax_t05,10,0.3908142692860378,0.3830721860458161,0.41877098841537064,-0.007742083240221687
arc_parabola_mixture,regressor_top_dynamic_predictK_raw,10,0.38856425270325795,0.39856892325444127,0.42910057106396515,0.010004670551183314
arc_parabola_mixture,regressor_top_dynamic_predictK_softmax_t05,10,0.38873971335058594,0.40238393506463066,0.4252455595745831,0.013644221714044724
arcs_plus_blobs,knn_top10_raw,15,0.7683547454249449,0.7579906909270019,0.8328003024782235,-0.010364054497942976
arcs_plus_blobs,knn_top10_softmax_t05,15,0.7701222672595666,0.7681995262638385,0.829615210784517,-0.0019227409957280894
arcs_plus_blobs,knn_top1_raw,15,0.7044202584403946,0.7928925938778384,0.8281551212257413,0.08847233543744382
arcs_plus_blobs,knn_top1_softmax_t05,15,0.7646559851436269,0.7883817947277,0.8302705537566546,0.02372580958407311
arcs_plus_blobs,knn_top3_raw,15,0.7902328900864966,0.7855181568672488,0.8329869314756884,-0.004714733219247758
arcs_plus_blobs,knn_top3_softmax_t05,15,0.7992940120487234,0.7904428306854879,0.8341083400577163,-0.008851181363235483
arcs_plus_blobs,knn_top5_raw,15,0.739919617348965,0.79870643161858,0.8228508833403185,0.05878681426961496
arcs_plus_blobs,knn_top5_softmax_t05,15,0.7343292434283346,0.7960422342397749,0.8306852836596232,0.06171299081144033
arcs_plus_blobs,knn_top_dynamic_predictK_raw,15,0.7648921139011923,0.8001609789727221,0.8330949226030011,0.03526886507152982
arcs_plus_blobs,knn_top_dynamic_predictK_softmax_t05,15,0.7694655797405562,0.8105665636951845,0.8276014882315574,0.041100983954628356
arcs_plus_blobs,regressor_top10_raw,15,0.7890154000679578,0.7868241357449932,0.8224689464370487,-0.00219126432296457
arcs_plus_blobs,regressor_top10_softmax_t05,15,0.7624925995462597,0.8086467916848313,0.836530351399101,0.04615419213857164
arcs_plus_blobs,regressor_top1_raw,15,0.7455574543451354,0.7780780833077496,0.8314413346991796,0.032520628962614206
arcs_plus_blobs,regressor_top1_softmax_t05,15,0.7491648045403674,0.7755334130347468,0.8264247490523072,0.026368608494379386
arcs_plus_blobs,regressor_top3_raw,15,0.770871721051442,0.7895541300109962,0.8328107821092062,0.018682408959554198
arcs_plus_blobs,regressor_top3_softmax_t05,15,0.7771629543034145,0.7948129416298053,0.8226636522830325,0.01764998732639078
arcs_plus_blobs,regressor_top5_raw,15,0.7992359462973249,0.7976250163919297,0.831649883622424,-0.001610929905395131
arcs_plus_blobs,regressor_top5_softmax_t05,15,0.7811173169562913,0.7939670599084327,0.8300441805567084,0.012849742952141474
arcs_plus_blobs,regressor_top_dynamic_predictK_raw,15,0.7607016664426612,0.7837223253359532,0.8267099829934972,0.023020658893291968
arcs_plus_blobs,regressor_top_dynamic_predictK_softmax_t05,15,0.7746133345672271,0.777323172721245,0.8219756508737969,0.0027098381540178185
bands_plus_arcs,knn_top10_raw,17,0.5004381491604619,0.642909227701251,0.6935294181422754,0.1424710785407891
bands_plus_arcs,knn_top10_softmax_t05,17,0.5596288623004498,0.6367828059542088,0.6977588969077011,0.07715394365375894
bands_plus_arcs,knn_top1_raw,17,0.5942995684232892,0.6418624789315129,0.7044585609858264,0.0475629105082237
bands_plus_arcs,knn_top1_softmax_t05,17,0.5801177582219815,0.6344449291061787,0.6921363493660977,0.05432717088419714
bands_plus_arcs,knn_top3_raw,17,0.5361983514653662,0.6260468261918269,0.6966693322360147,0.08984847472646074
bands_plus_arcs,knn_top3_softmax_t05,17,0.5741515084876498,0.6119157161563933,0.6966659091937608,0.037764207668743444
bands_plus_arcs,knn_top5_raw,17,0.582413055335737,0.6191421094485002,0.6826504672555022,0.03672905411276328
bands_plus_arcs,knn_top5_softmax_t05,17,0.5268051826482545,0.6263729444602588,0.689135353379308,0.09956776181200433
bands_plus_arcs,knn_top_dynamic_predictK_raw,17,0.5990468449059311,0.6425024597520683,0.7123283793029872,0.04345561484613725
bands_plus_arcs,knn_top_dynamic_predictK_softmax_t05,17,0.5553149543984905,0.6351472822318514,0.6991563425890874,0.0798323278333608
bands_plus_arcs,regressor_top10_raw,17,0.49671931057005664,0.62222386125715,0.6926233452227675,0.12550455068709337
bands_plus_arcs,regressor_top10_softmax_t05,17,0.5301967296292872,0.6048525535429314,0.6900344044634706,0.07465582391364423
bands_plus_arcs,regressor_top1_raw,17,0.6141526849239165,0.6227278535927355,0.6969515812346178,0.008575168668819022
bands_plus_arcs,regressor_top1_softmax_t05,17,0.5823350560468832,0.6244470990333978,0.7004822939039809,0.04211204298651461
bands_plus_arcs,regressor_top3_raw,17,0.6076378551945135,0.6286817344311467,0.7055447089849521,0.0210438792366332
bands_plus_arcs,regressor_top3_softmax_t05,17,0.6003712467367753,0.631579507873256,0.7058514153448349,0.031208261136480675
bands_plus_arcs,regressor_top5_raw,17,0.5636670966322079,0.6019754832539335,0.6995640577259356,0.03830838662172553
bands_plus_arcs,regressor_top5_softmax_t05,17,0.4973936605007954,0.6035530708892033,0.6971530796313188,0.10615941038840787
bands_plus_arcs,regressor_top_dynamic_predictK_raw,17,0.60969459773691,0.6371434196850533,0.6983364580233747,0.027448821948143243
bands_plus_arcs,regressor_top_dynamic_predictK_softmax_t05,17,0.6196878787418977,0.6097471001939159,0.6935118617264873,-0.00994077854798181
bands_plus_blobs,knn_top10_raw,16,0.4092174408280345,0.48249864206229715,0.5118784230832811,0.07328120123426263
bands_plus_blobs,knn_top10_softmax_t05,16,0.4021183056302033,0.46801678195867874,0.5176963331424458,0.06589847632847545
bands_plus_blobs,knn_top1_raw,16,0.4017459920258549,0.4783566268609359,0.5145554182285389,0.07661063483508096
bands_plus_blobs,knn_top1_softmax_t05,16,0.4432694877379325,0.4890868987464164,0.5176941576810836,0.04581741100848391
bands_plus_blobs,knn_top3_raw,16,0.4537029771876275,0.47700749786775687,0.5182567784513605,0.023304520680129392
bands_plus_blobs,knn_top3_softmax_t05,16,0.44744974310438757,0.4682714663775597,0.5113450485219198,0.02082172327317211
bands_plus_blobs,knn_top5_raw,16,0.4558679703786139,0.4592179557538107,0.5257318831193335,0.003349985375196818
bands_plus_blobs,knn_top5_softmax_t05,16,0.440263923419754,0.482766655219105,0.5189310023119947,0.04250273179935099
bands_plus_blobs,knn_top_dynamic_predictK_raw,16,0.4618966790933951,0.4706645860552062,0.5227131476424154,0.008767906961811123
bands_plus_blobs,knn_top_dynamic_predictK_softmax_t05,16,0.43875531364745973,0.4893212026587475,0.5178497341183225,0.05056588901128778
bands_plus_blobs,regressor_top10_raw,16,0.4238918668534484,0.48637168204812653,0.5116281234535192,0.06247981519467816
bands_plus_blobs,regressor_top10_softmax_t05,16,0.4356528378543277,0.4718334822270914,0.5109792412420322,0.03618064437276375
bands_plus_blobs,regressor_top1_raw,16,0.44224970562645805,0.46660829495105977,0.5061174118072399,0.02435858932460172
bands_plus_blobs,regressor_top1_softmax_t05,16,0.4490956768652235,0.46998766529729646,0.5118727212411559,0.02089198843207296
bands_plus_blobs,regressor_top3_raw,16,0.4725782465362961,0.48999820634834174,0.516569669101773,0.017419959812045638
bands_plus_blobs,regressor_top3_softmax_t05,16,0.45996707415148574,0.4897095697229811,0.5267431887319745,0.02974249557149533
bands_plus_blobs,regressor_top5_raw,16,0.4664053135433729,0.4932384471911918,0.5159590158243178,0.02683313364781892
bands_plus_blobs,regressor_top5_softmax_t05,16,0.4562275584954352,0.48483385076601715,0.5154650676784109,0.028606292270581923
bands_plus_blobs,regressor_top_dynamic_predictK_raw,16,0.45293489279835886,0.47171977875117144,0.5088551273081826,0.01878488595281258
bands_plus_blobs,regressor_top_dynamic_predictK_softmax_t05,16,0.44137561982707524,0.4742154064553757,0.5109394256626917,0.03283978662830045
branching_trees,knn_top10_raw,11,0.832822058571469,0.8681064236489159,0.906573847193981,0.03528436507744692
branching_trees,knn_top10_softmax_t05,11,0.7829980345931816,0.8486815440573682,0.9061263193984869,0.06568350946418655
branching_trees,knn_top1_raw,11,0.7823033488445504,0.8487490011672666,0.9021134932423428,0.06644565232271615
branching_trees,knn_top1_softmax_t05,11,0.7529338139376858,0.8340359880886674,0.8907487922281384,0.08110217415098164
branching_trees,knn_top3_raw,11,0.7711883067690187,0.8847952537148374,0.906898155693949,0.11360694694581863
branching_trees,knn_top3_softmax_t05,11,0.7835524516057139,0.8657428524679808,0.9094799783571283,0.08219040086226692
branching_trees,knn_top5_raw,11,0.7657270393019318,0.893102482152205,0.9083227829045963,0.12737544285027325
branching_trees,knn_top5_softmax_t05,11,0.8442462505379591,0.875849253132758,0.9074596903292942,0.03160300259479887
branching_trees,knn_top_dynamic_predictK_raw,11,0.754628709268146,0.8803081063403685,0.908941445512562,0.12567939707222253
branching_trees,knn_top_dynamic_predictK_softmax_t05,11,0.7722658183709185,0.8741179248380031,0.9098255217253493,0.10185210646708465
branching_trees,regressor_top10_raw,11,0.8523673782024267,0.8754407705896252,0.9032498229705186,0.02307339238719852
branching_trees,regressor_top10_softmax_t05,11,0.8633307459270267,0.8773966874529702,0.9098146035303305,0.014065941525943426
branching_trees,regressor_top1_raw,11,0.7274197320399284,0.8666152016930404,0.9017076558514273,0.13919546965311203
branching_trees,regressor_top1_softmax_t05,11,0.8223797817257196,0.8672869087571791,0.9035147665842543,0.04490712703145949
branching_trees,regressor_top3_raw,11,0.8142096114611856,0.8491888928215853,0.9089435983500938,0.03497928136039963
branching_trees,regressor_top3_softmax_t05,11,0.8336173773428374,0.8252659577868365,0.8940420253472713,-0.008351419556000828
branching_trees,regressor_top5_raw,11,0.8358244485287833,0.8759465342190551,0.9062517969422162,0.04012208569027176
branching_trees,regressor_top5_softmax_t05,11,0.8369379037201693,0.8691507557117656,0.9071703843401625,0.03221285199159629
branching_trees,regressor_top_dynamic_predictK_raw,11,0.8722301036735985,0.8690327525665699,0.9089350544486879,-0.0031973511070286786
branching_trees,regressor_top_dynamic_predictK_softmax_t05,11,0.8053297703454,0.8755937984641334,0.9099528762523419,0.07026402811873345
bridged_components,knn_top10_raw,10,0.7664950815903804,0.7736619717488229,0.8055092488108228,0.007166890158442518
bridged_components,knn_top10_softmax_t05,10,0.7478680331397105,0.7493160793490822,0.7988337247080657,0.0014480462093716673
bridged_components,knn_top1_raw,10,0.6603253268105185,0.7662728065692666,0.8032183145682531,0.10594747975874808
bridged_components,knn_top1_softmax_t05,10,0.7380806259059809,0.7742060131721604,0.8082679498109918,0.03612538726617953
bridged_components,knn_top3_raw,10,0.7338019287305695,0.7786099392956926,0.8000712907275014,0.04480801056512307
bridged_components,knn_top3_softmax_t05,10,0.7649561747132705,0.7785997550356754,0.8063388677694542,0.013643580322404869
bridged_components,knn_top5_raw,10,0.7599753244805096,0.7761563066561934,0.7985031396194542,0.016180982175683756
bridged_components,knn_top5_softmax_t05,10,0.7745080249839611,0.7627908842876712,0.8026270228676058,-0.01171714069628993
bridged_components,knn_top_dynamic_predictK_raw,10,0.738265928103367,0.7656312511623666,0.8037105520872458,0.027365323058999635
bridged_components,knn_top_dynamic_predictK_softmax_t05,10,0.7218402492042674,0.7743690897159115,0.8024790627527121,0.05252884051164408
bridged_components,regressor_top10_raw,10,0.7184629358393504,0.7548142100655484,0.7827533736987655,0.036351274226197994
bridged_components,regressor_top10_softmax_t05,10,0.7355440067070436,0.7506463239512405,0.8020865439153656,0.015102317244196972
bridged_components,regressor_top1_raw,10,0.7111490427942552,0.7597987412709912,0.7999503740320769,0.04864969847673606
bridged_components,regressor_top1_softmax_t05,10,0.712483635013535,0.7756433695139245,0.7987629328698784,0.06315973450038959
bridged_components,regressor_top3_raw,10,0.7302033395156253,0.7679516011394121,0.7949177031600207,0.03774826162378675
bridged_components,regressor_top3_softmax_t05,10,0.7234481208305684,0.7695987017166839,0.7910858912500436,0.046150580886115455
bridged_components,regressor_top5_raw,10,0.7323547439868474,0.7717761528207665,0.799914353404306,0.03942140883391909
bridged_components,regressor_top5_softmax_t05,10,0.754663657274788,0.7642238885424828,0.7905180540002925,0.009560231267694785
bridged_components,regressor_top_dynamic_predictK_raw,10,0.749509967363654,0.7525406187407079,0.7993195876621709,0.003030651377053828
bridged_components,regressor_top_dynamic_predictK_softmax_t05,10,0.6834698017741323,0.7713372120397867,0.8051213489218233,0.08786741026565437
broken_hollow_shapes,knn_top10_raw,14,0.7833268108731616,0.8638974239366408,0.8741190211966811,0.08057061306347924
broken_hollow_shapes,knn_top10_softmax_t05,14,0.8129812367410467,0.8753452024279852,0.8848139907628283,0.06236396568693847
broken_hollow_shapes,knn_top1_raw,14,0.7528659961184297,0.8475714819019023,0.877114215269082,0.0947054857834726
broken_hollow_shapes,knn_top1_softmax_t05,14,0.7672398198893833,0.8612519037491533,0.8809829444494944,0.09401208385977
broken_hollow_shapes,knn_top3_raw,14,0.781912106395484,0.8686412023520764,0.8848287436925171,0.0867290959565924
broken_hollow_shapes,knn_top3_softmax_t05,14,0.7784383281540433,0.8575734868161339,0.8811642439112382,0.07913515866209053
broken_hollow_shapes,knn_top5_raw,14,0.7671455903576393,0.8763683466150786,0.8843438131948179,0.10922275625743927
broken_hollow_shapes,knn_top5_softmax_t05,14,0.7893113166422182,0.8678505962028493,0.8816436086297738,0.07853927956063111
broken_hollow_shapes,knn_top_dynamic_predictK_raw,14,0.8032218778364938,0.8737072708995743,0.8807646067015986,0.07048539306308055
broken_hollow_shapes,knn_top_dynamic_predictK_softmax_t05,14,0.8038438519680955,0.8681211608588338,0.8750696571680161,0.06427730889073835
broken_hollow_shapes,regressor_top10_raw,14,0.7891521010813619,0.867172473346586,0.8748431792188475,0.07802037226522407
broken_hollow_shapes,regressor_top10_softmax_t05,14,0.8188639163076897,0.86927765726643,0.8761943963861372,0.050413740958740294
broken_hollow_shapes,regressor_top1_raw,14,0.8243614893429206,0.8727574851624554,0.8818213222623366,0.0483959958195348
broken_hollow_shapes,regressor_top1_softmax_t05,14,0.8710321171485758,0.8715218984162584,0.8829364669183103,0.0004897812676826208
broken_hollow_shapes,regressor_top3_raw,14,0.786487214586525,0.8571287341596976,0.8754364858833478,0.07064151957317255
broken_hollow_shapes,regressor_top3_softmax_t05,14,0.7984353827182098,0.8580923416744589,0.8746874650911529,0.05965695895624912
broken_hollow_shapes,regressor_top5_raw,14,0.817924574722544,0.8588693483220016,0.8763169115995232,0.040944773599457585
broken_hollow_shapes,regressor_top5_softmax_t05,14,0.8053107458252334,0.8538827449000329,0.876866370409599,0.04857199907479948
broken_hollow_shapes,regressor_top_dynamic_predictK_raw,14,0.8101374936514929,0.852168876582699,0.8762027296619067,0.04203138293120612
broken_hollow_shapes,regressor_top_dynamic_predictK_softmax_t05,14,0.7983833392609367,0.8552776633389242,0.8752283007910933,0.056894324077987446
broken_piecewise_lines,knn_top10_raw,12,0.7672974359301503,0.81942157556337,0.8475611476341736,0.05212413963321971
broken_piecewise_lines,knn_top10_softmax_t05,12,0.7651013745551706,0.8073529185325503,0.8493779123637529,0.042251543977379735
broken_piecewise_lines,knn_top1_raw,12,0.7451830708439776,0.7931447649209459,0.8466084260811179,0.047961694076968264
broken_piecewise_lines,knn_top1_softmax_t05,12,0.7545633768386198,0.789032471828805,0.8474921195194769,0.034469094990185134
broken_piecewise_lines,knn_top3_raw,12,0.7640304935836051,0.796704924302983,0.8486686585738483,0.03267443071937792
broken_piecewise_lines,knn_top3_softmax_t05,12,0.7838430603061618,0.7909442608706385,0.8486554255694231,0.007101200564476717
broken_piecewise_lines,knn_top5_raw,12,0.7611781337852337,0.7919417455131944,0.8499077071809342,0.030763611727960716
broken_piecewise_lines,knn_top5_softmax_t05,12,0.7536052916051545,0.7905731916861134,0.847177223125778,0.03696790008095885
broken_piecewise_lines,knn_top_dynamic_predictK_raw,12,0.7980721260193838,0.793131764312486,0.848598049746915,-0.004940361706897822
broken_piecewise_lines,knn_top_dynamic_predictK_softmax_t05,12,0.7702618402566223,0.7924513283650202,0.8501461815837691,0.022189488108397937
broken_piecewise_lines,regressor_top10_raw,12,0.753059289535068,0.7953175769002367,0.8225525389322121,0.04225828736516879
broken_piecewise_lines,regressor_top10_softmax_t05,12,0.7171807663216057,0.8033884856053862,0.8468319744281209,0.08620771928378057
broken_piecewise_lines,regressor_top1_raw,12,0.7840840486223555,0.7945869694181137,0.8428165505514654,0.010502920795758208
broken_piecewise_lines,regressor_top1_softmax_t05,12,0.7755393710038535,0.7911599970411475,0.8505594868077956,0.015620626037293972
broken_piecewise_lines,regressor_top3_raw,12,0.7653738174394689,0.7861075218085255,0.8489375643090981,0.020733704369056638
broken_piecewise_lines,regressor_top3_softmax_t05,12,0.7750664567549664,0.7788099893913123,0.8416476814812054,0.0037435326363458588
broken_piecewise_lines,regressor_top5_raw,12,0.7522584567839382,0.7939372051836383,0.8482921377855485,0.041678748399700094
broken_piecewise_lines,regressor_top5_softmax_t05,12,0.7397838885002618,0.7923231873735551,0.8489919997890684,0.05253929887329334
broken_piecewise_lines,regressor_top_dynamic_predictK_raw,12,0.7752189361824061,0.7844296401243843,0.8475665667953574,0.009210703941978204
broken_piecewise_lines,regressor_top_dynamic_predictK_softmax_t05,12,0.7536066175051225,0.7863387026049208,0.8468775248921588,0.0327320850997983
broken_rings,knn_top10_raw,14,0.7237083565666594,0.7536441162149126,0.7888338926326738,0.029935759648253124
broken_rings,knn_top10_softmax_t05,14,0.7625824362797359,0.7646561306484992,0.7966415920581121,0.002073694368763368
broken_rings,knn_top1_raw,14,0.7281736207885555,0.7377216965995219,0.7845292882729813,0.009548075810966394
broken_rings,knn_top1_softmax_t05,14,0.6720837302644654,0.7462100762863276,0.7966089967317139,0.07412634602186219
broken_rings,knn_top3_raw,14,0.6742486766928265,0.7687632642842894,0.7928298149557962,0.09451458759146292
broken_rings,knn_top3_softmax_t05,14,0.7009588662989552,0.770753647191279,0.8046998374054574,0.06979478089232383
broken_rings,knn_top5_raw,14,0.743867013818021,0.7773939889527336,0.7974960392162282,0.03352697513471259
broken_rings,knn_top5_softmax_t05,14,0.6991780392636274,0.7514618744979628,0.7884036246827151,0.05228383523433533
broken_rings,knn_top_dynamic_predictK_raw,14,0.7320082441547269,0.7634253019241337,0.794490283555994,0.03141705776940684
broken_rings,knn_top_dynamic_predictK_softmax_t05,14,0.7241973604975109,0.7680276103763689,0.7987087181585031,0.043830249878857974
broken_rings,regressor_top10_raw,14,0.7718357007618225,0.7542100575204272,0.8009857739657615,-0.01762564324139526
broken_rings,regressor_top10_softmax_t05,14,0.668085400641809,0.7562439523675157,0.7834388291472676,0.08815855172570675
broken_rings,regressor_top1_raw,14,0.6714357638170202,0.7547200829202332,0.7954372478278774,0.08328431910321299
broken_rings,regressor_top1_softmax_t05,14,0.658868474523971,0.7590403487946642,0.7892541124008169,0.10017187427069318
broken_rings,regressor_top3_raw,14,0.724399856015809,0.7456004076375102,0.7866502766101053,0.021200551621701202
broken_rings,regressor_top3_softmax_t05,14,0.6984270345157106,0.7433271516352076,0.7934446838806257,0.04490011711949693
broken_rings,regressor_top5_raw,14,0.7038837116767976,0.7688246327253229,0.8008709293838533,0.06494092104852522
broken_rings,regressor_top5_softmax_t05,14,0.6885321775603105,0.7638673084696086,0.7945737095879307,0.07533513090929811
broken_rings,regressor_top_dynamic_predictK_raw,14,0.717593178835226,0.7642973252006252,0.7986065083536408,0.04670414636539921
broken_rings,regressor_top_dynamic_predictK_softmax_t05,14,0.709502959352031,0.7617153402365939,0.7944059305681048,0.052212380884562926
broken_spirals,knn_top10_raw,12,0.6847681341362386,0.7349637919686246,0.747460456212631,0.050195657832386
broken_spirals,knn_top10_softmax_t05,12,0.6547821923769211,0.7404083042746964,0.7643393332458238,0.08562611189777525
broken_spirals,knn_top1_raw,12,0.5755908442409493,0.7438714857942269,0.7731322354500886,0.1682806415532776
broken_spirals,knn_top1_softmax_t05,12,0.6027638519978736,0.7509687985516402,0.7735625528767578,0.1482049465537666
broken_spirals,knn_top3_raw,12,0.6125735609179821,0.7300796084297848,0.7656716639603715,0.11750604751180271
broken_spirals,knn_top3_softmax_t05,12,0.6437611722576445,0.7278087035891065,0.7664514903901959,0.08404753133146203
broken_spirals,knn_top5_raw,12,0.6322518793920269,0.7477134471452106,0.7700958990983425,0.11546156775318372
broken_spirals,knn_top5_softmax_t05,12,0.6767180009558137,0.7497862156491273,0.772868130878449,0.0730682146933136
broken_spirals,knn_top_dynamic_predictK_raw,12,0.6301030609260034,0.7380374842141079,0.7606800586160145,0.10793442328810443
broken_spirals,knn_top_dynamic_predictK_softmax_t05,12,0.6599334625249347,0.7373187997337826,0.7539705494448304,0.07738533720884788
broken_spirals,regressor_top10_raw,12,0.692442196206332,0.7541731190316409,0.7677642351649968,0.0617309228253089
broken_spirals,regressor_top10_softmax_t05,12,0.7009716508864777,0.7326092232028536,0.7595052435557014,0.03163757231637587
broken_spirals,regressor_top1_raw,12,0.6399339296803012,0.7293349675102122,0.7730361563400213,0.08940103782991105
broken_spirals,regressor_top1_softmax_t05,12,0.6755838720072047,0.6928371326295254,0.7521588142527266,0.017253260622320687
broken_spirals,regressor_top3_raw,12,0.6886857257325175,0.7304957480524253,0.7653896702727748,0.041810022319907825
broken_spirals,regressor_top3_softmax_t05,12,0.6769194648073568,0.7306762907923,0.7533666177892119,0.053756825984943246
broken_spirals,regressor_top5_raw,12,0.6265253920014803,0.7287156759008542,0.7637564656912428,0.1021902838993739
broken_spirals,regressor_top5_softmax_t05,12,0.6811758579381876,0.739144411726223,0.7572751023088092,0.05796855378803545
broken_spirals,regressor_top_dynamic_predictK_raw,12,0.7134468024530468,0.7162886374096461,0.7701686934510666,0.0028418349565992873
broken_spirals,regressor_top_dynamic_predictK_softmax_t05,12,0.6677942073583277,0.742957551187772,0.7688260660049311,0.07516334382944423
clean_arcs,knn_top10_raw,12,0.7389295285779985,0.8432419669475029,0.8558349156756453,0.10431243836950432
clean_arcs,knn_top10_softmax_t05,12,0.7923557566211978,0.8344881171590615,0.8507387712531328,0.04213236053786362
clean_arcs,knn_top1_raw,12,0.7470144955331968,0.8326118334381749,0.8517980213556601,0.08559733790497814
clean_arcs,knn_top1_softmax_t05,12,0.7033931229534048,0.8125494530973074,0.8464332170557799,0.10915633014390258
clean_arcs,knn_top3_raw,12,0.7661529518756294,0.8235121027048495,0.8514685811069488,0.05735915082922016
clean_arcs,knn_top3_softmax_t05,12,0.7807837824298165,0.821598096774129,0.8493125423294038,0.040814314344312486
clean_arcs,knn_top5_raw,12,0.778754419699005,0.8253923470082114,0.8414164048176015,0.04663792730920635
clean_arcs,knn_top5_softmax_t05,12,0.7522007191484,0.8252447175259223,0.8422523534626715,0.07304399837752229
clean_arcs,knn_top_dynamic_predictK_raw,12,0.789672415716718,0.8230207827992974,0.8461487206548687,0.03334836708257938
clean_arcs,knn_top_dynamic_predictK_softmax_t05,12,0.7854331724872279,0.825582181301063,0.8436424392165923,0.040149008813835096
clean_arcs,regressor_top10_raw,12,0.7650308725837646,0.7987437254450028,0.8262885001696493,0.03371285286123826
clean_arcs,regressor_top10_softmax_t05,12,0.7952347029329806,0.8084957909103198,0.8412080202708515,0.013261087977339159
clean_arcs,regressor_top1_raw,12,0.7765521181681292,0.8078429560181011,0.8438903193954522,0.031290837849971886
clean_arcs,regressor_top1_softmax_t05,12,0.7787705068852687,0.8274403244908339,0.8398042584728381,0.04866981760556521
clean_arcs,regressor_top3_raw,12,0.7801939956246193,0.8323168522977462,0.8454448546482959,0.05212285667312688
clean_arcs,regressor_top3_softmax_t05,12,0.8012028465737049,0.8364360428695634,0.8462934983461575,0.035233196295858527
clean_arcs,regressor_top5_raw,12,0.7998725700181409,0.8134732492615893,0.8448734526755755,0.013600679243448321
clean_arcs,regressor_top5_softmax_t05,12,0.7807844992737293,0.8239658401723061,0.8439738240869392,0.04318134089857684
clean_arcs,regressor_top_dynamic_predictK_raw,12,0.8169634822531502,0.8140862495959907,0.8320717457234519,-0.0028772326571594453
clean_arcs,regressor_top_dynamic_predictK_softmax_t05,12,0.775143719698978,0.8242197400544131,0.8489427073137416,0.049076020355435124
clean_parabolas,knn_top10_raw,12,0.25294466593656323,0.2758982347554428,0.36707677936191624,0.022953568818879555
clean_parabolas,knn_top10_softmax_t05,12,0.2651202015715527,0.28639663139361743,0.35948046534848893,0.021276429822064735
clean_parabolas,knn_top1_raw,12,0.21894201786758685,0.24499751909647183,0.36784187079083636,0.026055501228884975
clean_parabolas,knn_top1_softmax_t05,12,0.24821371162840897,0.2635104442617594,0.37064304909155726,0.015296732633350435
clean_parabolas,knn_top3_raw,12,0.2704257912653653,0.2730957820465279,0.36878520889685446,0.00266999078116259
clean_parabolas,knn_top3_softmax_t05,12,0.3022011940124068,0.2665446533280514,0.37492003953262126,-0.03565654068435542
clean_parabolas,knn_top5_raw,12,0.28879488086839245,0.2794991679819517,0.3671933058362941,-0.009295712886440766
clean_parabolas,knn_top5_softmax_t05,12,0.27316488555973806,0.28672070083727397,0.3667813731997139,0.01355581527753591
clean_parabolas,knn_top_dynamic_predictK_raw,12,0.31841503382558217,0.27806337241037565,0.3657242210693232,-0.04035166141520652
clean_parabolas,knn_top_dynamic_predictK_softmax_t05,12,0.28814110302525325,0.295130933083003,0.3631797965764136,0.006989830057749724
clean_parabolas,regressor_top10_raw,12,0.24897382523083225,0.2952451685716887,0.32853348804674426,0.04627134334085645
clean_parabolas,regressor_top10_softmax_t05,12,0.2609196690618397,0.2773264290262974,0.34233599112894003,0.016406759964457673
clean_parabolas,regressor_top1_raw,12,0.2352462307428783,0.2901104440000736,0.36115012054655554,0.05486421325719529
clean_parabolas,regressor_top1_softmax_t05,12,0.23625237890359438,0.2876727984943966,0.36180647610935535,0.05142041959080221
clean_parabolas,regressor_top3_raw,12,0.24498438895684163,0.29690381214274636,0.37479690549918177,0.05191942318590473
clean_parabolas,regressor_top3_softmax_t05,12,0.30125600737693425,0.28678995970594684,0.36300040241049847,-0.014466047670987414
clean_parabolas,regressor_top5_raw,12,0.2692980778449952,0.2808994750938854,0.35833152923434947,0.0116013972488902
clean_parabolas,regressor_top5_softmax_t05,12,0.2815584719114548,0.26723692562635115,0.3621045694498726,-0.014321546285103626
clean_parabolas,regressor_top_dynamic_predictK_raw,12,0.2712136819034295,0.28549219484543825,0.347965699398843,0.01427851294200877
clean_parabolas,regressor_top_dynamic_predictK_softmax_t05,12,0.29520718031001103,0.26809186616646397,0.35801653940347,-0.027115314143547065
clean_parallel_bands,knn_top10_raw,14,0.30624468699789287,0.3006437982056766,0.3429182171788221,-0.005600888792216263
clean_parallel_bands,knn_top10_softmax_t05,14,0.30374527671637613,0.2974476756796199,0.34166767554965427,-0.006297601036756251
clean_parallel_bands,knn_top1_raw,14,0.29316371401741836,0.292188996524746,0.34523491213163415,-0.0009747174926723612
clean_parallel_bands,knn_top1_softmax_t05,14,0.293616304322622,0.2785515416544531,0.3381657980311578,-0.015064762668168863
clean_parallel_bands,knn_top3_raw,14,0.29275841754381693,0.28358347839828096,0.3430709242860693,-0.009174939145535965
clean_parallel_bands,knn_top3_softmax_t05,14,0.29497187732351,0.28968443623202733,0.3450683257834291,-0.005287441091482659
clean_parallel_bands,knn_top5_raw,14,0.27971838127841786,0.2904605937021772,0.3439920945578994,0.010742212423759334
clean_parallel_bands,knn_top5_softmax_t05,14,0.28104876104248966,0.2963864511462034,0.3427417583431804,0.01533769010371372
clean_parallel_bands,knn_top_dynamic_predictK_raw,14,0.2852076729973446,0.3147727454459717,0.3452094477570279,0.029565072448627105
clean_parallel_bands,knn_top_dynamic_predictK_softmax_t05,14,0.29497770387167954,0.3189565050089113,0.3439335501610069,0.023978801137231776
clean_parallel_bands,regressor_top10_raw,14,0.29034649660657114,0.27540280690562746,0.3338173404194606,-0.014943689700943674
clean_parallel_bands,regressor_top10_softmax_t05,14,0.3076670915040696,0.2933282627900892,0.3446882215151317,-0.0143388287139804
clean_parallel_bands,regressor_top1_raw,14,0.25239397764033983,0.3027006580323805,0.34507352430385846,0.05030668039204067
clean_parallel_bands,regressor_top1_softmax_t05,14,0.23920918013330775,0.3043232539119542,0.3409823357084894,0.06511407377864645
clean_parallel_bands,regressor_top3_raw,14,0.23298264212297765,0.29343150527263984,0.34140287807323305,0.06044886314966219
clean_parallel_bands,regressor_top3_softmax_t05,14,0.28140452223690965,0.29525984893099777,0.339985756220566,0.013855326694088121
clean_parallel_bands,regressor_top5_raw,14,0.28872942981567895,0.28095855315597607,0.33163704848579506,-0.0077708766597028855
clean_parallel_bands,regressor_top5_softmax_t05,14,0.2943010972543306,0.3040325983522486,0.3454447335380356,0.009731501097917983
clean_parallel_bands,regressor_top_dynamic_predictK_raw,14,0.25673625707999237,0.31199654144918876,0.3436951735701636,0.05526028436919639
clean_parallel_bands,regressor_top_dynamic_predictK_softmax_t05,14,0.2606988991307683,0.29347608248223145,0.3390158641649902,0.032777183351463124
clean_spirals,knn_top10_raw,10,0.7193511542973128,0.7676579333367828,0.7737952251037261,0.048306779039470005
clean_spirals,knn_top10_softmax_t05,10,0.7349662129582466,0.7821436834548747,0.7870977011054655,0.04717747049662813
clean_spirals,knn_top1_raw,10,0.6653659430578589,0.7372240540878316,0.7806795738158262,0.07185811102997275
clean_spirals,knn_top1_softmax_t05,10,0.713910359533129,0.7637431072507267,0.7881908144667821,0.049832747717597714
clean_spirals,knn_top3_raw,10,0.703646770605052,0.7868644102014694,0.7886261900868022,0.08321763959641737
clean_spirals,knn_top3_softmax_t05,10,0.6970540850891699,0.7801628139319363,0.7889389963958267,0.08310872884276643
clean_spirals,knn_top5_raw,10,0.7521036950260461,0.7781867439589857,0.7802338814722638,0.026083048932939557
clean_spirals,knn_top5_softmax_t05,10,0.7641034072838727,0.7858386174880325,0.7878901574535517,0.021735210204159805
clean_spirals,knn_top_dynamic_predictK_raw,10,0.7035105616569222,0.7817454240688868,0.7856382611694845,0.07823486241196465
clean_spirals,knn_top_dynamic_predictK_softmax_t05,10,0.7323991821054955,0.7705471001247127,0.7823309785025947,0.03814791801921724
clean_spirals,regressor_top10_raw,10,0.7778850588297406,0.7775162352523839,0.7799719022045093,-0.0003688235773566806
clean_spirals,regressor_top10_softmax_t05,10,0.7788684079986987,0.77728147809101,0.779548166471681,-0.0015869299076887167
clean_spirals,regressor_top1_raw,10,0.6891860538700659,0.7719781035172713,0.7837563471446239,0.08279204964720532
clean_spirals,regressor_top1_softmax_t05,10,0.6464720423765655,0.7600738888147184,0.7857919378040085,0.11360184643815285
clean_spirals,regressor_top3_raw,10,0.6825249062024465,0.7463873696657507,0.7561732140838082,0.06386246346330415
clean_spirals,regressor_top3_softmax_t05,10,0.7742752537707681,0.7695980806956251,0.7808205463943263,-0.004677173075143037
clean_spirals,regressor_top5_raw,10,0.7568722151541909,0.7491972131213442,0.7619414888453628,-0.007675002032846656
clean_spirals,regressor_top5_softmax_t05,10,0.7663581766845272,0.7831586830762792,0.7876405188957802,0.016800506391752013
clean_spirals,regressor_top_dynamic_predictK_raw,10,0.767879778954273,0.7608430579653255,0.7775034323517831,-0.007036720988947476
clean_spirals,regressor_top_dynamic_predictK_softmax_t05,10,0.7751290020767241,0.7556884556915707,0.7789159452993427,-0.019440546385153357
crossing_or_near_crossing_bands,knn_top10_raw,15,0.4068515685359431,0.49394778402451006,0.5210934340304152,0.08709621548856694
crossing_or_near_crossing_bands,knn_top10_softmax_t05,15,0.3954511028374567,0.5159744043492666,0.5551594935956324,0.12052330151180984
crossing_or_near_crossing_bands,knn_top1_raw,15,0.4880351335825123,0.5103306085638007,0.5451087180975072,0.02229547498128842
crossing_or_near_crossing_bands,knn_top1_softmax_t05,15,0.4444606810891364,0.49221870980925664,0.5306649694092964,0.04775802872012025
crossing_or_near_crossing_bands,knn_top3_raw,15,0.4133875872913393,0.463405905918683,0.5134477696312558,0.05001831862734374
crossing_or_near_crossing_bands,knn_top3_softmax_t05,15,0.4265950823485932,0.4197857236792086,0.5470748160631945,-0.006809358669384646
crossing_or_near_crossing_bands,knn_top5_raw,15,0.3716017030908401,0.45213371477374853,0.5038482922994639,0.08053201168290841
crossing_or_near_crossing_bands,knn_top5_softmax_t05,15,0.45492924476657254,0.5025367533822881,0.5384278625285212,0.047607508615715555
crossing_or_near_crossing_bands,knn_top_dynamic_predictK_raw,15,0.45435585954311875,0.4851939594195365,0.5641291826178159,0.03083809987641778
crossing_or_near_crossing_bands,knn_top_dynamic_predictK_softmax_t05,15,0.44436782840808675,0.4846361008998612,0.5300515065758413,0.04026827249177445
crossing_or_near_crossing_bands,regressor_top10_raw,15,0.4694685003521064,0.5207713380348842,0.5580749573173541,0.05130283768277777
crossing_or_near_crossing_bands,regressor_top10_softmax_t05,15,0.4461598731225757,0.45258446701513555,0.5145009384195182,0.006424593892559838
crossing_or_near_crossing_bands,regressor_top1_raw,15,0.4243485655475819,0.4744956813859777,0.5192303680231151,0.05014711583839582
crossing_or_near_crossing_bands,regressor_top1_softmax_t05,15,0.3818166718231544,0.465085859105735,0.49157549773038156,0.08326918728258065
crossing_or_near_crossing_bands,regressor_top3_raw,15,0.46306008970557944,0.508027714093906,0.52220158044864,0.04496762438832658
crossing_or_near_crossing_bands,regressor_top3_softmax_t05,15,0.393726462776285,0.4608975742577694,0.5242482091488229,0.06717111148148441
crossing_or_near_crossing_bands,regressor_top5_raw,15,0.4493710547000405,0.4915263655082266,0.5319100746373057,0.042155310808186075
crossing_or_near_crossing_bands,regressor_top5_softmax_t05,15,0.4667050327514723,0.49506970878427164,0.5234884949474322,0.028364676032799352
crossing_or_near_crossing_bands,regressor_top_dynamic_predictK_raw,15,0.47143974263506244,0.48454728577270906,0.5438197155522656,0.013107543137646616
crossing_or_near_crossing_bands,regressor_top_dynamic_predictK_softmax_t05,15,0.3815337575143668,0.42415963104577487,0.4646315148658797,0.042625873531408065
curves_plus_ladders,knn_top10_raw,15,0.3149277039341847,0.4478037888402582,0.5129722803741855,0.1328760849060735
curves_plus_ladders,knn_top10_softmax_t05,15,0.34857265935623205,0.4533768834471928,0.5169696811742913,0.10480422409096074
curves_plus_ladders,knn_top1_raw,15,0.37577440894376224,0.4499299163931139,0.5182458149424752,0.07415550744935168
curves_plus_ladders,knn_top1_softmax_t05,15,0.4079591529126377,0.44730817550407276,0.5159623389423964,0.03934902259143508
curves_plus_ladders,knn_top3_raw,15,0.37995348533786333,0.41687150861234173,0.5083423516562906,0.036918023274478406
curves_plus_ladders,knn_top3_softmax_t05,15,0.39125234552012295,0.41928956965468606,0.5110710424435765,0.02803722413456311
curves_plus_ladders,knn_top5_raw,15,0.36293396098439434,0.45736545262673883,0.5151757601956503,0.09443149164234449
curves_plus_ladders,knn_top5_softmax_t05,15,0.37998142390927814,0.4435534093510336,0.5200073609654124,0.06357198544175546
curves_plus_ladders,knn_top_dynamic_predictK_raw,15,0.3749761680846072,0.43351352295728,0.5246451157344778,0.05853735487267281
curves_plus_ladders,knn_top_dynamic_predictK_softmax_t05,15,0.3723077181761077,0.4280546404998157,0.5190339710424883,0.05574692232370798
curves_plus_ladders,regressor_top10_raw,15,0.34468810219231466,0.43620988036267494,0.5075722592787072,0.09152177817036028
curves_plus_ladders,regressor_top10_softmax_t05,15,0.3474468766736502,0.44333264143283774,0.5203541104299066,0.09588576475918753
curves_plus_ladders,regressor_top1_raw,15,0.38423112208431986,0.40173061021329126,0.5078886326556044,0.017499488128971397
curves_plus_ladders,regressor_top1_softmax_t05,15,0.37810713126187867,0.4201541058455094,0.5080121502154484,0.042046974583630714
curves_plus_ladders,regressor_top3_raw,15,0.362446404448126,0.43148460097179664,0.5111395427156517,0.06903819652367066
curves_plus_ladders,regressor_top3_softmax_t05,15,0.3676970839135412,0.4306008685547578,0.516237128127787,0.0629037846412166
curves_plus_ladders,regressor_top5_raw,15,0.39211872416092586,0.4205397316481407,0.5249052526432705,0.028421007487214822
curves_plus_ladders,regressor_top5_softmax_t05,15,0.37651317268208745,0.43454280573159443,0.5090990085897624,0.05802963304950698
curves_plus_ladders,regressor_top_dynamic_predictK_raw,15,0.3540759848918201,0.4226042869836151,0.5016321399194392,0.068528302091795
curves_plus_ladders,regressor_top_dynamic_predictK_softmax_t05,15,0.37594180310046177,0.4205766494358045,0.500506218493568,0.044634846335342704
curves_with_density_drift,knn_top10_raw,11,0.3972172699154475,0.4338282448421269,0.4432113791283424,0.03661097492667942
curves_with_density_drift,knn_top10_softmax_t05,11,0.3959166327007205,0.4278885985908676,0.4553763481504864,0.03197196589014706
curves_with_density_drift,knn_top1_raw,11,0.35915988215391786,0.42743225104548427,0.4714379997615753,0.0682723688915664
curves_with_density_drift,knn_top1_softmax_t05,11,0.3770042653187842,0.4293611790033547,0.45635938479065463,0.05235691368457046
curves_with_density_drift,knn_top3_raw,11,0.3819790655534192,0.4205524010694683,0.4490315403386517,0.03857333551604908
curves_with_density_drift,knn_top3_softmax_t05,11,0.3812341227077201,0.40115861770556266,0.4665807351806816,0.019924494997842546
curves_with_density_drift,knn_top5_raw,11,0.3865287283660153,0.4290883103386269,0.4483019355880711,0.04255958197261156
curves_with_density_drift,knn_top5_softmax_t05,11,0.3913527938958744,0.3996218485677668,0.4384693591197756,0.008269054671892373
curves_with_density_drift,knn_top_dynamic_predictK_raw,11,0.385825290604763,0.42102987851606866,0.4498765454614571,0.03520458791130565
curves_with_density_drift,knn_top_dynamic_predictK_softmax_t05,11,0.38484061919810936,0.41894704871172445,0.44103143779981674,0.03410642951361509
curves_with_density_drift,regressor_top10_raw,11,0.4060088448628191,0.42782330382160244,0.4614458822931251,0.021814458958783367
curves_with_density_drift,regressor_top10_softmax_t05,11,0.4065256087079197,0.4215029617720587,0.4729825281077145,0.014977353064138998
curves_with_density_drift,regressor_top1_raw,11,0.33259975876998776,0.4175002653471861,0.45963902023086833,0.08490050657719833
curves_with_density_drift,regressor_top1_softmax_t05,11,0.3375299388412138,0.4135894548227896,0.4515696924270464,0.07605951598157579
curves_with_density_drift,regressor_top3_raw,11,0.3791259057659264,0.41375133940468045,0.4524358898719434,0.03462543363875403
curves_with_density_drift,regressor_top3_softmax_t05,11,0.3732888721224428,0.388005279105565,0.43006170091192425,0.014716406983122154
curves_with_density_drift,regressor_top5_raw,11,0.3717585441771212,0.41271371046585553,0.4575972489924531,0.04095516628873436
curves_with_density_drift,regressor_top5_softmax_t05,11,0.37472169486590035,0.41267426583734523,0.4548943440742779,0.03795257097144489
curves_with_density_drift,regressor_top_dynamic_predictK_raw,11,0.37513203640566956,0.43841688453735245,0.45025425947751,0.06328484813168289
curves_with_density_drift,regressor_top_dynamic_predictK_softmax_t05,11,0.3907583200623075,0.4261833783975177,0.4535861022170838,0.0354250583352102
density_imbalanced_blobs,knn_top10_raw,9,0.6180352329114068,0.6317236848484993,0.730398546859609,0.01368845193709245
density_imbalanced_blobs,knn_top10_softmax_t05,9,0.5835885067535282,0.6458808231785288,0.7052984428612747,0.06229231642500055
density_imbalanced_blobs,knn_top1_raw,9,0.5277144776466755,0.6488789846578801,0.726538744426668,0.12116450701120463
density_imbalanced_blobs,knn_top1_softmax_t05,9,0.6233431158442914,0.6233724024482283,0.713012561094232,2.9286603936973243e-05
density_imbalanced_blobs,knn_top3_raw,9,0.5990233302885032,0.6474608023276619,0.7268423926113344,0.04843747203915871
density_imbalanced_blobs,knn_top3_softmax_t05,9,0.6475017117861047,0.6619745639142018,0.7257240517761425,0.014472852128097125
density_imbalanced_blobs,knn_top5_raw,9,0.6337588553693752,0.6721870673747697,0.7214652756312708,0.03842821200539459
density_imbalanced_blobs,knn_top5_softmax_t05,9,0.629453668734248,0.6525979163721926,0.7283865248928683,0.023144247637944537
density_imbalanced_blobs,knn_top_dynamic_predictK_raw,9,0.6717911896345142,0.6592404440746765,0.7246877987651926,-0.012550745559837706
density_imbalanced_blobs,knn_top_dynamic_predictK_softmax_t05,9,0.6175875339770771,0.6587425222282542,0.7216609719921112,0.04115498825117714
density_imbalanced_blobs,regressor_top10_raw,9,0.6224934401885973,0.6586180874875003,0.7232863379793437,0.03612464729890297
density_imbalanced_blobs,regressor_top10_softmax_t05,9,0.6283937185221897,0.6595658805057093,0.7251667064465309,0.031172161983519575
density_imbalanced_blobs,regressor_top1_raw,9,0.6679723371093297,0.6777097322701873,0.7194733381968995,0.009737395160857587
density_imbalanced_blobs,regressor_top1_softmax_t05,9,0.6890028895981843,0.6918783603455825,0.7258236653197597,0.0028754707473981345
density_imbalanced_blobs,regressor_top3_raw,9,0.6660821003497905,0.6592910971331661,0.7186309210017866,-0.006791003216624403
density_imbalanced_blobs,regressor_top3_softmax_t05,9,0.6771857623557318,0.6823991676670919,0.7215546932806335,0.005213405311360053
density_imbalanced_blobs,regressor_top5_raw,9,0.65601876446045,0.637272608373139,0.7347650778125066,-0.018746156087311006
density_imbalanced_blobs,regressor_top5_softmax_t05,9,0.6569822287919114,0.643633206868744,0.7176060508622533,-0.013349021923167337
density_imbalanced_blobs,regressor_top_dynamic_predictK_raw,9,0.6571061594638965,0.6303564464350768,0.7246614299339343,-0.026749713028819677
density_imbalanced_blobs,regressor_top_dynamic_predictK_softmax_t05,9,0.6427891575259284,0.6488111261710175,0.7295781239274409,0.006021968645089193
density_patchwork,knn_top10_raw,12,0.6066227291425156,0.667972686254568,0.6989125890118272,0.06134995711205238
density_patchwork,knn_top10_softmax_t05,12,0.5844262711539264,0.6715768464125498,0.7235867091564785,0.08715057525862335
density_patchwork,knn_top1_raw,12,0.5142866712144453,0.5505596387188431,0.7175835440564372,0.03627296750439779
density_patchwork,knn_top1_softmax_t05,12,0.5246061143445876,0.6224073917683157,0.7071151241817426,0.09780127742372813
density_patchwork,knn_top3_raw,12,0.521823809567471,0.6356818298150989,0.7166499101399317,0.11385802024762792
density_patchwork,knn_top3_softmax_t05,12,0.5068418739889474,0.6480365176701903,0.7194352828752377,0.1411946436812429
density_patchwork,knn_top5_raw,12,0.6107005829450908,0.5736656873063705,0.7284803961952077,-0.03703489563872031
density_patchwork,knn_top5_softmax_t05,12,0.6436004795328347,0.6312666573794564,0.714275877672352,-0.012333822153378304
density_patchwork,knn_top_dynamic_predictK_raw,12,0.5826222561679059,0.638808674355039,0.7052100690547335,0.0561864181871331
density_patchwork,knn_top_dynamic_predictK_softmax_t05,12,0.6264547134948004,0.6432203924828124,0.7317573918726531,0.016765678988011956
density_patchwork,regressor_top10_raw,12,0.5770598931130838,0.6259386726250513,0.709280574994959,0.04887877951196751
density_patchwork,regressor_top10_softmax_t05,12,0.6217949273467764,0.6218965631366749,0.7236465997192366,0.00010163578989841326
density_patchwork,regressor_top1_raw,12,0.5655211800733407,0.6572341444719694,0.7290094047250029,0.09171296439862864
density_patchwork,regressor_top1_softmax_t05,12,0.47023278617448727,0.654027403819463,0.7300127870561521,0.18379461764497573
density_patchwork,regressor_top3_raw,12,0.627085410314623,0.6383284008115069,0.7275301053289799,0.011242990496883931
density_patchwork,regressor_top3_softmax_t05,12,0.5830550384623369,0.6186855531845837,0.7135501098236806,0.035630514722246875
density_patchwork,regressor_top5_raw,12,0.6114521125721288,0.6120402816870121,0.7099930962741762,0.0005881691148832413
density_patchwork,regressor_top5_softmax_t05,12,0.603265383544073,0.6154567992300047,0.7206088069010858,0.012191415685931739
density_patchwork,regressor_top_dynamic_predictK_raw,12,0.5713282792073406,0.6217630074783196,0.7128567092681207,0.050434728270978946
density_patchwork,regressor_top_dynamic_predictK_softmax_t05,12,0.628938992484528,0.6377480497137026,0.7192733985388443,0.008809057229174577
disconnected_components,knn_top10_raw,12,0.768444411852594,0.7864886945697113,0.8225189729742118,0.01804428271711722
disconnected_components,knn_top10_softmax_t05,12,0.7666019218808929,0.7918292043248271,0.8273431900953826,0.02522728244393413
disconnected_components,knn_top1_raw,12,0.7425489570844445,0.7687998482511995,0.8224193068756248,0.026250891166755053
disconnected_components,knn_top1_softmax_t05,12,0.6991797383081962,0.7430410788132646,0.8193363769292058,0.0438613405050684
disconnected_components,knn_top3_raw,12,0.7354806359149783,0.7852612708831831,0.8207146412728666,0.04978063496820484
disconnected_components,knn_top3_softmax_t05,12,0.6825949933604121,0.784448627655082,0.8233588758537045,0.10185363429466998
disconnected_components,knn_top5_raw,12,0.7025788053083454,0.7873072365169375,0.8188479392987889,0.08472843120859208
disconnected_components,knn_top5_softmax_t05,12,0.7243975613634587,0.7892391592019087,0.8152294148863143,0.06484159783845
disconnected_components,knn_top_dynamic_predictK_raw,12,0.711684868294462,0.7929562733470705,0.826149659531677,0.08127140505260855
disconnected_components,knn_top_dynamic_predictK_softmax_t05,12,0.7438333454006218,0.7754473917670811,0.8130273949609087,0.03161404636645926
disconnected_components,regressor_top10_raw,12,0.7810811134853992,0.7845017762213783,0.8203923500730581,0.0034206627359790742
disconnected_components,regressor_top10_softmax_t05,12,0.7431068756550744,0.7856015369614532,0.8218053874141996,0.0424946613063788
disconnected_components,regressor_top1_raw,12,0.6969699041971859,0.750442907734744,0.8212753775079064,0.05347300353755813
disconnected_components,regressor_top1_softmax_t05,12,0.742559214221822,0.7604824520953608,0.8176121840198093,0.017923237873538778
disconnected_components,regressor_top3_raw,12,0.755621573513927,0.7800144188597219,0.8234392394176497,0.02439284534579489
disconnected_components,regressor_top3_softmax_t05,12,0.7286710166078852,0.7738434508667918,0.8156593059650938,0.0451724342589066
disconnected_components,regressor_top5_raw,12,0.7732971801015777,0.7904122835799385,0.8246985766679363,0.01711510347836087
disconnected_components,regressor_top5_softmax_t05,12,0.733368552757015,0.7911687346558088,0.8207569020204436,0.05780018189879388
disconnected_components,regressor_top_dynamic_predictK_raw,12,0.6625881360447163,0.7544952385791261,0.8146205530295331,0.09190710253440981
disconnected_components,regressor_top_dynamic_predictK_softmax_t05,12,0.7309899546205201,0.7677028527245078,0.8131174469388428,0.0367128981039877
distorted_grid,knn_top10_raw,16,0.3101438950670203,0.3163237309121098,0.33071121153591226,0.006179835845089521
distorted_grid,knn_top10_softmax_t05,16,0.29523468392256014,0.31834733235566093,0.3288931314296432,0.02311264843310079
distorted_grid,knn_top1_raw,16,0.26458581987929486,0.29730954083737654,0.3304397508312724,0.03272372095808168
distorted_grid,knn_top1_softmax_t05,16,0.24972461342568814,0.3044001658528709,0.3205768467591661,0.05467555242718275
distorted_grid,knn_top3_raw,16,0.29522792607111603,0.309876306408685,0.32657277509049853,0.01464838033756899
distorted_grid,knn_top3_softmax_t05,16,0.29671794646270266,0.3031403153493474,0.32939260639087947,0.006422368886644714
distorted_grid,knn_top5_raw,16,0.2763067855109151,0.3107646411455101,0.3275051258662531,0.034457855634595025
distorted_grid,knn_top5_softmax_t05,16,0.30418200081475655,0.300479132046992,0.3281177711077572,-0.0037028687677645444
distorted_grid,knn_top_dynamic_predictK_raw,16,0.2974496285632052,0.30661561094861156,0.33086050335100886,0.009165982385406335
distorted_grid,knn_top_dynamic_predictK_softmax_t05,16,0.29606200246759995,0.30433820746064244,0.32742603872871623,0.00827620499304249
distorted_grid,regressor_top10_raw,16,0.30404750054443314,0.31203664787347185,0.3315850028878511,0.007989147329038715
distorted_grid,regressor_top10_softmax_t05,16,0.3044090346723464,0.3139471306230371,0.3314286231599523,0.009538095950690662
distorted_grid,regressor_top1_raw,16,0.2812676754332421,0.29494225863967843,0.3216403973012988,0.01367458320643633
distorted_grid,regressor_top1_softmax_t05,16,0.2861486477867018,0.3007912603664229,0.326259723851646,0.014642612579721104
distorted_grid,regressor_top3_raw,16,0.2980207767211263,0.31152215191856014,0.329922784475877,0.01350137519743383
distorted_grid,regressor_top3_softmax_t05,16,0.28992281774437323,0.30840070830152294,0.32932999210159464,0.018477890557149712
distorted_grid,regressor_top5_raw,16,0.2816437273178508,0.3135312088148561,0.32961882877307724,0.031887481497005266
distorted_grid,regressor_top5_softmax_t05,16,0.2944959798719558,0.3021056399374706,0.3292736679322742,0.007609660065514778
distorted_grid,regressor_top_dynamic_predictK_raw,16,0.29242723750620775,0.31131168801540143,0.3287698567519612,0.018884450509193684
distorted_grid,regressor_top_dynamic_predictK_softmax_t05,16,0.29211239978220155,0.3126442747604646,0.33308161477271975,0.02053187497826303
fractal_dust,knn_top10_raw,11,0.5573501442789802,0.6481183812744796,0.6954954885740648,0.09076823699549941
fractal_dust,knn_top10_softmax_t05,11,0.5638140535396968,0.6395910536584866,0.6944651292600575,0.07577700011878974
fractal_dust,knn_top1_raw,11,0.5406964005610061,0.6237778616157288,0.6947145789157797,0.0830814610547227
fractal_dust,knn_top1_softmax_t05,11,0.49402417421965017,0.631099168841359,0.7018894653838074,0.1370749946217088
fractal_dust,knn_top3_raw,11,0.6338705589974071,0.5746841048079018,0.6926342590055931,-0.0591864541895053
fractal_dust,knn_top3_softmax_t05,11,0.6467169505239668,0.6173524243415311,0.6921124703399246,-0.02936452618243568
fractal_dust,knn_top5_raw,11,0.5937774791810401,0.5957962936779333,0.6944526509618567,0.0020188144968932287
fractal_dust,knn_top5_softmax_t05,11,0.5609480203442422,0.6145593077956272,0.6981624650186072,0.05361128745138499
fractal_dust,knn_top_dynamic_predictK_raw,11,0.5386720580942648,0.6057181704645921,0.7028821739252377,0.06704611237032732
fractal_dust,knn_top_dynamic_predictK_softmax_t05,11,0.5820583923526169,0.6293579606071871,0.6951811369975647,0.04729956825457016
fractal_dust,regressor_top10_raw,11,0.5494910912117126,0.6036990312258095,0.6882557170976406,0.0542079400140969
fractal_dust,regressor_top10_softmax_t05,11,0.5185375043780103,0.5874391547619825,0.675566601730857,0.06890165038397222
fractal_dust,regressor_top1_raw,11,0.4526592301208768,0.5983249411190819,0.6918434611801791,0.14566571099820508
fractal_dust,regressor_top1_softmax_t05,11,0.5199753810525578,0.586433819692317,0.697284468519747,0.0664584386397592
fractal_dust,regressor_top3_raw,11,0.5105492490745486,0.6042240638571597,0.6912463291982583,0.09367481478261108
fractal_dust,regressor_top3_softmax_t05,11,0.4940025658059021,0.6389495878624879,0.6900825802465443,0.14494702205658577
fractal_dust,regressor_top5_raw,11,0.5583490034994922,0.5967089191661376,0.6885124740280164,0.03835991566664532
fractal_dust,regressor_top5_softmax_t05,11,0.5153482954814961,0.6060549650015167,0.683528527951884,0.0907066695200206
fractal_dust,regressor_top_dynamic_predictK_raw,11,0.5485601441476783,0.5946885759018457,0.6948550996190658,0.046128431754167365
fractal_dust,regressor_top_dynamic_predictK_softmax_t05,11,0.5565262536779131,0.6406493624126545,0.6914839784643291,0.08412310873474138
fragmented_band_with_overlapping_clouds,knn_top10_raw,11,0.5602353453296183,0.5820235139992672,0.6327707569609268,0.021788168669648944
fragmented_band_with_overlapping_clouds,knn_top10_softmax_t05,11,0.5746692307386585,0.5975671881697487,0.6436606443107542,0.022897957431090243
fragmented_band_with_overlapping_clouds,knn_top1_raw,11,0.5583528546196234,0.5763842372828207,0.6544600837619393,0.01803138266319737
fragmented_band_with_overlapping_clouds,knn_top1_softmax_t05,11,0.5465456046294848,0.6059534429627391,0.6573629444166328,0.05940783833325436
fragmented_band_with_overlapping_clouds,knn_top3_raw,11,0.5472315344031107,0.5967329214027779,0.6420140176030888,0.04950138699966722
fragmented_band_with_overlapping_clouds,knn_top3_softmax_t05,11,0.5641868255760607,0.601362769849362,0.6680251196837501,0.03717594427330129
fragmented_band_with_overlapping_clouds,knn_top5_raw,11,0.6031548702133165,0.6207702571574784,0.6527027027675093,0.01761538694416187
fragmented_band_with_overlapping_clouds,knn_top5_softmax_t05,11,0.5709781093585622,0.6222904103737621,0.6612514914107637,0.0513123010151999
fragmented_band_with_overlapping_clouds,knn_top_dynamic_predictK_raw,11,0.545816025769077,0.5690602512634642,0.6517880922603149,0.023244225494387205
fragmented_band_with_overlapping_clouds,knn_top_dynamic_predictK_softmax_t05,11,0.5941432002175083,0.5762082652763617,0.6596093970126312,-0.01793493494114662
fragmented_band_with_overlapping_clouds,regressor_top10_raw,11,0.5655609970386172,0.5982159834345036,0.6610164746517447,0.032654986395886376
fragmented_band_with_overlapping_clouds,regressor_top10_softmax_t05,11,0.6141165001563893,0.6114078870809269,0.6661033294306471,-0.0027086130754624405
fragmented_band_with_overlapping_clouds,regressor_top1_raw,11,0.5782998286472417,0.6057536058021067,0.6519477422039329,0.027453777154864967
fragmented_band_with_overlapping_clouds,regressor_top1_softmax_t05,11,0.5340076368432375,0.6273274480010161,0.6550249007520259,0.09331981115777865
fragmented_band_with_overlapping_clouds,regressor_top3_raw,11,0.5651110615116957,0.590050087377543,0.6571899263890342,0.024939025865847397
fragmented_band_with_overlapping_clouds,regressor_top3_softmax_t05,11,0.541503872207985,0.6019774360822848,0.6511163572369181,0.06047356387429981
fragmented_band_with_overlapping_clouds,regressor_top5_raw,11,0.5744802285652353,0.6143735477915483,0.6592701810771873,0.03989331922631301
fragmented_band_with_overlapping_clouds,regressor_top5_softmax_t05,11,0.5756978333837988,0.6241766337717762,0.6642168560321718,0.04847880038797747
fragmented_band_with_overlapping_clouds,regressor_top_dynamic_predictK_raw,11,0.5687525079992227,0.5931704090356674,0.6578756901639704,0.0244179010364447
fragmented_band_with_overlapping_clouds,regressor_top_dynamic_predictK_softmax_t05,11,0.5705251062401419,0.5790542639315861,0.6313413215080185,0.008529157691444245
fragmented_bands,knn_top10_raw,13,0.21170233173895314,0.26267906702236166,0.29119997620069504,0.050976735283408514
fragmented_bands,knn_top10_softmax_t05,13,0.2323818753573188,0.26524799935609317,0.295698667363803,0.032866123998774366
fragmented_bands,knn_top1_raw,13,0.20147966307404255,0.2610914498952613,0.2911096723597206,0.05961178682121873
fragmented_bands,knn_top1_softmax_t05,13,0.19141227245284725,0.26171086815015593,0.30980050145083,0.07029859569730867
fragmented_bands,knn_top3_raw,13,0.21776606351172262,0.24782083924810724,0.28580464520823967,0.030054775736384626
fragmented_bands,knn_top3_softmax_t05,13,0.24295193203599566,0.23165139269964274,0.29394578858596926,-0.011300539336352916
fragmented_bands,knn_top5_raw,13,0.25001632014332204,0.2533026678473805,0.30171918046273327,0.0032863477040584455
fragmented_bands,knn_top5_softmax_t05,13,0.2508240826164712,0.25767615878203787,0.28333021000577124,0.006852076165566656
fragmented_bands,knn_top_dynamic_predictK_raw,13,0.2559264244612531,0.2425892472093991,0.29537172322031735,-0.013337177251853988
fragmented_bands,knn_top_dynamic_predictK_softmax_t05,13,0.24303251025752373,0.2443157005004829,0.29304922490641977,0.0012831902429591702
fragmented_bands,regressor_top10_raw,13,0.2219641782529514,0.27687909864312094,0.30241870807618576,0.05491492039016954
fragmented_bands,regressor_top10_softmax_t05,13,0.25579417924450704,0.2678544313962869,0.28738783154632064,0.01206025215177986
fragmented_bands,regressor_top1_raw,13,0.18609112513323384,0.25757022453038875,0.2949427937948012,0.07147909939715491
fragmented_bands,regressor_top1_softmax_t05,13,0.22785534577687314,0.2553667099062739,0.2894987722516,0.027511364129400778
fragmented_bands,regressor_top3_raw,13,0.2246906738347851,0.24901624820728774,0.299767016172686,0.02432557437250263
fragmented_bands,regressor_top3_softmax_t05,13,0.24121293322335097,0.2514292976334953,0.2946120078636106,0.01021636441014434
fragmented_bands,regressor_top5_raw,13,0.25360417573076083,0.2422709177683841,0.29977180561331573,-0.01133325796237672
fragmented_bands,regressor_top5_softmax_t05,13,0.26278045557260793,0.26528210638076094,0.31145230709553223,0.002501650808153011
fragmented_bands,regressor_top_dynamic_predictK_raw,13,0.23095378408400066,0.2625472090100596,0.29271193425256326,0.03159342492605896
fragmented_bands,regressor_top_dynamic_predictK_softmax_t05,13,0.2527207156325483,0.2626010571295116,0.294941159195844,0.009880341496963319
fragmented_curves,knn_top10_raw,12,0.35970910136357004,0.3983482836219607,0.4380884239164315,0.038639182258390636
fragmented_curves,knn_top10_softmax_t05,12,0.39135601187755104,0.3997116811725266,0.444335653592034,0.008355669294975554
fragmented_curves,knn_top1_raw,12,0.27715732085314077,0.39055789799159757,0.4454352346198948,0.1134005771384568
fragmented_curves,knn_top1_softmax_t05,12,0.24816163971356178,0.4035467282197697,0.4481284585127659,0.15538508850620794
fragmented_curves,knn_top3_raw,12,0.36010288904188864,0.36925818798065024,0.4588020777484765,0.009155298938761602
fragmented_curves,knn_top3_softmax_t05,12,0.3708369471255463,0.38437263460711835,0.4538981522085022,0.013535687481572023
fragmented_curves,knn_top5_raw,12,0.3823741331637636,0.40429382211073794,0.44488134862635303,0.021919688946974325
fragmented_curves,knn_top5_softmax_t05,12,0.36091426977639934,0.4045025396998168,0.45233745245471013,0.043588269923417466
fragmented_curves,knn_top_dynamic_predictK_raw,12,0.3665129936478495,0.3739854183130251,0.443501943284985,0.007472424665175614
fragmented_curves,knn_top_dynamic_predictK_softmax_t05,12,0.3716147142927911,0.3906015950786925,0.44484246216044626,0.01898688078590144
fragmented_curves,regressor_top10_raw,12,0.3988568230206824,0.38689968160226346,0.4412839378459324,-0.01195714141841897
fragmented_curves,regressor_top10_softmax_t05,12,0.37040723629002503,0.40022403466555184,0.4507035939240483,0.02981679837552681
fragmented_curves,regressor_top1_raw,12,0.41809246728167104,0.40484096687846427,0.4473540888231513,-0.013251500403206773
fragmented_curves,regressor_top1_softmax_t05,12,0.37038168068247507,0.3812054135837563,0.4626093210957917,0.010823732901281247
fragmented_curves,regressor_top3_raw,12,0.31274958532155916,0.38819341654579503,0.4418311001120066,0.07544383122423587
fragmented_curves,regressor_top3_softmax_t05,12,0.3809194591234659,0.39544788755830657,0.4427434821037725,0.014528428434840646
fragmented_curves,regressor_top5_raw,12,0.34343403526315175,0.37705243560884827,0.44444282511529715,0.03361840034569652
fragmented_curves,regressor_top5_softmax_t05,12,0.33740173463147927,0.39704545422446214,0.4454283291258651,0.05964371959298287
fragmented_curves,regressor_top_dynamic_predictK_raw,12,0.37716853830791536,0.40753768764112497,0.4596027736774057,0.03036914933320961
fragmented_curves,regressor_top_dynamic_predictK_softmax_t05,12,0.33387148673328976,0.4074790734644061,0.44722627805420556,0.07360758673111634
full_mixed_scene,knn_top10_raw,18,0.6785863669741669,0.7623577536265668,0.8086521592265465,0.08377138665239992
full_mixed_scene,knn_top10_softmax_t05,18,0.7163729217804403,0.7638432000313181,0.8110699188040343,0.047470278250877795
full_mixed_scene,knn_top1_raw,18,0.6895116883222231,0.7444782931440026,0.813040656445874,0.05496660482177951
full_mixed_scene,knn_top1_softmax_t05,18,0.7264459937082013,0.7586562587327734,0.8071100775881944,0.03221026502457214
full_mixed_scene,knn_top3_raw,18,0.7088522637872875,0.7677762570780894,0.8040262788935928,0.05892399329080189
full_mixed_scene,knn_top3_softmax_t05,18,0.7473331730843,0.7697386343255372,0.8160861742189537,0.022405461241237212
full_mixed_scene,knn_top5_raw,18,0.7097855528642247,0.7658498971802433,0.8077216138636747,0.05606434431601859
full_mixed_scene,knn_top5_softmax_t05,18,0.7336070946698617,0.7705345814605705,0.8034914955065607,0.036927486790708786
full_mixed_scene,knn_top_dynamic_predictK_raw,18,0.6891631372931896,0.7585038405528073,0.8101619371888653,0.06934070325961772
full_mixed_scene,knn_top_dynamic_predictK_softmax_t05,18,0.7199181530196002,0.7586453486007534,0.8070158720846947,0.03872719558115323
full_mixed_scene,regressor_top10_raw,18,0.701204143007899,0.7612857252384276,0.8102233851446368,0.06008158223052862
full_mixed_scene,regressor_top10_softmax_t05,18,0.6363514794078097,0.7487546797784388,0.7978281676343157,0.11240320037062912
full_mixed_scene,regressor_top1_raw,18,0.6865363011053116,0.7383807937935601,0.8028475566221008,0.051844492688248534
full_mixed_scene,regressor_top1_softmax_t05,18,0.7417600716790763,0.7624994169654538,0.8098867347946094,0.020739345286377442
full_mixed_scene,regressor_top3_raw,18,0.7529826169699281,0.7673184454461067,0.8135426962203549,0.014335828476178647
full_mixed_scene,regressor_top3_softmax_t05,18,0.7195430846702013,0.7597156382181867,0.7975591545520325,0.040172553547985324
full_mixed_scene,regressor_top5_raw,18,0.7227889462741548,0.7552378148004771,0.8006261347223859,0.03244886852632234
full_mixed_scene,regressor_top5_softmax_t05,18,0.7162974550887784,0.7583515126443475,0.8082904123530301,0.042054057555569124
full_mixed_scene,regressor_top_dynamic_predictK_raw,18,0.6911482640042776,0.7693675607093484,0.799800477242421,0.07821929670507077
full_mixed_scene,regressor_top_dynamic_predictK_softmax_t05,18,0.7155572608044661,0.7603340872615062,0.8049181611702985,0.044776826457040064
full_rings,knn_top10_raw,15,0.7906561824671101,0.8094922296601674,0.8247772022916141,0.018836047193057315
full_rings,knn_top10_softmax_t05,15,0.7913673807847421,0.8105712279139449,0.8244489283349897,0.019203847129202756
full_rings,knn_top1_raw,15,0.7439560639322006,0.7700644553157187,0.8105422852534876,0.02610839138351806
full_rings,knn_top1_softmax_t05,15,0.7499195037968334,0.798708060307002,0.8249121814075144,0.04878855651016867
full_rings,knn_top3_raw,15,0.7829382075300725,0.7962329964662392,0.816800132089612,0.013294788936166757
full_rings,knn_top3_softmax_t05,15,0.7693363516780314,0.8093378890787116,0.8194816072390563,0.04000153740068024
full_rings,knn_top5_raw,15,0.7648180014307645,0.8074718155058399,0.8254071930700972,0.0426538140750754
full_rings,knn_top5_softmax_t05,15,0.7824975179534587,0.8174745504239722,0.8242586228331887,0.034977032470513536
full_rings,knn_top_dynamic_predictK_raw,15,0.7745862471683489,0.8200596179837857,0.8245127231578767,0.04547337081543679
full_rings,knn_top_dynamic_predictK_softmax_t05,15,0.7889295205758173,0.8261115550531741,0.8274815713245078,0.037182034477356796
full_rings,regressor_top10_raw,15,0.8020143476293499,0.8053174691930762,0.823617326767807,0.0033031215637263633
full_rings,regressor_top10_softmax_t05,15,0.7859933246031983,0.8085110000116102,0.8238197283457608,0.022517675408411986
full_rings,regressor_top1_raw,15,0.7688140090419439,0.801815800562299,0.8174605659242602,0.033001791520355095
full_rings,regressor_top1_softmax_t05,15,0.7590942388315012,0.8014321042065204,0.8208763229646782,0.04233786537501927
full_rings,regressor_top3_raw,15,0.7774890537794323,0.8049635637440321,0.8127089980485704,0.02747450996459977
full_rings,regressor_top3_softmax_t05,15,0.7702309208730214,0.8114490080483916,0.8234941459872464,0.04121808717537023
full_rings,regressor_top5_raw,15,0.7905680132900816,0.7943776635923557,0.8202585650004398,0.0038096503022740924
full_rings,regressor_top5_softmax_t05,15,0.7933734070229367,0.7948000275485445,0.8195720687838933,0.0014266205256078246
full_rings,regressor_top_dynamic_predictK_raw,15,0.787986091498287,0.7922214319687976,0.8063825558854897,0.004235340470510551
full_rings,regressor_top_dynamic_predictK_softmax_t05,15,0.772196705963651,0.7976820671577137,0.8104655734570054,0.02548536119406275
grid_with_noise_and_gaps,knn_top10_raw,12,0.21116722316137024,0.20226255011403518,0.24746188588183826,-0.008904673047335054
grid_with_noise_and_gaps,knn_top10_softmax_t05,12,0.19335077960065708,0.1978940305021372,0.24301251632544682,0.0045432509014801115
grid_with_noise_and_gaps,knn_top1_raw,12,0.19665431638014552,0.19572448354644034,0.2412337764805551,-0.0009298328337051798
grid_with_noise_and_gaps,knn_top1_softmax_t05,12,0.19544801427099046,0.20838163500986365,0.2459923605777995,0.012933620738873192
grid_with_noise_and_gaps,knn_top3_raw,12,0.19554948368813188,0.21338013396898195,0.23988346243755165,0.01783065028085007
grid_with_noise_and_gaps,knn_top3_softmax_t05,12,0.19526680570535812,0.2130025151696419,0.24827510352973814,0.017735709464283766
grid_with_noise_and_gaps,knn_top5_raw,12,0.2091953070199967,0.21960832823293605,0.24594777446417615,0.010413021212939355
grid_with_noise_and_gaps,knn_top5_softmax_t05,12,0.21523376571664707,0.2127470149050402,0.24195599660172196,-0.002486750811606875
grid_with_noise_and_gaps,knn_top_dynamic_predictK_raw,12,0.19772807153682082,0.21567589625388361,0.24483848441921044,0.0179478247170628
grid_with_noise_and_gaps,knn_top_dynamic_predictK_softmax_t05,12,0.20744437909863897,0.2141496387103511,0.24257262639415297,0.006705259611712117
grid_with_noise_and_gaps,regressor_top10_raw,12,0.19714092187705715,0.21318183476982822,0.24048634338739575,0.01604091289277107
grid_with_noise_and_gaps,regressor_top10_softmax_t05,12,0.1910925035346007,0.2172573264396737,0.25052757926539404,0.026164822905072993
grid_with_noise_and_gaps,regressor_top1_raw,12,0.1881652618240421,0.20176690248047247,0.2449538767805024,0.013601640656430353
grid_with_noise_and_gaps,regressor_top1_softmax_t05,12,0.18020798866618282,0.19795871918726168,0.2422880470157079,0.017750730521078867
grid_with_noise_and_gaps,regressor_top3_raw,12,0.1979728126105589,0.21426991703977824,0.24015043314247808,0.016297104429219333
grid_with_noise_and_gaps,regressor_top3_softmax_t05,12,0.19846016699479277,0.20834330911008694,0.2431164574033929,0.009883142115294175
grid_with_noise_and_gaps,regressor_top5_raw,12,0.18173335977253988,0.2155665629639181,0.24667325584836688,0.033833203191378225
grid_with_noise_and_gaps,regressor_top5_softmax_t05,12,0.17189972566662803,0.20207988356986264,0.24820719960946194,0.03018015790323461
grid_with_noise_and_gaps,regressor_top_dynamic_predictK_raw,12,0.18919739685177195,0.20888745054931235,0.2403454221239678,0.0196900536975404
grid_with_noise_and_gaps,regressor_top_dynamic_predictK_softmax_t05,12,0.1897457028058672,0.21629555882367377,0.24546600290874335,0.026549856017806572
hollow_mixed_shapes,knn_top10_raw,15,0.7268906566411889,0.7545880559484726,0.7725269880406065,0.027697399307283654
hollow_mixed_shapes,knn_top10_softmax_t05,15,0.728895970955233,0.7483085102022299,0.7734492007591679,0.01941253924699693
hollow_mixed_shapes,knn_top1_raw,15,0.6245052126882638,0.744250844702798,0.7761929343770994,0.11974563201453425
hollow_mixed_shapes,knn_top1_softmax_t05,15,0.6559297468473865,0.7408527446051403,0.774391789781193,0.0849229977577538
hollow_mixed_shapes,knn_top3_raw,15,0.7393911888591228,0.7665404198679096,0.7779609675538363,0.027149231008786745
hollow_mixed_shapes,knn_top3_softmax_t05,15,0.7302501426410835,0.7605887657773721,0.779575452036141,0.030338623136288656
hollow_mixed_shapes,knn_top5_raw,15,0.7030311611220866,0.7531919994498536,0.7730767085410243,0.050160838327766966
hollow_mixed_shapes,knn_top5_softmax_t05,15,0.744613199940608,0.7497738093224761,0.7778479005962101,0.00516060938186802
hollow_mixed_shapes,knn_top_dynamic_predictK_raw,15,0.7360234909882737,0.7468017091211224,0.7757959986720679,0.010778218132848738
hollow_mixed_shapes,knn_top_dynamic_predictK_softmax_t05,15,0.6980747364820599,0.7515455440470408,0.7784713373685007,0.053470807564980904
hollow_mixed_shapes,regressor_top10_raw,15,0.7528917908091034,0.7464423490059124,0.7785910329687888,-0.006449441803190958
hollow_mixed_shapes,regressor_top10_softmax_t05,15,0.6899611294552564,0.7470871895874859,0.7688818744209771,0.05712606013222943
hollow_mixed_shapes,regressor_top1_raw,15,0.6717609236046298,0.7452599978850348,0.7783490569297259,0.07349907428040503
hollow_mixed_shapes,regressor_top1_softmax_t05,15,0.7459501088776079,0.7265118056229739,0.7761976458622616,-0.019438303254634026
hollow_mixed_shapes,regressor_top3_raw,15,0.6933330538656025,0.7552352302127646,0.776186826519875,0.06190217634716211
hollow_mixed_shapes,regressor_top3_softmax_t05,15,0.6871264796421765,0.7452673557636529,0.7803363863466595,0.05814087612147634
hollow_mixed_shapes,regressor_top5_raw,15,0.7621428599346463,0.7579544009441986,0.7723715555017722,-0.004188458990447619
hollow_mixed_shapes,regressor_top5_softmax_t05,15,0.7382911992965763,0.7668163322442404,0.7745151808471541,0.028525132947664122
hollow_mixed_shapes,regressor_top_dynamic_predictK_raw,15,0.7520694199422515,0.7428129494666889,0.7688657353000958,-0.009256470475562661
hollow_mixed_shapes,regressor_top_dynamic_predictK_softmax_t05,15,0.743494388101188,0.7501881331200052,0.7728948947492459,0.006693745018817254
hybrid_deinterleaving_scene,knn_top10_raw,15,0.402966607088352,0.47188207550070227,0.4999891364233659,0.06891546841235024
hybrid_deinterleaving_scene,knn_top10_softmax_t05,15,0.4148526783814761,0.4709774974770736,0.5066783476314343,0.05612481909559752
hybrid_deinterleaving_scene,knn_top1_raw,15,0.3919047256657521,0.46246816735869706,0.514606086642272,0.07056344169294498
hybrid_deinterleaving_scene,knn_top1_softmax_t05,15,0.34677268920496307,0.4441240742385953,0.5128187730869705,0.09735138503363222
hybrid_deinterleaving_scene,knn_top3_raw,15,0.4079187299337193,0.41758951302299313,0.5001111717109082,0.009670783089273827
hybrid_deinterleaving_scene,knn_top3_softmax_t05,15,0.4306134159716366,0.42984317134138605,0.505776203822649,-0.0007702446302505495
hybrid_deinterleaving_scene,knn_top5_raw,15,0.3920231138684933,0.4304879921971135,0.5044255093523882,0.03846487832862017
hybrid_deinterleaving_scene,knn_top5_softmax_t05,15,0.39450611550361536,0.4347542416782379,0.5095614577125318,0.040248126174622534
hybrid_deinterleaving_scene,knn_top_dynamic_predictK_raw,15,0.4143618942275153,0.4253768948043283,0.5029864996211758,0.011015000576812983
hybrid_deinterleaving_scene,knn_top_dynamic_predictK_softmax_t05,15,0.4100563917471527,0.4119002596547276,0.5034051481985832,0.0018438679075749032
hybrid_deinterleaving_scene,regressor_top10_raw,15,0.3961259850338347,0.4282834397449697,0.5052587717131896,0.03215745471113496
hybrid_deinterleaving_scene,regressor_top10_softmax_t05,15,0.39824007361970704,0.44278451072231867,0.5071319015960173,0.044544437102611634
hybrid_deinterleaving_scene,regressor_top1_raw,15,0.3778062553396147,0.4230368223565766,0.5020146644216085,0.045230567016961876
hybrid_deinterleaving_scene,regressor_top1_softmax_t05,15,0.3624342162722735,0.42580529942455486,0.5016733425634923,0.06337108315228135
hybrid_deinterleaving_scene,regressor_top3_raw,15,0.4329813249067467,0.4432869604509411,0.49581965667133693,0.010305635544194447
hybrid_deinterleaving_scene,regressor_top3_softmax_t05,15,0.4428947756137519,0.4596227084436751,0.5023394659376678,0.016727932829923187
hybrid_deinterleaving_scene,regressor_top5_raw,15,0.4251887877019162,0.4473870712719363,0.5101374244508078,0.022198283570020072
hybrid_deinterleaving_scene,regressor_top5_softmax_t05,15,0.4048825649808654,0.4342267013446556,0.4991853035034974,0.029344136363790185
hybrid_deinterleaving_scene,regressor_top_dynamic_predictK_raw,15,0.41225609041168554,0.4564410626174229,0.5107370723233788,0.04418497220573736
hybrid_deinterleaving_scene,regressor_top_dynamic_predictK_softmax_t05,15,0.3979000423302745,0.42677843764978435,0.4940609843514146,0.028878395319509864
imbalanced_cluster_sizes,knn_top10_raw,5,0.6367041043504156,0.7529346846061274,0.8030521306938327,0.11623058025571187
imbalanced_cluster_sizes,knn_top10_softmax_t05,5,0.5714270932522699,0.7346069967650711,0.7804700484276482,0.1631799035128012
imbalanced_cluster_sizes,knn_top1_raw,5,0.664429665146518,0.7557749546668358,0.7998650640316969,0.09134528952031773
imbalanced_cluster_sizes,knn_top1_softmax_t05,5,0.6032088005414684,0.7277851734956806,0.7790817863345179,0.1245763729542122
imbalanced_cluster_sizes,knn_top3_raw,5,0.5729519800172714,0.7410564711492584,0.8064080965042242,0.168104491131987
imbalanced_cluster_sizes,knn_top3_softmax_t05,5,0.5959551606187988,0.7212097558468472,0.804970453106279,0.12525459522804838
imbalanced_cluster_sizes,knn_top5_raw,5,0.591980121274766,0.715820376276662,0.7992087053910839,0.123840255001896
imbalanced_cluster_sizes,knn_top5_softmax_t05,5,0.6147124123417302,0.7570589476085241,0.8052702713507506,0.14234653526679386
imbalanced_cluster_sizes,knn_top_dynamic_predictK_raw,5,0.5729524569461969,0.759171346620171,0.8080433838746389,0.18621888967397415
imbalanced_cluster_sizes,knn_top_dynamic_predictK_softmax_t05,5,0.5701091589283074,0.7612426455640653,0.8034893626822924,0.1911334866357579
imbalanced_cluster_sizes,regressor_top10_raw,5,0.6757813837621237,0.7309658735277519,0.7922481475234994,0.055184489765628175
imbalanced_cluster_sizes,regressor_top10_softmax_t05,5,0.6074427365057484,0.7422509882119226,0.7957813227028967,0.13480825170617416
imbalanced_cluster_sizes,regressor_top1_raw,5,0.6520327377146892,0.7563849339973538,0.7927847709894694,0.10435219628266468
imbalanced_cluster_sizes,regressor_top1_softmax_t05,5,0.612001805672614,0.7582030718411202,0.807318290390764,0.14620126616850626
imbalanced_cluster_sizes,regressor_top3_raw,5,0.664270439135488,0.745727312429404,0.7925123344310079,0.08145687329391604
imbalanced_cluster_sizes,regressor_top3_softmax_t05,5,0.6830405116108108,0.7551118764755146,0.8060892266730759,0.07207136486470378
imbalanced_cluster_sizes,regressor_top5_raw,5,0.6536796121850525,0.7603710944834503,0.788097458747956,0.10669148229839776
imbalanced_cluster_sizes,regressor_top5_softmax_t05,5,0.6100218878731757,0.734228438943335,0.7899572375861434,0.12420655107015932
imbalanced_cluster_sizes,regressor_top_dynamic_predictK_raw,5,0.6476276280218454,0.764081654466317,0.8107279519586019,0.11645402644447167
imbalanced_cluster_sizes,regressor_top_dynamic_predictK_softmax_t05,5,0.692899534756155,0.7753558625313597,0.7964118762228781,0.08245632777520473
isotropic_blobs,knn_top10_raw,8,0.7027813403646185,0.7746541757998424,0.8001977883519221,0.07187283543522394
isotropic_blobs,knn_top10_softmax_t05,8,0.7248395549467745,0.7842988756072012,0.8089423329694988,0.059459320660426696
isotropic_blobs,knn_top1_raw,8,0.712764061747468,0.7433163064386835,0.8004564180689141,0.030552244691215535
isotropic_blobs,knn_top1_softmax_t05,8,0.742005241670664,0.7707952280180994,0.8032372214234594,0.02878998634743546
isotropic_blobs,knn_top3_raw,8,0.7064653411297693,0.7678601307974379,0.7991779513835562,0.06139478966766854
isotropic_blobs,knn_top3_softmax_t05,8,0.715714492574441,0.7568964684950497,0.7925418075272068,0.04118197592060868
isotropic_blobs,knn_top5_raw,8,0.7229671865434293,0.7757277733628876,0.8003212858360101,0.05276058681945828
isotropic_blobs,knn_top5_softmax_t05,8,0.7235999625763894,0.7755572542599258,0.8030916826585112,0.051957291683536466
isotropic_blobs,knn_top_dynamic_predictK_raw,8,0.6889836389667546,0.7579083894457694,0.8010311803591087,0.0689247504790148
isotropic_blobs,knn_top_dynamic_predictK_softmax_t05,8,0.6867331831885102,0.771711319108917,0.8015893340173109,0.08497813592040682
isotropic_blobs,regressor_top10_raw,8,0.747670531469731,0.7759095650463137,0.8046385960909107,0.02823903357658275
isotropic_blobs,regressor_top10_softmax_t05,8,0.7522981860772119,0.7784485808183649,0.8036298635863266,0.026150394741152994
isotropic_blobs,regressor_top1_raw,8,0.7318557697202357,0.7732154015929782,0.8022724940068908,0.0413596318727425
isotropic_blobs,regressor_top1_softmax_t05,8,0.7277363175567848,0.7662747054184501,0.7970271142551505,0.0385383878616653
isotropic_blobs,regressor_top3_raw,8,0.697349528303625,0.788801085537313,0.8049312395763096,0.09145155723368803
isotropic_blobs,regressor_top3_softmax_t05,8,0.7620763814683753,0.777184714056218,0.8038682390205452,0.015108332587842721
isotropic_blobs,regressor_top5_raw,8,0.7114287055002361,0.7683967231132179,0.8008712103551001,0.05696801761298187
isotropic_blobs,regressor_top5_softmax_t05,8,0.7243276572710815,0.7644189390962255,0.8051498666782168,0.04009128182514399
isotropic_blobs,regressor_top_dynamic_predictK_raw,8,0.7688622347425436,0.7912771484888772,0.8095886168924011,0.022414913746333642
isotropic_blobs,regressor_top_dynamic_predictK_softmax_t05,8,0.7573820400789981,0.7812172252204415,0.8026303924274922,0.023835185141443338
meander_curves,knn_top10_raw,11,0.44693992971589563,0.5172518595332088,0.532692821480096,0.07031192981731321
meander_curves,knn_top10_softmax_t05,11,0.44926691958947323,0.5026649080995702,0.5395672212490522,0.05339798851009697
meander_curves,knn_top1_raw,11,0.49609943944572765,0.48708307626925385,0.5492425189687901,-0.009016363176473807
meander_curves,knn_top1_softmax_t05,11,0.46722516960618,0.5165372301935561,0.5652378598606521,0.04931206058737614
meander_curves,knn_top3_raw,11,0.44141738886975984,0.4796099125854166,0.5526359202282861,0.038192523715656734
meander_curves,knn_top3_softmax_t05,11,0.4556373176902921,0.47212637798751306,0.5394270625441501,0.01648906029722097
meander_curves,knn_top5_raw,11,0.463121502235337,0.5214522004735819,0.550200394658646,0.05833069823824488
meander_curves,knn_top5_softmax_t05,11,0.45456493981150614,0.4983914904243982,0.5529004344367082,0.043826550612892035
meander_curves,knn_top_dynamic_predictK_raw,11,0.425021860900967,0.46233627912785286,0.5522697163176918,0.03731441822688586
meander_curves,knn_top_dynamic_predictK_softmax_t05,11,0.47423938488748674,0.4996921247607089,0.5535827949831753,0.025452739873222163
meander_curves,regressor_top10_raw,11,0.5020128296674747,0.5170571594525044,0.5686040798539577,0.015044329785029675
meander_curves,regressor_top10_softmax_t05,11,0.4744380398615771,0.5011294487005659,0.5387932066060813,0.02669140883898874
meander_curves,regressor_top1_raw,11,0.466733304328408,0.5186012059512479,0.5521504866709173,0.05186790162283994
meander_curves,regressor_top1_softmax_t05,11,0.41762802175556096,0.508683254617231,0.5516059326456313,0.09105523286167
meander_curves,regressor_top3_raw,11,0.48165878147818053,0.5277015095376771,0.5403743259196131,0.04604272805949661
meander_curves,regressor_top3_softmax_t05,11,0.4810705683275385,0.5118752166398183,0.5385027354873695,0.030804648312279803
meander_curves,regressor_top5_raw,11,0.45896962754892995,0.5079686232002439,0.5409957533506563,0.04899899565131399
meander_curves,regressor_top5_softmax_t05,11,0.4797962319221685,0.482180356019776,0.5379199341974329,0.002384124097607465
meander_curves,regressor_top_dynamic_predictK_raw,11,0.47155267739318385,0.49625244313983835,0.5433205728826255,0.0246997657466545
meander_curves,regressor_top_dynamic_predictK_softmax_t05,11,0.4819843578327587,0.4948883983991443,0.5493631311089966,0.012904040566385555
micro_blobs_texture,knn_top10_raw,12,0.5678621601095747,0.7408358766030895,0.7648928092317169,0.17297371649351478
micro_blobs_texture,knn_top10_softmax_t05,12,0.5956367592102089,0.7248373399248017,0.7543811350968959,0.12920058071459284
micro_blobs_texture,knn_top1_raw,12,0.5701074922735622,0.7040009333209102,0.7621459913097058,0.13389344104734802
micro_blobs_texture,knn_top1_softmax_t05,12,0.504285932399235,0.6955434330702132,0.7536332347931657,0.19125750067097813
micro_blobs_texture,knn_top3_raw,12,0.561386696787659,0.7028422365161955,0.7529797880466876,0.14145553972853653
micro_blobs_texture,knn_top3_softmax_t05,12,0.6526677000832485,0.699957088305585,0.7456535901600604,0.047289388222336526
micro_blobs_texture,knn_top5_raw,12,0.6415951952509051,0.7389002164179607,0.756046278174579,0.09730502116705553
micro_blobs_texture,knn_top5_softmax_t05,12,0.5937835151186095,0.7163475368424984,0.7571561914662008,0.12256402172388892
micro_blobs_texture,knn_top_dynamic_predictK_raw,12,0.6481024570031831,0.7293357120759377,0.7536899894747279,0.08123325507275458
micro_blobs_texture,knn_top_dynamic_predictK_softmax_t05,12,0.6952776444913277,0.7421487110042472,0.7507177794558023,0.0468710665129195
micro_blobs_texture,regressor_top10_raw,12,0.6524573660579016,0.7350581556554895,0.7512089313857389,0.08260078959758788
micro_blobs_texture,regressor_top10_softmax_t05,12,0.6305758507788646,0.717490025063364,0.7592817897946788,0.08691417428449943
micro_blobs_texture,regressor_top1_raw,12,0.5851861461250382,0.7286144351138711,0.7421678770923378,0.14342828898883297
micro_blobs_texture,regressor_top1_softmax_t05,12,0.6045361656923494,0.7296766686244073,0.7587426654575666,0.12514050293205792
micro_blobs_texture,regressor_top3_raw,12,0.6117881768773051,0.7252029253590194,0.7540459265800469,0.11341474848171429
micro_blobs_texture,regressor_top3_softmax_t05,12,0.6221957621189075,0.7375769212282691,0.758961507148657,0.11538115910936164
micro_blobs_texture,regressor_top5_raw,12,0.6370682822960522,0.748459847567072,0.7563233195068085,0.11139156527101979
micro_blobs_texture,regressor_top5_softmax_t05,12,0.5748213370587708,0.743293560846006,0.7522441187323748,0.16847222378723514
micro_blobs_texture,regressor_top_dynamic_predictK_raw,12,0.6366864654414625,0.7054897165190659,0.7561406159249894,0.06880325107760343
micro_blobs_texture,regressor_top_dynamic_predictK_softmax_t05,12,0.6248125745031009,0.7238390920751763,0.7478450065041885,0.09902651757207537
missing_pulses,knn_top10_raw,15,0.32847258294802834,0.3900510200979848,0.4482012774535011,0.06157843714995648
missing_pulses,knn_top10_softmax_t05,15,0.3350858905445776,0.37509589751171757,0.43449389116532094,0.040010006967139966
missing_pulses,knn_top1_raw,15,0.3281104647130971,0.3562142083353799,0.4453678753465049,0.028103743622282795
missing_pulses,knn_top1_softmax_t05,15,0.34816996621402796,0.3506211205319855,0.4359946112135042,0.00245115431795756
missing_pulses,knn_top3_raw,15,0.31407160346732366,0.3755013615939384,0.4472822275683395,0.06142975812661472
missing_pulses,knn_top3_softmax_t05,15,0.3061465923524255,0.40214003630215844,0.4530126970023432,0.09599344394973297
missing_pulses,knn_top5_raw,15,0.33293546179528993,0.3780255663357991,0.4459252552025351,0.04509010454050916
missing_pulses,knn_top5_softmax_t05,15,0.3062908141251354,0.3741486585288358,0.4470000969890457,0.06785784440370035
missing_pulses,knn_top_dynamic_predictK_raw,15,0.34745197739872824,0.3743178215982202,0.44281015262130524,0.02686584419949195
missing_pulses,knn_top_dynamic_predictK_softmax_t05,15,0.37000056902725514,0.382349869186136,0.45283825664453164,0.01234930015888086
missing_pulses,regressor_top10_raw,15,0.3859035676293161,0.3658633500555159,0.4440306497075317,-0.0200402175738002
missing_pulses,regressor_top10_softmax_t05,15,0.3756206490824623,0.3680623621564655,0.4366093271655502,-0.007558286925996804
missing_pulses,regressor_top1_raw,15,0.3443959100150955,0.3666421297583295,0.44792764733392404,0.022246219743233986
missing_pulses,regressor_top1_softmax_t05,15,0.33469919626790967,0.37246926165230304,0.4478026139048612,0.03777006538439337
missing_pulses,regressor_top3_raw,15,0.3464140571540025,0.36105817135615265,0.4436483319765111,0.014644114202150171
missing_pulses,regressor_top3_softmax_t05,15,0.32109159034073326,0.3550419679352711,0.4383354052412294,0.03395037759453784
missing_pulses,regressor_top5_raw,15,0.3528760741430191,0.3693017397614079,0.4426827073176846,0.01642566561838882
missing_pulses,regressor_top5_softmax_t05,15,0.34505745864044174,0.380626097162288,0.44136426358602293,0.035568638521846274
missing_pulses,regressor_top_dynamic_predictK_raw,15,0.3506961956478102,0.36515249434213354,0.4407277267690718,0.014456298694323355
missing_pulses,regressor_top_dynamic_predictK_softmax_t05,15,0.3339391845539027,0.36896264457239186,0.44251564789297776,0.03502346001848916
missing_rungs_ladder,knn_top10_raw,9,0.3683288190294772,0.5304429617504574,0.6134168072491166,0.16211414272098018
missing_rungs_ladder,knn_top10_softmax_t05,9,0.39983696102722105,0.5342237816667625,0.6153450955503746,0.1343868206395415
missing_rungs_ladder,knn_top1_raw,9,0.42207445527413884,0.5095381923250051,0.6169204989820809,0.08746373705086624
missing_rungs_ladder,knn_top1_softmax_t05,9,0.4560842537638217,0.5048877771740063,0.6094867412231129,0.048803523410184624
missing_rungs_ladder,knn_top3_raw,9,0.4845651257330966,0.5109995600417191,0.6037130196551629,0.026434434308622468
missing_rungs_ladder,knn_top3_softmax_t05,9,0.49420090505658376,0.5381424534071196,0.6166465880428503,0.043941548350535875
missing_rungs_ladder,knn_top5_raw,9,0.41346343922429424,0.48159053764794446,0.6133178831117891,0.06812709842365022
missing_rungs_ladder,knn_top5_softmax_t05,9,0.4027674959157074,0.5321484585453611,0.599567330493182,0.1293809626296537
missing_rungs_ladder,knn_top_dynamic_predictK_raw,9,0.3850013677059835,0.5260180127210622,0.6163957662939828,0.1410166450150787
missing_rungs_ladder,knn_top_dynamic_predictK_softmax_t05,9,0.3599861239897128,0.5186092161480356,0.6151368730372977,0.15862309215832276
missing_rungs_ladder,regressor_top10_raw,9,0.4053066956793582,0.5294531080796379,0.6150979544679083,0.12414641240027968
missing_rungs_ladder,regressor_top10_softmax_t05,9,0.38800472479367,0.5323763288890112,0.6125071887815122,0.14437160409534122
missing_rungs_ladder,regressor_top1_raw,9,0.4917503382358409,0.48466986834545267,0.6070104606471093,-0.007080469890388241
missing_rungs_ladder,regressor_top1_softmax_t05,9,0.4507853940692669,0.5137985728813658,0.6089475146009637,0.06301317881209889
missing_rungs_ladder,regressor_top3_raw,9,0.4708067869734184,0.52507063533703,0.6226100456099012,0.054263848363611644
missing_rungs_ladder,regressor_top3_softmax_t05,9,0.47740660507937815,0.5179444135556384,0.5947271914290678,0.040537808476260206
missing_rungs_ladder,regressor_top5_raw,9,0.45514201709449487,0.555150854013589,0.6177874983152154,0.10000883691909412
missing_rungs_ladder,regressor_top5_softmax_t05,9,0.42315332627355245,0.49090515423851727,0.6084376909150498,0.06775182796496482
missing_rungs_ladder,regressor_top_dynamic_predictK_raw,9,0.4214804723559759,0.53301315350669,0.6218496855687949,0.11153268115071407
missing_rungs_ladder,regressor_top_dynamic_predictK_softmax_t05,9,0.4162592924374962,0.5069138632406153,0.5931761632730163,0.09065457080311906
mixed_blob_ellipse,knn_top10_raw,6,0.8245298515524025,0.8802945628979632,0.8827711934531153,0.0557647113455606
mixed_blob_ellipse,knn_top10_softmax_t05,6,0.8251949476250503,0.8809617607141532,0.8831542129430933,0.05576681308910292
mixed_blob_ellipse,knn_top1_raw,6,0.7742812942984912,0.8749958273197778,0.8852967408461182,0.10071453302128652
mixed_blob_ellipse,knn_top1_softmax_t05,6,0.7881116525281143,0.8883779231921203,0.8910521281196889,0.10026627066400595
mixed_blob_ellipse,knn_top3_raw,6,0.8147994459590325,0.8477668716021066,0.889836613687638,0.03296742564307409
mixed_blob_ellipse,knn_top3_softmax_t05,6,0.8401510034392884,0.8534102274071431,0.8874176338542239,0.013259223967854727
mixed_blob_ellipse,knn_top5_raw,6,0.7976578904656587,0.8874999829408449,0.8910861607450622,0.08984209247518615
mixed_blob_ellipse,knn_top5_softmax_t05,6,0.8117762607516061,0.8101404028430402,0.8683594628404013,-0.0016358579085659075
mixed_blob_ellipse,knn_top_dynamic_predictK_raw,6,0.8011940383753267,0.879507289947929,0.8812692993169583,0.07831325157260238
mixed_blob_ellipse,knn_top_dynamic_predictK_softmax_t05,6,0.8021199842023531,0.8884617775010065,0.8893170774395606,0.08634179329865344
mixed_blob_ellipse,regressor_top10_raw,6,0.83770001801075,0.8841533735060595,0.8879428752124907,0.04645335549530949
mixed_blob_ellipse,regressor_top10_softmax_t05,6,0.8386289764032564,0.8789021840827753,0.8831680416991331,0.04027320767951892
mixed_blob_ellipse,regressor_top1_raw,6,0.8224063021432545,0.8527703315049234,0.893623290133085,0.03036402936166893
mixed_blob_ellipse,regressor_top1_softmax_t05,6,0.7557440341095799,0.8839571839156561,0.8854438334653462,0.12821314980607623
mixed_blob_ellipse,regressor_top3_raw,6,0.855873598802916,0.8695016497542417,0.8929108290416669,0.013628050951325688
mixed_blob_ellipse,regressor_top3_softmax_t05,6,0.8480452236214266,0.858098355841992,0.8890746153795269,0.010053132220565364
mixed_blob_ellipse,regressor_top5_raw,6,0.8538955381972636,0.8679609711777054,0.8752086219896609,0.014065432980441828
mixed_blob_ellipse,regressor_top5_softmax_t05,6,0.8320421631615655,0.827517156044193,0.872232771002651,-0.004525007117372581
mixed_blob_ellipse,regressor_top_dynamic_predictK_raw,6,0.7855035877363997,0.8505065440353814,0.8787786549890962,0.06500295629898167
mixed_blob_ellipse,regressor_top_dynamic_predictK_softmax_t05,6,0.8024080769522874,0.8655241020191243,0.8867072935672619,0.06311602506683689
multi_hole_shapes,knn_top10_raw,15,0.769616919381578,0.8385460517356437,0.8450869558266063,0.06892913235406573
multi_hole_shapes,knn_top10_softmax_t05,15,0.8368779856011128,0.8360418631739284,0.8444535968932219,-0.0008361224271844492
multi_hole_shapes,knn_top1_raw,15,0.7179211313084416,0.8270945920087684,0.8483410877500883,0.10917346070032685
multi_hole_shapes,knn_top1_softmax_t05,15,0.6890247019964164,0.8222332652513837,0.8524341697893643,0.13320856325496733
multi_hole_shapes,knn_top3_raw,15,0.7960768139607927,0.8360728958499309,0.8454271173874865,0.03999608188913828
multi_hole_shapes,knn_top3_softmax_t05,15,0.7777024419378147,0.816120307764978,0.8421848263234383,0.03841786582716333
multi_hole_shapes,knn_top5_raw,15,0.8334104663166984,0.8354632277858229,0.8531552240294251,0.0020527614691245866
multi_hole_shapes,knn_top5_softmax_t05,15,0.8183649965939437,0.8369163233592781,0.8520368998344016,0.01855132676533444
multi_hole_shapes,knn_top_dynamic_predictK_raw,15,0.7607784187636432,0.8283457170565477,0.8517735697036443,0.06756729829290453
multi_hole_shapes,knn_top_dynamic_predictK_softmax_t05,15,0.8034581750028406,0.8133305311946024,0.8456063177477726,0.009872356191761855
multi_hole_shapes,regressor_top10_raw,15,0.8296903014204369,0.8437029354416955,0.8539354000821516,0.01401263402125863
multi_hole_shapes,regressor_top10_softmax_t05,15,0.7985166058680172,0.8247838745089885,0.8387870179189376,0.026267268640971286
multi_hole_shapes,regressor_top1_raw,15,0.715372710094827,0.833609175194342,0.8484407943687767,0.11823646509951502
multi_hole_shapes,regressor_top1_softmax_t05,15,0.7574602762100684,0.8306324365795399,0.8459639608094027,0.0731721603694715
multi_hole_shapes,regressor_top3_raw,15,0.7721556948618389,0.8132517333294429,0.8386385431659432,0.04109603846760401
multi_hole_shapes,regressor_top3_softmax_t05,15,0.7914850041403257,0.837273446019765,0.845204763588304,0.04578844187943931
multi_hole_shapes,regressor_top5_raw,15,0.8015755073087408,0.8171495244244286,0.8372223528475381,0.015574017115687733
multi_hole_shapes,regressor_top5_softmax_t05,15,0.8179343750609058,0.8393214696298856,0.8437673336384205,0.021387094568979803
multi_hole_shapes,regressor_top_dynamic_predictK_raw,15,0.7803684649824632,0.8460825533184549,0.8487279986617284,0.0657140883359918
multi_hole_shapes,regressor_top_dynamic_predictK_softmax_t05,15,0.7889684489239488,0.8360935752602089,0.8543437840509637,0.04712512633626009
multi_segment_polylines,knn_top10_raw,15,0.7049489529421403,0.749934455057344,0.7824398504245182,0.04498550211520369
multi_segment_polylines,knn_top10_softmax_t05,15,0.706776691534514,0.7471719201870953,0.7680689995381397,0.04039522865258138
multi_segment_polylines,knn_top1_raw,15,0.6210465332358303,0.7259082586022879,0.779195978883126,0.10486172536645766
multi_segment_polylines,knn_top1_softmax_t05,15,0.6691145887872237,0.7447996179778188,0.7702700250760655,0.07568502919059505
multi_segment_polylines,knn_top3_raw,15,0.6396028342628421,0.722298683283834,0.7693877699658962,0.08269584902099181
multi_segment_polylines,knn_top3_softmax_t05,15,0.6651614030896587,0.7277880210160643,0.7638655311622754,0.06262661792640567
multi_segment_polylines,knn_top5_raw,15,0.691836480755786,0.734108615526545,0.7597043681568767,0.042272134770759084
multi_segment_polylines,knn_top5_softmax_t05,15,0.67546943187499,0.7333341921100585,0.7788409820214903,0.05786476023506848
multi_segment_polylines,knn_top_dynamic_predictK_raw,15,0.6482826572522551,0.7238591850545926,0.7708822925871371,0.07557652780233748
multi_segment_polylines,knn_top_dynamic_predictK_softmax_t05,15,0.658746821130219,0.7223165661039951,0.7767366893661823,0.0635697449737761
multi_segment_polylines,regressor_top10_raw,15,0.6700907510106523,0.730891111723508,0.7663710175523822,0.06080036071285566
multi_segment_polylines,regressor_top10_softmax_t05,15,0.6949487010252741,0.7201430357414857,0.7600366229606659,0.025194334716211686
multi_segment_polylines,regressor_top1_raw,15,0.6427237331350857,0.7134752905070855,0.7849778521333266,0.07075155737199978
multi_segment_polylines,regressor_top1_softmax_t05,15,0.6281322147257828,0.7288583987228543,0.7611892414536326,0.10072618399707145
multi_segment_polylines,regressor_top3_raw,15,0.6919932128802946,0.7408715458130969,0.7739155973943568,0.048878332932802304
multi_segment_polylines,regressor_top3_softmax_t05,15,0.6969085335917566,0.728592484291688,0.7935701602082423,0.03168395069993135
multi_segment_polylines,regressor_top5_raw,15,0.6983946530853576,0.7546054435166477,0.7740330795318612,0.05621079043129007
multi_segment_polylines,regressor_top5_softmax_t05,15,0.7173135692262456,0.7304370587212952,0.7704127502087635,0.0131234894950496
multi_segment_polylines,regressor_top_dynamic_predictK_raw,15,0.6683630789721791,0.7220787449005607,0.7695378743805719,0.05371566592838162
multi_segment_polylines,regressor_top_dynamic_predictK_softmax_t05,15,0.6716664776721006,0.7090737424614709,0.7487959712196888,0.03740726478937029
nested_arcs,knn_top10_raw,14,0.7921171481957632,0.8310012250669082,0.8463775415082304,0.038884076871145035
nested_arcs,knn_top10_softmax_t05,14,0.801334420524024,0.8232455526243471,0.8400119404437808,0.021911132100323027
nested_arcs,knn_top1_raw,14,0.724168874266384,0.8212028581066068,0.8380901991043546,0.09703398384022277
nested_arcs,knn_top1_softmax_t05,14,0.7642011055678425,0.8033984772000017,0.8331279804454071,0.039197371632159195
nested_arcs,knn_top3_raw,14,0.7292801159722923,0.8102455446670621,0.8328802965310746,0.08096542869476986
nested_arcs,knn_top3_softmax_t05,14,0.7953080462579046,0.7998291185051192,0.8356842240362602,0.0045210722472145415
nested_arcs,knn_top5_raw,14,0.8131655058067517,0.8299850118692361,0.8454761009631957,0.01681950606248439
nested_arcs,knn_top5_softmax_t05,14,0.7818250312154854,0.8464762401143556,0.8490833555408528,0.06465120889887022
nested_arcs,knn_top_dynamic_predictK_raw,14,0.822396576803221,0.8311509122365589,0.843289758059225,0.008754335433337923
nested_arcs,knn_top_dynamic_predictK_softmax_t05,14,0.8001621538526261,0.8347720079991107,0.8454518325104482,0.03460985414648454
nested_arcs,regressor_top10_raw,14,0.7460810718570882,0.8398110964045692,0.8440452249395414,0.09373002454748103
nested_arcs,regressor_top10_softmax_t05,14,0.8052257385265851,0.8253738768185085,0.8409162989304849,0.020148138291923412
nested_arcs,regressor_top1_raw,14,0.6750471031281272,0.7779066533232318,0.8327427417163257,0.10285955019510462
nested_arcs,regressor_top1_softmax_t05,14,0.7182036352582589,0.765813293888156,0.8321994124832263,0.04760965862989708
nested_arcs,regressor_top3_raw,14,0.7642812750215056,0.819200809328139,0.8460356947181903,0.05491953430663343
nested_arcs,regressor_top3_softmax_t05,14,0.7783481180190542,0.8204801988782879,0.8339675206484226,0.0421320808592337
nested_arcs,regressor_top5_raw,14,0.7917338978610484,0.8254818215644769,0.8353752116213843,0.033747923703428495
nested_arcs,regressor_top5_softmax_t05,14,0.7808660101742365,0.8118496600552115,0.8311879379349298,0.030983649880975017
nested_arcs,regressor_top_dynamic_predictK_raw,14,0.7429822990115558,0.8098439412347007,0.8334915520496498,0.06686164222314495
nested_arcs,regressor_top_dynamic_predictK_softmax_t05,14,0.722060129188539,0.8107474031466468,0.8352724779279245,0.08868727395810783
nested_overlapping_arc_pairs,knn_top10_raw,12,0.2761466059752774,0.4339740646544301,0.46553610412959473,0.1578274586791527
nested_overlapping_arc_pairs,knn_top10_softmax_t05,12,0.26792156204974277,0.35915952205885643,0.4920073594239614,0.09123796000911366
nested_overlapping_arc_pairs,knn_top1_raw,12,0.2368103440206337,0.39312448053586896,0.4719278170036573,0.15631413651523526
nested_overlapping_arc_pairs,knn_top1_softmax_t05,12,0.2805662733374861,0.43143573224112947,0.46581444097071606,0.15086945890364334
nested_overlapping_arc_pairs,knn_top3_raw,12,0.2508172457112753,0.39811494760885796,0.47033800782282076,0.14729770189758268
nested_overlapping_arc_pairs,knn_top3_softmax_t05,12,0.29791920011541523,0.4165564232804502,0.4783532198847631,0.118637223165035
nested_overlapping_arc_pairs,knn_top5_raw,12,0.2974302721534633,0.41363663740654083,0.474036349132032,0.11620636525307754
nested_overlapping_arc_pairs,knn_top5_softmax_t05,12,0.3106414824735371,0.42535478161585827,0.4771622775958417,0.11471329914232115
nested_overlapping_arc_pairs,knn_top_dynamic_predictK_raw,12,0.28638657138533086,0.42060030119469993,0.46479097231939753,0.13421372980936908
nested_overlapping_arc_pairs,knn_top_dynamic_predictK_softmax_t05,12,0.33168319850198563,0.4413341937114827,0.47922135608680033,0.10965099520949706
nested_overlapping_arc_pairs,regressor_top10_raw,12,0.3735268620906325,0.4167372326549801,0.47436475883588075,0.04321037056434757
nested_overlapping_arc_pairs,regressor_top10_softmax_t05,12,0.3705981625115576,0.4258595154668882,0.4612353878805837,0.055261352955330634
nested_overlapping_arc_pairs,regressor_top1_raw,12,0.3884538605871673,0.43155506132460825,0.46132948397169576,0.04310120073744095
nested_overlapping_arc_pairs,regressor_top1_softmax_t05,12,0.37757265681405094,0.42117334173650134,0.46607791343387067,0.043600684922450395
nested_overlapping_arc_pairs,regressor_top3_raw,12,0.3806186393892394,0.4103192785578724,0.4853348343608232,0.029700639168633025
nested_overlapping_arc_pairs,regressor_top3_softmax_t05,12,0.3597291188753167,0.41934127948799627,0.47237082900159716,0.05961216061267954
nested_overlapping_arc_pairs,regressor_top5_raw,12,0.30752284239960764,0.42794233625917305,0.478612760018398,0.12041949385956541
nested_overlapping_arc_pairs,regressor_top5_softmax_t05,12,0.31221247185934214,0.4217014562493729,0.46635830375273774,0.10948898439003074
nested_overlapping_arc_pairs,regressor_top_dynamic_predictK_raw,12,0.41152433713392184,0.4327835348907611,0.4797123347698251,0.021259197756839265
nested_overlapping_arc_pairs,regressor_top_dynamic_predictK_softmax_t05,12,0.3659704781442885,0.4357054883644446,0.4627814675428546,0.0697350102201561
noisy_corner_junctions,knn_top10_raw,16,0.7447447464377897,0.842434697927752,0.8678320975975742,0.0976899514899624
noisy_corner_junctions,knn_top10_softmax_t05,16,0.7751627933305619,0.8360329873421803,0.8661919025531566,0.06087019401161842
noisy_corner_junctions,knn_top1_raw,16,0.7413059305738972,0.8126115925845491,0.8641598746271959,0.07130566201065192
noisy_corner_junctions,knn_top1_softmax_t05,16,0.7679309556409847,0.8234770971986267,0.8661114075295188,0.05554614155764204
noisy_corner_junctions,knn_top3_raw,16,0.7267122792027148,0.8443127771953133,0.866345759053422,0.11760049799259853
noisy_corner_junctions,knn_top3_softmax_t05,16,0.74040837133708,0.834738314982202,0.8611145090018282,0.09432994364512193
noisy_corner_junctions,knn_top5_raw,16,0.8161485121513696,0.8315903332803315,0.8645735557677239,0.015441821128961863
noisy_corner_junctions,knn_top5_softmax_t05,16,0.7218188452597961,0.8441907937134323,0.8698039872433804,0.12237194845363619
noisy_corner_junctions,knn_top_dynamic_predictK_raw,16,0.753580594014404,0.8442203072879164,0.8655480572754094,0.09063971327351239
noisy_corner_junctions,knn_top_dynamic_predictK_softmax_t05,16,0.79212796766191,0.8364331175689242,0.8665795746713428,0.044305149907014285
noisy_corner_junctions,regressor_top10_raw,16,0.8248615223631371,0.8216083194133771,0.8554968003948675,-0.003253202949760059
noisy_corner_junctions,regressor_top10_softmax_t05,16,0.7956590288968888,0.8189938464480432,0.8667504059796951,0.023334817551154408
noisy_corner_junctions,regressor_top1_raw,16,0.7983537987315362,0.8417647661269989,0.8614479851635939,0.043410967395462685
noisy_corner_junctions,regressor_top1_softmax_t05,16,0.7850332723400064,0.8321096044010979,0.8659475607148954,0.04707633206109152
noisy_corner_junctions,regressor_top3_raw,16,0.7658333144374203,0.8395982696653581,0.8650204763753605,0.0737649552279378
noisy_corner_junctions,regressor_top3_softmax_t05,16,0.74878612463362,0.838321712423422,0.8675372649578793,0.08953558778980197
noisy_corner_junctions,regressor_top5_raw,16,0.781238618454388,0.83530237558786,0.8683992692257018,0.054063757133472
noisy_corner_junctions,regressor_top5_softmax_t05,16,0.7942354253420015,0.8441336264520531,0.866477719196186,0.04989820111005161
noisy_corner_junctions,regressor_top_dynamic_predictK_raw,16,0.7814433257587496,0.8097441121534097,0.8672933713586168,0.02830078639466005
noisy_corner_junctions,regressor_top_dynamic_predictK_softmax_t05,16,0.7897091419990616,0.8370522934270119,0.8555376204337106,0.047343151427950314
noisy_curved_ribbons,knn_top10_raw,12,0.30854712515699145,0.32352646312463995,0.3850076395314502,0.014979337967648498
noisy_curved_ribbons,knn_top10_softmax_t05,12,0.3084504206891146,0.35040738314155667,0.3869130582651646,0.04195696245244207
noisy_curved_ribbons,knn_top1_raw,12,0.2903054948628843,0.3248301141206575,0.39032729320274323,0.03452461925777317
noisy_curved_ribbons,knn_top1_softmax_t05,12,0.27819037608912595,0.3474490089019843,0.39119419281345974,0.06925863281285838
noisy_curved_ribbons,knn_top3_raw,12,0.2876738928597984,0.3434827575341474,0.3850762755941745,0.055808864674349035
noisy_curved_ribbons,knn_top3_softmax_t05,12,0.2712133856185846,0.3561285195809321,0.3972381360051706,0.08491513396234751
noisy_curved_ribbons,knn_top5_raw,12,0.27536350122542746,0.3385466990984691,0.4012871449827806,0.06318319787304161
noisy_curved_ribbons,knn_top5_softmax_t05,12,0.2826585063259642,0.33409265323193554,0.399888427298475,0.05143414690597137
noisy_curved_ribbons,knn_top_dynamic_predictK_raw,12,0.28155095144902353,0.3442423546704827,0.3937917054427835,0.06269140322145916
noisy_curved_ribbons,knn_top_dynamic_predictK_softmax_t05,12,0.2612566094635435,0.34081878749194433,0.4031368708631449,0.07956217802840082
noisy_curved_ribbons,regressor_top10_raw,12,0.2982517890508521,0.3356499996522884,0.3806010114419039,0.03739821060143633
noisy_curved_ribbons,regressor_top10_softmax_t05,12,0.29136897826746433,0.35139589045670494,0.3799389295395293,0.06002691218924061
noisy_curved_ribbons,regressor_top1_raw,12,0.28347575231733996,0.34810767419591576,0.38794479851792757,0.0646319218785758
noisy_curved_ribbons,regressor_top1_softmax_t05,12,0.2855630613012491,0.34550975114974575,0.4028509096476367,0.05994668984849666
noisy_curved_ribbons,regressor_top3_raw,12,0.2696460603001826,0.35584415208017167,0.392485496425508,0.08619809177998905
noisy_curved_ribbons,regressor_top3_softmax_t05,12,0.30569219735128783,0.3628280959411594,0.38497844003167453,0.05713589858987156
noisy_curved_ribbons,regressor_top5_raw,12,0.2742569458808437,0.37611861876344216,0.4039509277801004,0.10186167288259845
noisy_curved_ribbons,regressor_top5_softmax_t05,12,0.2635019924104534,0.35044440592914,0.398437296337415,0.08694241351868659
noisy_curved_ribbons,regressor_top_dynamic_predictK_raw,12,0.3002071292523804,0.35466737975185497,0.3884063923629111,0.05446025049947456
noisy_curved_ribbons,regressor_top_dynamic_predictK_softmax_t05,12,0.3067119865445798,0.3237923592801599,0.3797123080292037,0.017080372735580107
noisy_interleaved_bands,knn_top10_raw,15,0.28291052828682245,0.36085758300623455,0.4021049965529786,0.0779470547194121
noisy_interleaved_bands,knn_top10_softmax_t05,15,0.2800263738625178,0.38227853716700355,0.4043987996558369,0.10225216330448578
noisy_interleaved_bands,knn_top1_raw,15,0.3427649831208569,0.37200181317261183,0.40037274615974905,0.029236830051754925
noisy_interleaved_bands,knn_top1_softmax_t05,15,0.3392861886399264,0.3680112725723233,0.40505278526181226,0.028725083932396922
noisy_interleaved_bands,knn_top3_raw,15,0.34728473686440975,0.37570956529744026,0.4043990830301852,0.028424828433030513
noisy_interleaved_bands,knn_top3_softmax_t05,15,0.3455975962143006,0.379019621975777,0.39712124665350174,0.033422025761476404
noisy_interleaved_bands,knn_top5_raw,15,0.3228045117360995,0.36234997452626805,0.40441111255534073,0.03954546279016857
noisy_interleaved_bands,knn_top5_softmax_t05,15,0.3498741989978614,0.370492875393389,0.40264228047230965,0.020618676395527613
noisy_interleaved_bands,knn_top_dynamic_predictK_raw,15,0.3509194916775194,0.3691312007680986,0.4007698686972442,0.018211709090579176
noisy_interleaved_bands,knn_top_dynamic_predictK_softmax_t05,15,0.3476154926873885,0.3670451762132128,0.4073674171031432,0.019429683525824304
noisy_interleaved_bands,regressor_top10_raw,15,0.347423932121403,0.37020623959130167,0.39003396017230674,0.022782307469898677
noisy_interleaved_bands,regressor_top10_softmax_t05,15,0.36117742398215713,0.3636809346673438,0.4007561411975188,0.0025035106851866717
noisy_interleaved_bands,regressor_top1_raw,15,0.3470229469614429,0.36300647876706976,0.4038695723666018,0.01598353180562684
noisy_interleaved_bands,regressor_top1_softmax_t05,15,0.34841527538679407,0.37357930870067996,0.401946949314905,0.025164033313885892
noisy_interleaved_bands,regressor_top3_raw,15,0.3610684232150694,0.3549133098661899,0.4048099277872029,-0.006155113348879471
noisy_interleaved_bands,regressor_top3_softmax_t05,15,0.3578992238698647,0.36148070177461944,0.4054403125645583,0.003581477904754715
noisy_interleaved_bands,regressor_top5_raw,15,0.36725761539105933,0.3696480215288536,0.4081448008342093,0.0023904061377942876
noisy_interleaved_bands,regressor_top5_softmax_t05,15,0.3563329571150479,0.36901135198557067,0.40490895146506306,0.012678394870522747
noisy_interleaved_bands,regressor_top_dynamic_predictK_raw,15,0.3556803844201675,0.35670164475682775,0.3970227728865424,0.001021260336660279
noisy_interleaved_bands,regressor_top_dynamic_predictK_softmax_t05,15,0.3376169948163008,0.3757511055787199,0.4077702472143379,0.03813411076241907
noisy_meanders,knn_top10_raw,9,0.4708063183881887,0.4909519213632189,0.5531623042609933,0.020145602975030208
noisy_meanders,knn_top10_softmax_t05,9,0.47716322191896726,0.49076794282000386,0.5439522502396288,0.013604720901036593
noisy_meanders,knn_top1_raw,9,0.4702297436235077,0.5051908279341267,0.5362374496989687,0.034961084310619006
noisy_meanders,knn_top1_softmax_t05,9,0.4541197579323104,0.5042478784122496,0.5508506216294118,0.0501281204799392
noisy_meanders,knn_top3_raw,9,0.47697544795456337,0.49886167029209805,0.5426657859139107,0.021886222337534678
noisy_meanders,knn_top3_softmax_t05,9,0.47676425610010426,0.5056675475666621,0.5390608400637134,0.028903291466557846
noisy_meanders,knn_top5_raw,9,0.4937261605021712,0.5151231646605531,0.5407128037281519,0.02139700415838186
noisy_meanders,knn_top5_softmax_t05,9,0.467492121604123,0.5234845943409402,0.5441879693623793,0.05599247273681718
noisy_meanders,knn_top_dynamic_predictK_raw,9,0.4805582888696083,0.5090631098820293,0.5379422538491831,0.028504821012421022
noisy_meanders,knn_top_dynamic_predictK_softmax_t05,9,0.4699859381327769,0.5275267820085802,0.5499975343018991,0.05754084387580327
noisy_meanders,regressor_top10_raw,9,0.4895319106068457,0.5228557207994983,0.5384260003895337,0.03332381019265257
noisy_meanders,regressor_top10_softmax_t05,9,0.49445669751427146,0.4901433572710311,0.540213320027688,-0.004313340243240371
noisy_meanders,regressor_top1_raw,9,0.490085845369875,0.5312394367550246,0.5437579141999669,0.041153591385149624
noisy_meanders,regressor_top1_softmax_t05,9,0.4789042029712718,0.5280777480994151,0.5398206303092662,0.049173545128143314
noisy_meanders,regressor_top3_raw,9,0.4651911097305944,0.5020797286908589,0.5401805566897547,0.03688861896026452
noisy_meanders,regressor_top3_softmax_t05,9,0.4888623121776031,0.5085208364993146,0.5522918555440938,0.019658524321711446
noisy_meanders,regressor_top5_raw,9,0.49550769001569717,0.5244485712623346,0.5398657909673923,0.028940881246637407
noisy_meanders,regressor_top5_softmax_t05,9,0.4777995287501434,0.5214745375522047,0.541391953947277,0.04367500880206132
noisy_meanders,regressor_top_dynamic_predictK_raw,9,0.5232830740564303,0.5326937503523949,0.5497757209278,0.009410676295964593
noisy_meanders,regressor_top_dynamic_predictK_softmax_t05,9,0.49063035592152854,0.5206892312733351,0.5498003153051312,0.03005887535180657
noisy_overlapping_arcs,knn_top10_raw,20,0.6674832386492927,0.7862278794774242,0.8250458144516728,0.11874464082813152
noisy_overlapping_arcs,knn_top10_softmax_t05,20,0.7145510638959023,0.793384100935833,0.820800315995462,0.07883303703993072
noisy_overlapping_arcs,knn_top1_raw,20,0.7012229294819913,0.7914185915487574,0.8133543984678353,0.0901956620667661
noisy_overlapping_arcs,knn_top1_softmax_t05,20,0.7444657125462274,0.7994335349781354,0.8201398168791119,0.05496782243190801
noisy_overlapping_arcs,knn_top3_raw,20,0.7082875498097103,0.79673179540738,0.8191192689422057,0.08844424559766972
noisy_overlapping_arcs,knn_top3_softmax_t05,20,0.7585760435705982,0.8077056208111711,0.820791987302347,0.049129577240572986
noisy_overlapping_arcs,knn_top5_raw,20,0.7529413895965837,0.797395394979732,0.8224559009146372,0.044454005383148254
noisy_overlapping_arcs,knn_top5_softmax_t05,20,0.7434735247743907,0.7981758085011568,0.8211135451754032,0.05470228372676611
noisy_overlapping_arcs,knn_top_dynamic_predictK_raw,20,0.7251020234827303,0.7953427821088734,0.8186434911911367,0.0702407586261431
noisy_overlapping_arcs,knn_top_dynamic_predictK_softmax_t05,20,0.7532353777024399,0.7938323757361225,0.8219520850033624,0.04059699803368266
noisy_overlapping_arcs,regressor_top10_raw,20,0.7621782777231499,0.7929827169574171,0.8164602529082201,0.030804439234267122
noisy_overlapping_arcs,regressor_top10_softmax_t05,20,0.7696511099502669,0.7923698237840282,0.8142901060987,0.02271871383376134
noisy_overlapping_arcs,regressor_top1_raw,20,0.7551172295823387,0.7917804159139039,0.8175111536949815,0.03666318633156518
noisy_overlapping_arcs,regressor_top1_softmax_t05,20,0.7892620457946415,0.774964623455383,0.818500177244667,-0.01429742233925857
noisy_overlapping_arcs,regressor_top3_raw,20,0.767017465143762,0.7961932671396018,0.8236250476884228,0.0291758019958398
noisy_overlapping_arcs,regressor_top3_softmax_t05,20,0.7662753713361095,0.7943929272605275,0.8223845718222916,0.028117555924418003
noisy_overlapping_arcs,regressor_top5_raw,20,0.7618116686767294,0.8042511758169748,0.8171351142168216,0.04243950714024536
noisy_overlapping_arcs,regressor_top5_softmax_t05,20,0.7705137162198736,0.7942643054614789,0.820603331547994,0.023750589241605224
noisy_overlapping_arcs,regressor_top_dynamic_predictK_raw,20,0.7553779938846891,0.8032501267105727,0.8113400247429482,0.04787213282588365
noisy_overlapping_arcs,regressor_top_dynamic_predictK_softmax_t05,20,0.7672652773147004,0.8144091483902516,0.825776392503478,0.04714387107555118
noisy_polygons,knn_top10_raw,10,0.7342592145918176,0.8019122806923971,0.8149927030369228,0.06765306610057942
noisy_polygons,knn_top10_softmax_t05,10,0.761903034942847,0.8032527039229492,0.8192455291258399,0.04134966898010228
noisy_polygons,knn_top1_raw,10,0.743362028945264,0.7979505618707828,0.8219089491423347,0.054588532925518796
noisy_polygons,knn_top1_softmax_t05,10,0.6726170608863596,0.8073314064003215,0.8210237086370441,0.1347143455139619
noisy_polygons,knn_top3_raw,10,0.7502595740108632,0.7975543170902147,0.8176665913987152,0.04729474307935155
noisy_polygons,knn_top3_softmax_t05,10,0.7498806810805789,0.8015518085464723,0.8247044207478501,0.05167112746589342
noisy_polygons,knn_top5_raw,10,0.8003171869628615,0.8028089346187024,0.8195672478297983,0.0024917476558409257
noisy_polygons,knn_top5_softmax_t05,10,0.8067449963992047,0.8069022142952642,0.820253053632146,0.00015721789605949166
noisy_polygons,knn_top_dynamic_predictK_raw,10,0.8001289185887375,0.7981149890869809,0.8159472367984606,-0.002013929501756606
noisy_polygons,knn_top_dynamic_predictK_softmax_t05,10,0.7619577340257412,0.7977397136052888,0.811932725706997,0.03578197957954765
noisy_polygons,regressor_top10_raw,10,0.7585978960604884,0.8125570905583578,0.82292163855636,0.053959194497869345
noisy_polygons,regressor_top10_softmax_t05,10,0.8051149296603626,0.8035702386502159,0.8140724669087099,-0.0015446910101466482
noisy_polygons,regressor_top1_raw,10,0.7151314645291349,0.8096566227835043,0.8198184188824955,0.09452515825436936
noisy_polygons,regressor_top1_softmax_t05,10,0.8026108708754724,0.789732936566366,0.8209000681447571,-0.012877934309106442
noisy_polygons,regressor_top3_raw,10,0.767910757508572,0.8047151873249259,0.8210372608026419,0.0368044298163539
noisy_polygons,regressor_top3_softmax_t05,10,0.7514081021504955,0.8070120235070917,0.8222131387030711,0.0556039213565962
noisy_polygons,regressor_top5_raw,10,0.7814331351137829,0.7956236212865311,0.8162099681943289,0.014190486172748207
noisy_polygons,regressor_top5_softmax_t05,10,0.8020139685698917,0.8033336618305353,0.8219450816879845,0.0013196932606436285
noisy_polygons,regressor_top_dynamic_predictK_raw,10,0.802818654460879,0.7970810922100281,0.8259002173854842,-0.0057375622508508695
noisy_polygons,regressor_top_dynamic_predictK_softmax_t05,10,0.8024760444152298,0.805997515703079,0.8151602849087833,0.003521471287849187
open_frames,knn_top10_raw,8,0.6330324605765529,0.7181967804003636,0.7391887800074257,0.08516431982381067
open_frames,knn_top10_softmax_t05,8,0.6888907134081997,0.7069915011363582,0.7416374948815692,0.018100787728158485
open_frames,knn_top1_raw,8,0.6335831181411691,0.7158072217590455,0.7411411098650831,0.08222410361787647
open_frames,knn_top1_softmax_t05,8,0.6210990065719196,0.6968028500796658,0.733022783028485,0.07570384350774617
open_frames,knn_top3_raw,8,0.7014942858138001,0.7290945132276898,0.7463097155336523,0.027600227413889677
open_frames,knn_top3_softmax_t05,8,0.7379146906137424,0.7298770208105443,0.7451865824281302,-0.008037669803198089
open_frames,knn_top5_raw,8,0.6712114282034242,0.7302661314453173,0.7500554030322412,0.0590547032418931
open_frames,knn_top5_softmax_t05,8,0.6778208195543524,0.7387500187236895,0.7468825052836394,0.060929199169337145
open_frames,knn_top_dynamic_predictK_raw,8,0.7048397237817823,0.7131184108502553,0.73296838824208,0.008278687068473012
open_frames,knn_top_dynamic_predictK_softmax_t05,8,0.6701197519764961,0.7213682136226967,0.7386810747421217,0.05124846164620056
open_frames,regressor_top10_raw,8,0.7035941093642553,0.6963831975136827,0.7339883612616864,-0.007210911850572543
open_frames,regressor_top10_softmax_t05,8,0.7088769799894843,0.7140613079955288,0.7487792450407024,0.005184328006044514
open_frames,regressor_top1_raw,8,0.6953376169945731,0.7302828474719782,0.744320026411746,0.034945230477405165
open_frames,regressor_top1_softmax_t05,8,0.641957664155186,0.7254432831012292,0.7433899527693244,0.08348561894604323
open_frames,regressor_top3_raw,8,0.7004906732526859,0.7338098349313554,0.7466701126548781,0.03331916167866955
open_frames,regressor_top3_softmax_t05,8,0.7423162417672143,0.7415148588241312,0.7465845203954463,-0.0008013829430831843
open_frames,regressor_top5_raw,8,0.6870545035963396,0.7331305510133268,0.7447506969034206,0.04607604741698723
open_frames,regressor_top5_softmax_t05,8,0.721771944762326,0.7252123589788535,0.7445065139876191,0.003440414216527521
open_frames,regressor_top_dynamic_predictK_raw,8,0.7240746881471689,0.7370345249782231,0.7441930772907441,0.012959836831054172
open_frames,regressor_top_dynamic_predictK_softmax_t05,8,0.7134028536393643,0.7338498799151126,0.7376446322798503,0.020447026275748348
opposite_direction_parabolas,knn_top10_raw,11,0.4067965769219226,0.4277820560270457,0.48814003535086015,0.020985479105123106
opposite_direction_parabolas,knn_top10_softmax_t05,11,0.3936433412673482,0.440862840475067,0.4725394282194687,0.04721949920771884
opposite_direction_parabolas,knn_top1_raw,11,0.3823208844604277,0.4234145922742634,0.4832883024961587,0.0410937078138357
opposite_direction_parabolas,knn_top1_softmax_t05,11,0.36486968495516087,0.41992360453077193,0.4810170406602241,0.055053919575611066
opposite_direction_parabolas,knn_top3_raw,11,0.4296961107202229,0.43762640501044353,0.46600226181549265,0.00793029429022063
opposite_direction_parabolas,knn_top3_softmax_t05,11,0.4029102933867824,0.42887635073380254,0.477549342337456,0.02596605734702012
opposite_direction_parabolas,knn_top5_raw,11,0.417107233021927,0.4085936880245491,0.4806058210654454,-0.008513544997377887
opposite_direction_parabolas,knn_top5_softmax_t05,11,0.4116509453751615,0.4191490444451275,0.46700933915222637,0.007498099069966013
opposite_direction_parabolas,knn_top_dynamic_predictK_raw,11,0.42853364314295933,0.43291078339884764,0.49577181819175203,0.004377140255888312
opposite_direction_parabolas,knn_top_dynamic_predictK_softmax_t05,11,0.41267685542538163,0.41841578189375794,0.4747443554992205,0.005738926468376315
opposite_direction_parabolas,regressor_top10_raw,11,0.3824698226631018,0.4214865855267472,0.4685693177134571,0.039016762863645416
opposite_direction_parabolas,regressor_top10_softmax_t05,11,0.4108228014268032,0.42705786489818576,0.4928954410265518,0.016235063471382538
opposite_direction_parabolas,regressor_top1_raw,11,0.38185197864656534,0.41442713162165695,0.49359945690866913,0.032575152975091615
opposite_direction_parabolas,regressor_top1_softmax_t05,11,0.4140467701461537,0.44987559219859463,0.4859563696807076,0.03582882205244092
opposite_direction_parabolas,regressor_top3_raw,11,0.3894490150398886,0.4437211016440474,0.4898296466306686,0.054272086604158776
opposite_direction_parabolas,regressor_top3_softmax_t05,11,0.3963081292222154,0.45041598175432296,0.4576052121491262,0.05410785253210754
opposite_direction_parabolas,regressor_top5_raw,11,0.39817449932119703,0.4033373185619596,0.46976376382580215,0.005162819240762562
opposite_direction_parabolas,regressor_top5_softmax_t05,11,0.39464846140981946,0.4431768686613873,0.4892153378788638,0.04852840725156782
opposite_direction_parabolas,regressor_top_dynamic_predictK_raw,11,0.40172412360321447,0.4335064011504123,0.48469340955553286,0.03178227754719781
opposite_direction_parabolas,regressor_top_dynamic_predictK_softmax_t05,11,0.40894007359244483,0.449423141878319,0.490760437683928,0.04048306828587417
oriented_texture,knn_top10_raw,12,0.709818465221542,0.788550323355636,0.8316288359607711,0.078731858134094
oriented_texture,knn_top10_softmax_t05,12,0.6788879640740543,0.7860061081070021,0.8181502847628169,0.10711814403294784
oriented_texture,knn_top1_raw,12,0.7331122113395282,0.7633786609601736,0.8243114043047789,0.030266449620645397
oriented_texture,knn_top1_softmax_t05,12,0.7027252041999666,0.7730023276097425,0.8287032108241852,0.07027712340977588
oriented_texture,knn_top3_raw,12,0.667696424090675,0.7808227248761468,0.8161442488591458,0.11312630078547181
oriented_texture,knn_top3_softmax_t05,12,0.6995262065348578,0.7706441972564103,0.826479678730213,0.07111799072155256
oriented_texture,knn_top5_raw,12,0.6900459164438534,0.7679674294554532,0.8251549434185401,0.07792151301159977
oriented_texture,knn_top5_softmax_t05,12,0.7033892073954092,0.7915364878178374,0.8228121895925143,0.08814728042242814
oriented_texture,knn_top_dynamic_predictK_raw,12,0.7219542700761306,0.7814429136701425,0.8181838525840058,0.05948864359401196
oriented_texture,knn_top_dynamic_predictK_softmax_t05,12,0.681500238346246,0.7847556898346183,0.8110247536079686,0.10325545148837234
oriented_texture,regressor_top10_raw,12,0.696977906280719,0.7672363203700105,0.8211022468029568,0.07025841408929157
oriented_texture,regressor_top10_softmax_t05,12,0.6977702202448889,0.7544896959183657,0.8278891285964846,0.056719475673476794
oriented_texture,regressor_top1_raw,12,0.6490294748642125,0.7644562919769888,0.8294120624159396,0.11542681711277636
oriented_texture,regressor_top1_softmax_t05,12,0.7087249961379724,0.751931921193623,0.8256388994306026,0.0432069250556506
oriented_texture,regressor_top3_raw,12,0.725839030667745,0.7482654815152013,0.8226222268374319,0.022426450847456314
oriented_texture,regressor_top3_softmax_t05,12,0.7191191743441702,0.7812449101481965,0.8273300203447405,0.06212573580402636
oriented_texture,regressor_top5_raw,12,0.7373589762732857,0.7824547406754986,0.8284481651913512,0.04509576440221286
oriented_texture,regressor_top5_softmax_t05,12,0.7392318488211344,0.7906239252087626,0.8273960803087846,0.051392076387628216
oriented_texture,regressor_top_dynamic_predictK_raw,12,0.7319387495998629,0.7714963754893348,0.8164480385186571,0.03955762588947187
oriented_texture,regressor_top_dynamic_predictK_softmax_t05,12,0.7435486570117821,0.7744850931144155,0.829076291932698,0.030936436102633413
outliers_and_noise_blobs,knn_top10_raw,8,0.6839698548010685,0.6988607470753234,0.7444999146575622,0.014890892274254885
outliers_and_noise_blobs,knn_top10_softmax_t05,8,0.6862059123248772,0.7129294220484544,0.7578514567950508,0.026723509723577288
outliers_and_noise_blobs,knn_top1_raw,8,0.6223187898312628,0.6762650377656085,0.753455146560392,0.05394624793434577
outliers_and_noise_blobs,knn_top1_softmax_t05,8,0.6084832871834013,0.6259715990079229,0.7524172787583586,0.017488311824521596
outliers_and_noise_blobs,knn_top3_raw,8,0.6343367126683634,0.7163068656549452,0.7591987193438618,0.08197015298658172
outliers_and_noise_blobs,knn_top3_softmax_t05,8,0.6381885660827212,0.7170788488819071,0.760358149166707,0.07889028279918586
outliers_and_noise_blobs,knn_top5_raw,8,0.6880194302228824,0.715190155280801,0.750572364793062,0.02717072505791862
outliers_and_noise_blobs,knn_top5_softmax_t05,8,0.6877949602724213,0.7222971161093695,0.7579414452398588,0.03450215583694827
outliers_and_noise_blobs,knn_top_dynamic_predictK_raw,8,0.676076614028577,0.7184622779396936,0.7535204344943038,0.042385663911116644
outliers_and_noise_blobs,knn_top_dynamic_predictK_softmax_t05,8,0.6782942564580213,0.7168583289619794,0.7546633239653536,0.0385640725039581
outliers_and_noise_blobs,regressor_top10_raw,8,0.7048518833183706,0.6899961541159988,0.7564916570311949,-0.01485572920237177
outliers_and_noise_blobs,regressor_top10_softmax_t05,8,0.6893054724827874,0.7252346593529603,0.7582633685424032,0.03592918687017288
outliers_and_noise_blobs,regressor_top1_raw,8,0.6327211713609614,0.6910938498138463,0.7485073649285685,0.05837267845288485
outliers_and_noise_blobs,regressor_top1_softmax_t05,8,0.5425948548602806,0.7092826021774087,0.750854095371883,0.1666877473171281
outliers_and_noise_blobs,regressor_top3_raw,8,0.6391135778232557,0.7138632970682107,0.7585427783833164,0.07474971924495499
outliers_and_noise_blobs,regressor_top3_softmax_t05,8,0.6815901756914946,0.6946348275707173,0.7452295448643015,0.013044651879222657
outliers_and_noise_blobs,regressor_top5_raw,8,0.6935226502129109,0.7174165822584395,0.7573184170573902,0.023893932045528588
outliers_and_noise_blobs,regressor_top5_softmax_t05,8,0.6961586286543958,0.7069064406669439,0.7563620322419246,0.010747812012548041
outliers_and_noise_blobs,regressor_top_dynamic_predictK_raw,8,0.643630640860601,0.6897513520296559,0.7623137763731995,0.04612071116905492
outliers_and_noise_blobs,regressor_top_dynamic_predictK_softmax_t05,8,0.633408899090711,0.6892941836943897,0.7584871492897293,0.0558852846036787
overlapping_blobs,knn_top10_raw,9,0.6063755183549334,0.6844284443890497,0.7308713305596812,0.07805292603411629
overlapping_blobs,knn_top10_softmax_t05,9,0.6228618647957711,0.684283178122706,0.7322333797075132,0.0614213133269349
overlapping_blobs,knn_top1_raw,9,0.6047017720750305,0.6529073234323519,0.7289983779268392,0.04820555135732141
overlapping_blobs,knn_top1_softmax_t05,9,0.641186801555538,0.6778388921536987,0.7335351093980728,0.03665209059816077
overlapping_blobs,knn_top3_raw,9,0.609976083966951,0.6966880507836277,0.7323677328404111,0.0867119668166767
overlapping_blobs,knn_top3_softmax_t05,9,0.6307219521073509,0.6897125784159337,0.7285788289329592,0.05899062630858276
overlapping_blobs,knn_top5_raw,9,0.6468046594610225,0.6780296434520464,0.7220345729548437,0.031224983991023914
overlapping_blobs,knn_top5_softmax_t05,9,0.6103485905524567,0.6767112234841254,0.7238093161478113,0.06636263293166866
overlapping_blobs,knn_top_dynamic_predictK_raw,9,0.6089413002470763,0.6367658040177309,0.7280170372850695,0.027824503770654596
overlapping_blobs,knn_top_dynamic_predictK_softmax_t05,9,0.6370034534794121,0.6629939980659411,0.7249008682093695,0.02599054458652894
overlapping_blobs,regressor_top10_raw,9,0.652586204006908,0.6879367305434013,0.7349437963999317,0.03535052653649329
overlapping_blobs,regressor_top10_softmax_t05,9,0.6479750032490724,0.6859616839407274,0.7279961529040933,0.037986680691655006
overlapping_blobs,regressor_top1_raw,9,0.5635520310228536,0.6341982534908077,0.7210663582164425,0.07064622246795416
overlapping_blobs,regressor_top1_softmax_t05,9,0.53226401532468,0.6664406084828308,0.7231692435537269,0.13417659315815078
overlapping_blobs,regressor_top3_raw,9,0.629833007035395,0.6799500112532474,0.7291774015011272,0.05011700421785237
overlapping_blobs,regressor_top3_softmax_t05,9,0.675311298273904,0.6772605543837801,0.7344920842781691,0.001949256109876063
overlapping_blobs,regressor_top5_raw,9,0.689243565900528,0.6912285385803238,0.7226584487980858,0.0019849726797958045
overlapping_blobs,regressor_top5_softmax_t05,9,0.6970543020076343,0.6912868566193331,0.7307923093320773,-0.005767445388301207
overlapping_blobs,regressor_top_dynamic_predictK_raw,9,0.6601640402056194,0.6334291856809809,0.7219787131555633,-0.02673485452463842
overlapping_blobs,regressor_top_dynamic_predictK_softmax_t05,9,0.6835719678525182,0.6274780196381544,0.7279738353244137,-0.056093948214363754
overlapping_polygons,knn_top10_raw,10,0.7019793671118713,0.7574079080453462,0.7611035850206405,0.055428540933474935
overlapping_polygons,knn_top10_softmax_t05,10,0.7147701916380518,0.7656876473595668,0.7672158211951998,0.05091745572151507
overlapping_polygons,knn_top1_raw,10,0.689034498332318,0.7424550597737991,0.7611959169112524,0.05342056144148111
overlapping_polygons,knn_top1_softmax_t05,10,0.699903343490595,0.7336382661743516,0.7664342944622949,0.03373492268375655
overlapping_polygons,knn_top3_raw,10,0.6708578558338526,0.7485118518424356,0.7605273016181433,0.07765399600858303
overlapping_polygons,knn_top3_softmax_t05,10,0.730490282395087,0.7476926202698152,0.7676057104355625,0.017202337874728246
overlapping_polygons,knn_top5_raw,10,0.7414769532691563,0.7493462081278734,0.7605488884882973,0.007869254858717145
overlapping_polygons,knn_top5_softmax_t05,10,0.7101094877542151,0.728665488682701,0.7635529712195154,0.01855600092848586
overlapping_polygons,knn_top_dynamic_predictK_raw,10,0.742609144952004,0.7566411928697065,0.7666713883907144,0.014032047917702517
overlapping_polygons,knn_top_dynamic_predictK_softmax_t05,10,0.6965457333253221,0.7586618473565965,0.7664607500597113,0.06211611403127437
overlapping_polygons,regressor_top10_raw,10,0.6972259111011676,0.7590411757022659,0.7647068172935274,0.06181526460109832
overlapping_polygons,regressor_top10_softmax_t05,10,0.7157848671577194,0.7211296394674311,0.7600658490544516,0.005344772309711754
overlapping_polygons,regressor_top1_raw,10,0.6692760009869821,0.7109752381296823,0.7399537522745211,0.041699237142700185
overlapping_polygons,regressor_top1_softmax_t05,10,0.6154631857124045,0.7441372907610877,0.7639718634024393,0.12867410504868315
overlapping_polygons,regressor_top3_raw,10,0.6583405893867721,0.7385907423145466,0.7558873699808654,0.08025015292777449
overlapping_polygons,regressor_top3_softmax_t05,10,0.7009312197299784,0.7566616974098276,0.7655229070706524,0.05573047767984918
overlapping_polygons,regressor_top5_raw,10,0.6787562911496373,0.7452849566073116,0.7627179573803421,0.06652866545767433
overlapping_polygons,regressor_top5_softmax_t05,10,0.6787288210641255,0.7493953962574222,0.7680695707131392,0.07066657519329678
overlapping_polygons,regressor_top_dynamic_predictK_raw,10,0.7393416700406329,0.7482115061173806,0.76761676853264,0.008869836076747739
overlapping_polygons,regressor_top_dynamic_predictK_softmax_t05,10,0.6795515751093641,0.7337213078963094,0.7663501951869217,0.05416973278694526
partial_circles,knn_top10_raw,14,0.7197430807842773,0.8494210542255798,0.8768123706810718,0.1296779734413025
partial_circles,knn_top10_softmax_t05,14,0.8003214509118205,0.8350581496464143,0.8704700634804586,0.03473669873459384
partial_circles,knn_top1_raw,14,0.7288594470453875,0.8119016288530122,0.870603546987304,0.08304218180762468
partial_circles,knn_top1_softmax_t05,14,0.7378419934435231,0.8165620997811469,0.8700739825903119,0.07872010633762383
partial_circles,knn_top3_raw,14,0.7731614387252316,0.8180070534021964,0.8763243945860772,0.044845614676964796
partial_circles,knn_top3_softmax_t05,14,0.7866580323901913,0.8306731888471249,0.8608641049608367,0.04401515645693366
partial_circles,knn_top5_raw,14,0.7778335250254302,0.8433669472816188,0.8664043344208856,0.06553342225618852
partial_circles,knn_top5_softmax_t05,14,0.7929114912381597,0.8385836558572132,0.8682333193660222,0.045672164619053435
partial_circles,knn_top_dynamic_predictK_raw,14,0.8112686789686815,0.8235282499723787,0.8786456475992653,0.012259571003697234
partial_circles,knn_top_dynamic_predictK_softmax_t05,14,0.7951847342324255,0.8183655916279593,0.8688116327738585,0.02318085739553377
partial_circles,regressor_top10_raw,14,0.7652318019513932,0.8555789962960413,0.8787846459625991,0.09034719434464811
partial_circles,regressor_top10_softmax_t05,14,0.7865449622950875,0.8360008325628577,0.8723405388850891,0.04945587026777021
partial_circles,regressor_top1_raw,14,0.7878074425994166,0.8394973866344808,0.8714750797190762,0.05168994403506422
partial_circles,regressor_top1_softmax_t05,14,0.7946016347901621,0.8107157832988406,0.8742309570833775,0.01611414850867854
partial_circles,regressor_top3_raw,14,0.811502926959985,0.8291389966816521,0.865002132103757,0.01763606972166709
partial_circles,regressor_top3_softmax_t05,14,0.8135987279577653,0.8287833585342629,0.8634676196480134,0.015184630576497549
partial_circles,regressor_top5_raw,14,0.819549740072928,0.8332311370367034,0.8772783691846057,0.01368139696377535
partial_circles,regressor_top5_softmax_t05,14,0.818017546289167,0.837293953853313,0.8786262841510617,0.019276407564145948
partial_circles,regressor_top_dynamic_predictK_raw,14,0.7924772991092226,0.8368666700526586,0.8750506019441773,0.04438937094343598
partial_circles,regressor_top_dynamic_predictK_softmax_t05,14,0.8134389747847834,0.8377812559610628,0.8780075952887932,0.024342281176279346
polygon_blob_mixture,knn_top10_raw,12,0.7237535431586138,0.7795977370771809,0.8196581990380184,0.0558441939185671
polygon_blob_mixture,knn_top10_softmax_t05,12,0.7388605728916874,0.7821966433419468,0.8122198890732464,0.043336070450259445
polygon_blob_mixture,knn_top1_raw,12,0.7005100120866342,0.7400514500747072,0.8090817997118404,0.03954143798807297
polygon_blob_mixture,knn_top1_softmax_t05,12,0.6609357795929508,0.7518085561220711,0.8232776173191342,0.09087277652912029
polygon_blob_mixture,knn_top3_raw,12,0.6608196193868491,0.78769806872977,0.8199517624548349,0.12687844934292092
polygon_blob_mixture,knn_top3_softmax_t05,12,0.7542523352267038,0.7833672768795669,0.8222863108754607,0.029114941652863102
polygon_blob_mixture,knn_top5_raw,12,0.7300099196279551,0.7753941231762053,0.819262712044909,0.045384203548250124
polygon_blob_mixture,knn_top5_softmax_t05,12,0.7294677576761163,0.7757443267868948,0.8138384595228141,0.04627656911077849
polygon_blob_mixture,knn_top_dynamic_predictK_raw,12,0.7297530448142165,0.7731152328405141,0.814299538350398,0.04336218802629754
polygon_blob_mixture,knn_top_dynamic_predictK_softmax_t05,12,0.6999063973231389,0.7857942541970443,0.8240525171211027,0.08588785687390543
polygon_blob_mixture,regressor_top10_raw,12,0.7530200710011056,0.7769845849101408,0.8135263983509783,0.0239645139090352
polygon_blob_mixture,regressor_top10_softmax_t05,12,0.7428658346850215,0.7911277528903694,0.8168790271871696,0.048261918205347865
polygon_blob_mixture,regressor_top1_raw,12,0.7297507171837587,0.7840680733591644,0.8212513822272026,0.05431735617540567
polygon_blob_mixture,regressor_top1_softmax_t05,12,0.7219410531397615,0.7843173773671697,0.812170579550835,0.06237632422740813
polygon_blob_mixture,regressor_top3_raw,12,0.7421081987790048,0.7746093564766361,0.8216606793662439,0.03250115769763129
polygon_blob_mixture,regressor_top3_softmax_t05,12,0.6991329420369224,0.766263696093117,0.8040175737609246,0.06713075405619451
polygon_blob_mixture,regressor_top5_raw,12,0.7685069014990317,0.7683206002072089,0.8228423365550044,-0.00018630129182273247
polygon_blob_mixture,regressor_top5_softmax_t05,12,0.7480815425325994,0.7891848558001597,0.8294724359504938,0.04110331326756034
polygon_blob_mixture,regressor_top_dynamic_predictK_raw,12,0.7227669650389877,0.7998133921221172,0.8234893491308779,0.07704642708312948
polygon_blob_mixture,regressor_top_dynamic_predictK_softmax_t05,12,0.7305656029792112,0.7661031149120676,0.8142832561552895,0.03553751193285637
polygons_plus_rings,knn_top10_raw,15,0.7367951793763106,0.7669965036057758,0.8138901061519057,0.0302013242294652
polygons_plus_rings,knn_top10_softmax_t05,15,0.7534781147578109,0.7579019786437851,0.8076848859764252,0.004423863885974155
polygons_plus_rings,knn_top1_raw,15,0.7484413226390162,0.7657426961414365,0.8144166355041217,0.017301373502420336
polygons_plus_rings,knn_top1_softmax_t05,15,0.7093255630130385,0.7540620991490056,0.810696077860298,0.044736536135967064
polygons_plus_rings,knn_top3_raw,15,0.7528496105813313,0.7773209919197188,0.8066646301569972,0.024471381338387554
polygons_plus_rings,knn_top3_softmax_t05,15,0.759869285906485,0.7799800883697758,0.8219683741030219,0.02011080246329089
polygons_plus_rings,knn_top5_raw,15,0.7988787127740795,0.7767625322771089,0.8214841665066377,-0.022116180496970617
polygons_plus_rings,knn_top5_softmax_t05,15,0.8049640095309278,0.7692935585555783,0.8210379809770371,-0.03567045097534949
polygons_plus_rings,knn_top_dynamic_predictK_raw,15,0.7493416312520813,0.777514544334775,0.8040306559182432,0.02817291308269365
polygons_plus_rings,knn_top_dynamic_predictK_softmax_t05,15,0.7090350286896953,0.775151310379601,0.8180592022846546,0.0661162816899058
polygons_plus_rings,regressor_top10_raw,15,0.7218385982041473,0.7767891964556539,0.8193237285436272,0.05495059825150661
polygons_plus_rings,regressor_top10_softmax_t05,15,0.7346580191537431,0.7711524791991269,0.8078401964443812,0.036494460045383814
polygons_plus_rings,regressor_top1_raw,15,0.7017249217008809,0.7611004917027536,0.8204196040708218,0.05937557000187277
polygons_plus_rings,regressor_top1_softmax_t05,15,0.7180468785514812,0.7487756942246759,0.811512806432481,0.030728815673194743
polygons_plus_rings,regressor_top3_raw,15,0.7204715685823859,0.7829721490157849,0.8213874639674524,0.06250058043339901
polygons_plus_rings,regressor_top3_softmax_t05,15,0.7386879355629141,0.7677150821947425,0.8096215973003755,0.02902714663182837
polygons_plus_rings,regressor_top5_raw,15,0.7405427868935581,0.7819396984712144,0.8171393932460513,0.04139691157765624
polygons_plus_rings,regressor_top5_softmax_t05,15,0.7558828097842291,0.784076382784802,0.816463455929444,0.028193573000572902
polygons_plus_rings,regressor_top_dynamic_predictK_raw,15,0.7272370800879097,0.7590350635428059,0.799802521255777,0.03179798345489626
polygons_plus_rings,regressor_top_dynamic_predictK_softmax_t05,15,0.6909826594969828,0.7746748534783444,0.8153300241235188,0.08369219398136163
pri_amp_coupled,knn_top10_raw,19,0.4076606359743735,0.4812753773948355,0.5156627064361077,0.07361474142046198
pri_amp_coupled,knn_top10_softmax_t05,19,0.38632255272722105,0.45621419478206143,0.5103903568786962,0.06989164205484039
pri_amp_coupled,knn_top1_raw,19,0.4015709485626731,0.46553916324068895,0.507083247646372,0.06396821467801583
pri_amp_coupled,knn_top1_softmax_t05,19,0.4086611277885727,0.4684427998556548,0.5151085687288923,0.05978167206708207
pri_amp_coupled,knn_top3_raw,19,0.3742563897888303,0.4641970870073855,0.512507632468315,0.08994069721855519
pri_amp_coupled,knn_top3_softmax_t05,19,0.38377176825195336,0.47653534726271296,0.507091341218179,0.0927635790107596
pri_amp_coupled,knn_top5_raw,19,0.4236041634794995,0.453877221815567,0.506975224659287,0.030273058336067526
pri_amp_coupled,knn_top5_softmax_t05,19,0.39824943426651094,0.4578175173598112,0.5164505944799703,0.05956808309330025
pri_amp_coupled,knn_top_dynamic_predictK_raw,19,0.40677664770343497,0.46176026165652406,0.5118422856062579,0.054983613953089094
pri_amp_coupled,knn_top_dynamic_predictK_softmax_t05,19,0.4307434333169418,0.4624434176234,0.5092842305834616,0.031699984306458207
pri_amp_coupled,regressor_top10_raw,19,0.4165140598704973,0.4415077453493211,0.49591707350620073,0.0249936854788238
pri_amp_coupled,regressor_top10_softmax_t05,19,0.41006804703019223,0.44694284863021017,0.5093345717482676,0.03687480160001794
pri_amp_coupled,regressor_top1_raw,19,0.4027258549358052,0.4290534883088705,0.5092304621233107,0.026327633373065318
pri_amp_coupled,regressor_top1_softmax_t05,19,0.3994764453492456,0.4399312277803292,0.5025783830530074,0.040454782431083636
pri_amp_coupled,regressor_top3_raw,19,0.4217416834869137,0.43320169796481006,0.5164952369039114,0.011460014477896352
pri_amp_coupled,regressor_top3_softmax_t05,19,0.41414605362477913,0.4436916056096308,0.5106929380596857,0.029545551984851648
pri_amp_coupled,regressor_top5_raw,19,0.42876445223955667,0.4679018507660288,0.5132315230086465,0.039137398526472134
pri_amp_coupled,regressor_top5_softmax_t05,19,0.42849224116870843,0.471209444671385,0.5066327892027538,0.04271720350267655
pri_amp_coupled,regressor_top_dynamic_predictK_raw,19,0.4151325178092398,0.4298869281254618,0.49889767561572845,0.014754410316221989
pri_amp_coupled,regressor_top_dynamic_predictK_softmax_t05,19,0.41452841894581544,0.43415184784868,0.5085887144927451,0.01962342890286456
pri_parallel_trains,knn_top10_raw,12,0.3319605190879737,0.36163720401559823,0.3969460139313121,0.02967668492762454
pri_parallel_trains,knn_top10_softmax_t05,12,0.3342260714574394,0.3584855297217122,0.39582124634059085,0.024259458264272837
pri_parallel_trains,knn_top1_raw,12,0.2739873800125421,0.3379479489346731,0.3950161273007009,0.06396056892213103
pri_parallel_trains,knn_top1_softmax_t05,12,0.3076001090532054,0.33864937232594045,0.39673593119848505,0.03104926327273505
pri_parallel_trains,knn_top3_raw,12,0.30116816117070117,0.3598929166205143,0.3951286043752497,0.05872475544981315
pri_parallel_trains,knn_top3_softmax_t05,12,0.31778224627191026,0.35229112194378204,0.3938751822237809,0.034508875671871775
pri_parallel_trains,knn_top5_raw,12,0.33762952941783403,0.34743935876120785,0.3947451583575947,0.009809829343373822
pri_parallel_trains,knn_top5_softmax_t05,12,0.3427558138060948,0.3540761698480141,0.3965765136134651,0.011320356041919277
pri_parallel_trains,knn_top_dynamic_predictK_raw,12,0.29392038149165906,0.34975047824679856,0.3933540022146666,0.0558300967551395
pri_parallel_trains,knn_top_dynamic_predictK_softmax_t05,12,0.3437420174124162,0.35786699398065996,0.3966100714495406,0.014124976568243741
pri_parallel_trains,regressor_top10_raw,12,0.29532774194253975,0.34187702803043335,0.3949579302864821,0.046549286087893604
pri_parallel_trains,regressor_top10_softmax_t05,12,0.3271718070997598,0.3543901565009501,0.3948862767158916,0.027218349401190334
pri_parallel_trains,regressor_top1_raw,12,0.31508968983599533,0.35941999718087225,0.3954190955782572,0.04433030734487692
pri_parallel_trains,regressor_top1_softmax_t05,12,0.31996459910199765,0.32811842680816267,0.39414295294036544,0.008153827706165018
pri_parallel_trains,regressor_top3_raw,12,0.3457998002296329,0.3502303072420361,0.39426984920549746,0.004430507012403162
pri_parallel_trains,regressor_top3_softmax_t05,12,0.33784934519610926,0.3595106126023171,0.3932851815341755,0.02166126740620783
pri_parallel_trains,regressor_top5_raw,12,0.32175491031781656,0.35102809854445605,0.3933822519789669,0.02927318822663949
pri_parallel_trains,regressor_top5_softmax_t05,12,0.3395259431567575,0.3522340704257407,0.39314417676937397,0.012708127268983183
pri_parallel_trains,regressor_top_dynamic_predictK_raw,12,0.32570857972230843,0.3464773761570891,0.3929477284169196,0.02076879643478069
pri_parallel_trains,regressor_top_dynamic_predictK_softmax_t05,12,0.33138495944276575,0.3485026679106579,0.39510294088208703,0.01711770846789218
pri_with_jitter,knn_top10_raw,13,0.2816305739450163,0.3114714706629999,0.3580843423387497,0.029840896717983623
pri_with_jitter,knn_top10_softmax_t05,13,0.3068374632157297,0.32641112333430844,0.3617918721274765,0.01957366011857875
pri_with_jitter,knn_top1_raw,13,0.24222995014704757,0.3154357047931222,0.3810800258769143,0.07320575464607465
pri_with_jitter,knn_top1_softmax_t05,13,0.2842339673896369,0.31736090113434207,0.3822497358688803,0.033126933744705156
pri_with_jitter,knn_top3_raw,13,0.30270167190308184,0.3241101187353875,0.3792562637329863,0.02140844683230564
pri_with_jitter,knn_top3_softmax_t05,13,0.2877305835048275,0.32797953458710144,0.3570369995222318,0.04024895108227394
pri_with_jitter,knn_top5_raw,13,0.2748486588213055,0.3224982662667707,0.3826042321834112,0.0476496074454652
pri_with_jitter,knn_top5_softmax_t05,13,0.273283070242257,0.32461823970502707,0.35786901915243124,0.05133516946277006
pri_with_jitter,knn_top_dynamic_predictK_raw,13,0.2864121193967945,0.30255351097091393,0.38427291039886796,0.016141391574119424
pri_with_jitter,knn_top_dynamic_predictK_softmax_t05,13,0.296531377703847,0.3263791399846747,0.3839453910463898,0.029847762280827694
pri_with_jitter,regressor_top10_raw,13,0.3009282790644993,0.321880265126597,0.3652925467423141,0.020951986062097694
pri_with_jitter,regressor_top10_softmax_t05,13,0.30373402996692384,0.33019510865086643,0.3839507984902338,0.026461078683942596
pri_with_jitter,regressor_top1_raw,13,0.23005165370227643,0.3019772768627737,0.3737005271064768,0.07192562316049728
pri_with_jitter,regressor_top1_softmax_t05,13,0.23256028200725076,0.3066514058191847,0.3508225990690307,0.07409112381193395
pri_with_jitter,regressor_top3_raw,13,0.29556401449987146,0.33488557182815354,0.3726820912453991,0.039321557328282075
pri_with_jitter,regressor_top3_softmax_t05,13,0.2608891826142995,0.3195017669617064,0.3671388470336876,0.058612584347406904
pri_with_jitter,regressor_top5_raw,13,0.2909376051058037,0.3269748707699799,0.3581765986281947,0.0360372656641762
pri_with_jitter,regressor_top5_softmax_t05,13,0.2773939268657134,0.32476742225512234,0.36804120904426274,0.04737349538940894
pri_with_jitter,regressor_top_dynamic_predictK_raw,13,0.2444708097962009,0.32209167938400834,0.37538279648896167,0.07762086958780745
pri_with_jitter,regressor_top_dynamic_predictK_softmax_t05,13,0.2707374486769301,0.3377783696589959,0.3828861128321637,0.06704092098206577
radial_arc_mixture,knn_top10_raw,12,0.678382807316145,0.7850497170547222,0.8331422449152536,0.10666690973857718
radial_arc_mixture,knn_top10_softmax_t05,12,0.6987110496725886,0.7856177508856613,0.8398124161180442,0.08690670121307276
radial_arc_mixture,knn_top1_raw,12,0.7625007767425894,0.7778902317802577,0.8381327444590255,0.01538945503766831
radial_arc_mixture,knn_top1_softmax_t05,12,0.7769905067526729,0.7907657001743357,0.8351957925566188,0.01377519342166278
radial_arc_mixture,knn_top3_raw,12,0.7353639582365353,0.8038558809725528,0.8347421916313352,0.06849192273601745
radial_arc_mixture,knn_top3_softmax_t05,12,0.7735424918005664,0.7897433114717588,0.8396139527468222,0.016200819671192357
radial_arc_mixture,knn_top5_raw,12,0.7219975666721691,0.7885484601929654,0.8354152008302824,0.06655089352079635
radial_arc_mixture,knn_top5_softmax_t05,12,0.7555751796692868,0.7948321482316415,0.8385631462635074,0.03925696856235472
radial_arc_mixture,knn_top_dynamic_predictK_raw,12,0.7537781912000229,0.7841849591443433,0.8405723943877077,0.0304067679443204
radial_arc_mixture,knn_top_dynamic_predictK_softmax_t05,12,0.7575115361928311,0.7773860234172026,0.8371630515505433,0.019874487224371573
radial_arc_mixture,regressor_top10_raw,12,0.7433375610360752,0.8067246392007948,0.8420642573496888,0.06338707816471967
radial_arc_mixture,regressor_top10_softmax_t05,12,0.7454876358303478,0.8006950453335729,0.8422109392158749,0.05520740950322511
radial_arc_mixture,regressor_top1_raw,12,0.7427549385767135,0.7679951233138057,0.8274159150531483,0.02524018473709222
radial_arc_mixture,regressor_top1_softmax_t05,12,0.7238824527763162,0.7796868804978216,0.8312491771872313,0.0558044277215054
radial_arc_mixture,regressor_top3_raw,12,0.6938924944820801,0.807810809071838,0.8430262676252654,0.11391831458975787
radial_arc_mixture,regressor_top3_softmax_t05,12,0.6768018022775308,0.7996525398646249,0.8318325205680006,0.12285073758709408
radial_arc_mixture,regressor_top5_raw,12,0.7431547801488282,0.7836858007638582,0.8366840315723767,0.04053102061503
radial_arc_mixture,regressor_top5_softmax_t05,12,0.7029363220831432,0.7885741135224807,0.8196003321633164,0.08563779143933758
radial_arc_mixture,regressor_top_dynamic_predictK_raw,12,0.8068820276978514,0.7730009943247916,0.8355313991813947,-0.03388103337305981
radial_arc_mixture,regressor_top_dynamic_predictK_softmax_t05,12,0.8122227589232863,0.7873083065455807,0.831363756977549,-0.02491445237770562
radial_spokes,knn_top10_raw,10,0.7340148225748978,0.8538283646896012,0.8577855658586468,0.11981354211470341
radial_spokes,knn_top10_softmax_t05,10,0.7204516004634184,0.8451590294631052,0.8486011252489227,0.12470742899968679
radial_spokes,knn_top1_raw,10,0.7087070276572496,0.8462528148840842,0.8523709668273847,0.13754578722683464
radial_spokes,knn_top1_softmax_t05,10,0.7502951614048867,0.8446829912493505,0.8575546299909325,0.09438782984446381
radial_spokes,knn_top3_raw,10,0.764062878090531,0.8480271596589055,0.8533014795888072,0.08396428156837454
radial_spokes,knn_top3_softmax_t05,10,0.7185167297498728,0.8440479527180799,0.8557947300554813,0.12553122296820707
radial_spokes,knn_top5_raw,10,0.667619621307425,0.8416496871695278,0.8471631037257836,0.1740300658621028
radial_spokes,knn_top5_softmax_t05,10,0.7572709964407298,0.8550639123797069,0.8569576660718969,0.0977929159389771
radial_spokes,knn_top_dynamic_predictK_raw,10,0.7718911212155704,0.8380290100253562,0.8541034292698235,0.06613788880978588
radial_spokes,knn_top_dynamic_predictK_softmax_t05,10,0.7047228425522788,0.8464890280800917,0.8534358594635838,0.14176618552781295
radial_spokes,regressor_top10_raw,10,0.7577869442867682,0.8537194286943125,0.8557461690696393,0.09593248440754432
radial_spokes,regressor_top10_softmax_t05,10,0.7149772632429023,0.8473558905450712,0.8546941908251462,0.13237862730216887
radial_spokes,regressor_top1_raw,10,0.776508147252194,0.8462307033277142,0.8494397203018604,0.06972255607552025
radial_spokes,regressor_top1_softmax_t05,10,0.7734308982296478,0.843659743105567,0.8570100310820147,0.07022884487591918
radial_spokes,regressor_top3_raw,10,0.7520018848492377,0.8419298931546919,0.8486910118773124,0.08992800830545422
radial_spokes,regressor_top3_softmax_t05,10,0.7972543018713215,0.8498466434806499,0.8544988901328969,0.05259234160932835
radial_spokes,regressor_top5_raw,10,0.8159854445295343,0.8427494076545148,0.8513867794689837,0.026763963124980528
radial_spokes,regressor_top5_softmax_t05,10,0.7889993032780431,0.8503701078734631,0.8557640221820098,0.06137080459541999
radial_spokes,regressor_top_dynamic_predictK_raw,10,0.8376889766822233,0.8441854217027099,0.8487944781957708,0.00649644502048663
radial_spokes,regressor_top_dynamic_predictK_softmax_t05,10,0.8325072782879938,0.8456329567816587,0.8505661265036902,0.013125678493664972
rectangles,knn_top10_raw,9,0.8147259778063856,0.909125943879205,0.909456732905614,0.09439996607281942
rectangles,knn_top10_softmax_t05,9,0.8657624189960627,0.9002817467218951,0.9003523699752952,0.03451932772583244
rectangles,knn_top1_raw,9,0.8077425681785394,0.8530761738478306,0.8940226916434979,0.04533360566929123
rectangles,knn_top1_softmax_t05,9,0.754884329124568,0.8787255875138927,0.9061625357984487,0.1238412583893247
rectangles,knn_top3_raw,9,0.8953000583951722,0.8936051408644521,0.8964760137795632,-0.0016949175307201525
rectangles,knn_top3_softmax_t05,9,0.8588490936808701,0.8964360822273802,0.8973802292494091,0.0375869885465101
rectangles,knn_top5_raw,9,0.8731362013199209,0.8890870499679693,0.8917334341355985,0.01595084864804841
rectangles,knn_top5_softmax_t05,9,0.8316643742514538,0.9045516208327888,0.905306531080449,0.07288724658133505
rectangles,knn_top_dynamic_predictK_raw,9,0.806121394120009,0.8785003726110152,0.913527338507778,0.07237897849100616
rectangles,knn_top_dynamic_predictK_softmax_t05,9,0.8565034153458588,0.8596439869158057,0.894658819817908,0.0031405715699468484
rectangles,regressor_top10_raw,9,0.8786903992916574,0.8836089135959675,0.8850188460722933,0.004918514304310118
rectangles,regressor_top10_softmax_t05,9,0.9028618380470712,0.8980670952758797,0.9033046993334719,-0.004794742771191518
rectangles,regressor_top1_raw,9,0.8316392088461132,0.8816375672099522,0.8824663124700102,0.049998358363839035
rectangles,regressor_top1_softmax_t05,9,0.8700341000535803,0.901437307777563,0.9117935142262872,0.03140320772398275
rectangles,regressor_top3_raw,9,0.8027414922371879,0.895002533326597,0.8966511117743026,0.09226104108940902
rectangles,regressor_top3_softmax_t05,9,0.8632365276245096,0.9081315860016994,0.908956203446334,0.04489505837718977
rectangles,regressor_top5_raw,9,0.8654584245600447,0.8891212706924743,0.9095942506493662,0.023662846132429527
rectangles,regressor_top5_softmax_t05,9,0.8454365504301732,0.8816117051871024,0.8993180465228643,0.03617515475692923
rectangles,regressor_top_dynamic_predictK_raw,9,0.8491221246145089,0.9067800167965903,0.9102728984330822,0.057657892182081394
rectangles,regressor_top_dynamic_predictK_softmax_t05,9,0.8430588751966955,0.8879152867542162,0.8881440199690768,0.044856411557520626
regular_grid,knn_top10_raw,13,0.3502115273015219,0.3628764878980006,0.3803145019069311,0.012664960596478703
regular_grid,knn_top10_softmax_t05,13,0.35258483297765547,0.36601838508147,0.3807980871141701,0.013433552103814528
regular_grid,knn_top1_raw,13,0.2921265609779376,0.33045993702504944,0.37715199776897357,0.038333376047111845
regular_grid,knn_top1_softmax_t05,13,0.2716730667655253,0.3527229234532982,0.37907499875412043,0.08104985668777293
regular_grid,knn_top3_raw,13,0.3394253194432598,0.3515427776516126,0.3779654787679262,0.012117458208352805
regular_grid,knn_top3_softmax_t05,13,0.33471875244854243,0.35667211521020137,0.37573806750075384,0.021953362761658934
regular_grid,knn_top5_raw,13,0.33828486339918756,0.3632030810439488,0.38313236764187797,0.024918217644761265
regular_grid,knn_top5_softmax_t05,13,0.34147234446100494,0.36025195601571836,0.3812122895206383,0.018779611554713416
regular_grid,knn_top_dynamic_predictK_raw,13,0.3438248485688134,0.3676554262729722,0.38297540157205695,0.023830577704158806
regular_grid,knn_top_dynamic_predictK_softmax_t05,13,0.34266801232559924,0.35535907132801553,0.3783356577630702,0.012691059002416294
regular_grid,regressor_top10_raw,13,0.351424323462901,0.35130858030404155,0.3769833158701804,-0.0001157431588594271
regular_grid,regressor_top10_softmax_t05,13,0.3406814463820419,0.3577825827255164,0.3733946547646203,0.017101136343474488
regular_grid,regressor_top1_raw,13,0.3298018767401736,0.35507579944506595,0.38173228405223125,0.02527392270489237
regular_grid,regressor_top1_softmax_t05,13,0.32572587142367787,0.338133187635555,0.37979973140591444,0.012407316211877129
regular_grid,regressor_top3_raw,13,0.353490818528682,0.3557563783575229,0.37761067822721084,0.0022655598288408574
regular_grid,regressor_top3_softmax_t05,13,0.355494093958283,0.36996259528219294,0.38371944846531564,0.014468501323909921
regular_grid,regressor_top5_raw,13,0.3515348979235863,0.3542277713705978,0.38006348495064024,0.0026928734470115234
regular_grid,regressor_top5_softmax_t05,13,0.34624073426630064,0.3587070734393934,0.3805561691287389,0.012466339173092755
regular_grid,regressor_top_dynamic_predictK_raw,13,0.3380282454939192,0.3681872226802019,0.38137831061252947,0.030158977186282687
regular_grid,regressor_top_dynamic_predictK_softmax_t05,13,0.34944203009694075,0.35445511928604484,0.37313366732900266,0.005013089189104092
rotated_ladder,knn_top10_raw,10,0.38373155384129354,0.4861859439417656,0.5561820287556932,0.10245439010047208
rotated_ladder,knn_top10_softmax_t05,10,0.3727499805402702,0.4862350714718725,0.5503234015604892,0.1134850909316023
rotated_ladder,knn_top1_raw,10,0.42918006490677235,0.47467621337986377,0.5741644086770142,0.04549614847309141
rotated_ladder,knn_top1_softmax_t05,10,0.3910061553619446,0.4440060241714119,0.5390272688734686,0.052999868809467277
rotated_ladder,knn_top3_raw,10,0.3718586748165349,0.4726101484093119,0.5546827256219236,0.10075147359277703
rotated_ladder,knn_top3_softmax_t05,10,0.37917839014245414,0.456812336843449,0.5651340492411523,0.07763394670099488
rotated_ladder,knn_top5_raw,10,0.3746910824045376,0.4975634538877964,0.598188525054528,0.1228723714832588
rotated_ladder,knn_top5_softmax_t05,10,0.3751548774145944,0.4930451970687339,0.5606376839424796,0.11789031965413949
rotated_ladder,knn_top_dynamic_predictK_raw,10,0.4223721534253452,0.48298084564339766,0.5651641772926597,0.060608692218052485
rotated_ladder,knn_top_dynamic_predictK_softmax_t05,10,0.42381919418351144,0.4998520757594179,0.5840449347301486,0.07603288157590649
rotated_ladder,regressor_top10_raw,10,0.3641586645253622,0.5007885842322518,0.545489645664776,0.1366299197068896
rotated_ladder,regressor_top10_softmax_t05,10,0.3798204318373351,0.5028622365520511,0.5652921852069619,0.12304180471471599
rotated_ladder,regressor_top1_raw,10,0.4504708986696217,0.5264372680943781,0.5781681771705097,0.07596636942475637
rotated_ladder,regressor_top1_softmax_t05,10,0.39026731704355405,0.502624003332792,0.566466130896216,0.11235668628923795
rotated_ladder,regressor_top3_raw,10,0.35082179151236004,0.4860920653057771,0.5688081524061848,0.13527027379341705
rotated_ladder,regressor_top3_softmax_t05,10,0.3452623825717723,0.4756338985358937,0.560036830591845,0.13037151596412144
rotated_ladder,regressor_top5_raw,10,0.3513440640253725,0.480662612488931,0.5508290409318424,0.1293185484635585
rotated_ladder,regressor_top5_softmax_t05,10,0.3521068362191744,0.4561186224643111,0.5303975158086688,0.10401178624513674
rotated_ladder,regressor_top_dynamic_predictK_raw,10,0.35138742654487487,0.46592434287650936,0.5457175452029703,0.11453691633163449
rotated_ladder,regressor_top_dynamic_predictK_softmax_t05,10,0.36935438581047236,0.482353581614628,0.5578149798756629,0.11299919580415563
rotated_parallel_bands,knn_top10_raw,13,0.25604448410721764,0.31343305590433235,0.3538014242819007,0.05738857179711471
rotated_parallel_bands,knn_top10_softmax_t05,13,0.2624033871585377,0.3111033828288165,0.34203626707888996,0.04869999567027877
rotated_parallel_bands,knn_top1_raw,13,0.31527973827615685,0.33029333158631796,0.35366818009104356,0.01501359331016111
rotated_parallel_bands,knn_top1_softmax_t05,13,0.31487501990655165,0.32139052106127536,0.354991238130107,0.006515501154723713
rotated_parallel_bands,knn_top3_raw,13,0.27120624495358314,0.3163968349259925,0.3556239703244035,0.04519058997240938
rotated_parallel_bands,knn_top3_softmax_t05,13,0.2895093594778925,0.323736229078212,0.361085428365791,0.034226869600319454
rotated_parallel_bands,knn_top5_raw,13,0.2389741866334822,0.32266359751616264,0.34566827019139584,0.08368941088268045
rotated_parallel_bands,knn_top5_softmax_t05,13,0.29213191834245755,0.32177816618662763,0.35178760527116304,0.02964624784417008
rotated_parallel_bands,knn_top_dynamic_predictK_raw,13,0.31444526946682855,0.32803391782844193,0.34767285174466467,0.013588648361613387
rotated_parallel_bands,knn_top_dynamic_predictK_softmax_t05,13,0.2858736138388458,0.3331431034247372,0.35503796171432495,0.04726948958589139
rotated_parallel_bands,regressor_top10_raw,13,0.28453353716609875,0.32985743590217653,0.356102772226928,0.04532389873607778
rotated_parallel_bands,regressor_top10_softmax_t05,13,0.25684182548849405,0.3264622352532235,0.34282534550301497,0.06962040976472944
rotated_parallel_bands,regressor_top1_raw,13,0.29560755918021187,0.3190452214699517,0.3565040221392581,0.023437662289739813
rotated_parallel_bands,regressor_top1_softmax_t05,13,0.28717592970681327,0.3358428786535662,0.35805466062893826,0.04866694894675294
rotated_parallel_bands,regressor_top3_raw,13,0.2934299656557759,0.31526493316473303,0.3489592122657554,0.021834967508957137
rotated_parallel_bands,regressor_top3_softmax_t05,13,0.3108473332457122,0.32710749822767443,0.3455635773782059,0.016260164981962255
rotated_parallel_bands,regressor_top5_raw,13,0.29043911191635324,0.33863168459711684,0.3606568486451271,0.0481925726807636
rotated_parallel_bands,regressor_top5_softmax_t05,13,0.2578409291735928,0.32543361860701514,0.3501588931513332,0.06759268943342234
rotated_parallel_bands,regressor_top_dynamic_predictK_raw,13,0.31414947724471565,0.32988114669225876,0.34782729099960086,0.015731669447543117
rotated_parallel_bands,regressor_top_dynamic_predictK_softmax_t05,13,0.2750334630496628,0.3254759595346156,0.35903236920810505,0.050442496484952803
rotated_rectangles,knn_top10_raw,9,0.790545303288892,0.8160448477349218,0.8261609439731114,0.025499544446029754
rotated_rectangles,knn_top10_softmax_t05,9,0.7902992646988843,0.8164334630016616,0.8294580597886513,0.0261341983027773
rotated_rectangles,knn_top1_raw,9,0.7830511837800069,0.801735320124343,0.819079196266711,0.018684136344336078
rotated_rectangles,knn_top1_softmax_t05,9,0.6601198676944394,0.8116212657247291,0.8238696798221419,0.15150139803028972
rotated_rectangles,knn_top3_raw,9,0.7445721726757746,0.8236155577414991,0.8331918307229655,0.0790433850657245
rotated_rectangles,knn_top3_softmax_t05,9,0.8015143683643164,0.8382366557580974,0.8387207384204942,0.03672228739378092
rotated_rectangles,knn_top5_raw,9,0.810925911194328,0.8252693431534368,0.8262388386670025,0.01434343195910881
rotated_rectangles,knn_top5_softmax_t05,9,0.808621916182474,0.8219537035278581,0.824252145117875,0.013331787345384094
rotated_rectangles,knn_top_dynamic_predictK_raw,9,0.7785769651421008,0.8213344006812782,0.8301563685976758,0.042757435539177324
rotated_rectangles,knn_top_dynamic_predictK_softmax_t05,9,0.7448384062192518,0.8222164220400943,0.826223210022122,0.07737801582084247
rotated_rectangles,regressor_top10_raw,9,0.7796368657739043,0.8182263967678626,0.8300712445301661,0.03858953099395823
rotated_rectangles,regressor_top10_softmax_t05,9,0.7703403073577854,0.8109449074520622,0.8237841526136219,0.0406046000942768
rotated_rectangles,regressor_top1_raw,9,0.7573843425193374,0.7941135703982121,0.8058481969738182,0.03672922787887467
rotated_rectangles,regressor_top1_softmax_t05,9,0.7185424738659368,0.8033675933119632,0.8298001846470096,0.08482511944602633
rotated_rectangles,regressor_top3_raw,9,0.7604056836685351,0.7943038648982266,0.8276424202855742,0.03389818122969146
rotated_rectangles,regressor_top3_softmax_t05,9,0.7873014084220904,0.8059060940223213,0.8290523641122397,0.018604685600230875
rotated_rectangles,regressor_top5_raw,9,0.7968350032117016,0.7879364356401979,0.8194145682406107,-0.008898567571503757
rotated_rectangles,regressor_top5_softmax_t05,9,0.7927556061505419,0.8161773910010307,0.8337266123078511,0.023421784850488847
rotated_rectangles,regressor_top_dynamic_predictK_raw,9,0.7560926268991645,0.8147461079772822,0.8321516884353913,0.05865348107811774
rotated_rectangles,regressor_top_dynamic_predictK_softmax_t05,9,0.7989808906001314,0.790817143346367,0.822886341571418,-0.008163747253764453
rotational_symmetry_patterns,knn_top10_raw,9,0.7851131324830698,0.8221774197974736,0.8515784919056822,0.03706428731440381
rotational_symmetry_patterns,knn_top10_softmax_t05,9,0.8051189510201571,0.821324211556532,0.8566274000621071,0.016205260536374944
rotational_symmetry_patterns,knn_top1_raw,9,0.7464491826852327,0.8215932290602215,0.8571814718312089,0.07514404637498873
rotational_symmetry_patterns,knn_top1_softmax_t05,9,0.7808887055358422,0.829633510572127,0.8712792669340096,0.048744805036284755
rotational_symmetry_patterns,knn_top3_raw,9,0.834778326979824,0.8484595155795461,0.8707981627526042,0.013681188599722116
rotational_symmetry_patterns,knn_top3_softmax_t05,9,0.7933820797042586,0.8338041606864465,0.8736122726292173,0.04042208098218791
rotational_symmetry_patterns,knn_top5_raw,9,0.8049127320332006,0.8346313346890528,0.8580182483071829,0.029718602655852244
rotational_symmetry_patterns,knn_top5_softmax_t05,9,0.835677354037154,0.836076489372434,0.8646951604731012,0.00039913533527990985
rotational_symmetry_patterns,knn_top_dynamic_predictK_raw,9,0.771466515124344,0.8400533912651444,0.8652003361670377,0.06858687614080039
rotational_symmetry_patterns,knn_top_dynamic_predictK_softmax_t05,9,0.7762695173414044,0.8447022688728618,0.8710085222706081,0.06843275153145745
rotational_symmetry_patterns,regressor_top10_raw,9,0.8297291619771144,0.8485361277117943,0.873601794335225,0.01880696573467988
rotational_symmetry_patterns,regressor_top10_softmax_t05,9,0.84694559601581,0.8389675288172396,0.8568237779263778,-0.007978067198570415
rotational_symmetry_patterns,regressor_top1_raw,9,0.7598496111130274,0.8374097897843185,0.8546898686476819,0.07756017867129106
rotational_symmetry_patterns,regressor_top1_softmax_t05,9,0.8249559236916589,0.8461840957346836,0.8595618325036186,0.02122817204302463
rotational_symmetry_patterns,regressor_top3_raw,9,0.8376860691819269,0.8487697347128599,0.8728927616114652,0.011083665530932985
rotational_symmetry_patterns,regressor_top3_softmax_t05,9,0.7834135898964725,0.851390526732591,0.8695746504291713,0.0679769368361185
rotational_symmetry_patterns,regressor_top5_raw,9,0.8364081918461357,0.844294667444617,0.863015781566086,0.007886475598481324
rotational_symmetry_patterns,regressor_top5_softmax_t05,9,0.7744920459037155,0.8218146625510054,0.8439265912589348,0.04732261664728998
rotational_symmetry_patterns,regressor_top_dynamic_predictK_raw,9,0.8069186734066183,0.8449527020247019,0.8731333294853366,0.03803402861808358
rotational_symmetry_patterns,regressor_top_dynamic_predictK_softmax_t05,9,0.8146124517764833,0.8337958484564353,0.8552376978936165,0.019183396679951947
sharp_corners,knn_top10_raw,13,0.8758460305667619,0.892005283189393,0.9025813165373486,0.01615925262263107
sharp_corners,knn_top10_softmax_t05,13,0.8203452162232863,0.8967362199374107,0.9138130627425577,0.07639100371412444
sharp_corners,knn_top1_raw,13,0.8427356888024645,0.8575797870073048,0.9065598253958486,0.014844098204840228
sharp_corners,knn_top1_softmax_t05,13,0.8736228261293435,0.8575898359711345,0.9072103048337063,-0.016032990158209026
sharp_corners,knn_top3_raw,13,0.8141562980130483,0.8909780630616033,0.9040289227677263,0.07682176504855498
sharp_corners,knn_top3_softmax_t05,13,0.8278461976068112,0.8839002807918105,0.9049294199425556,0.05605408318499927
sharp_corners,knn_top5_raw,13,0.8821345020989029,0.9037997099392281,0.9173548020117829,0.021665207840325218
sharp_corners,knn_top5_softmax_t05,13,0.873955732599513,0.8852857661119811,0.9073169343634715,0.011330033512468085
sharp_corners,knn_top_dynamic_predictK_raw,13,0.871887212833236,0.8873566114067852,0.9050079967845925,0.015469398573549231
sharp_corners,knn_top_dynamic_predictK_softmax_t05,13,0.8100314544400944,0.881261601519877,0.9019212831558717,0.07123014707978259
sharp_corners,regressor_top10_raw,13,0.8007601530209155,0.8920527333314444,0.9114472029698459,0.09129258031052889
sharp_corners,regressor_top10_softmax_t05,13,0.8875083932486247,0.8921034696906248,0.9040022124237118,0.004595076442000079
sharp_corners,regressor_top1_raw,13,0.8572429275930951,0.9090835436774305,0.9182993450793251,0.051840616084335434
sharp_corners,regressor_top1_softmax_t05,13,0.8415254221857992,0.8958012110058101,0.9130885008553903,0.05427578882001094
sharp_corners,regressor_top3_raw,13,0.8732678520433728,0.8926593324975765,0.9047790725922008,0.01939148045420369
sharp_corners,regressor_top3_softmax_t05,13,0.8652353967349931,0.8877230880901611,0.905312759056247,0.022487691355168038
sharp_corners,regressor_top5_raw,13,0.8288479778276654,0.8817311170113495,0.900068360504708,0.05288313918368415
sharp_corners,regressor_top5_softmax_t05,13,0.8200239848989757,0.8932962747832734,0.9078859837052927,0.07327228988429779
sharp_corners,regressor_top_dynamic_predictK_raw,13,0.8210959571291182,0.9056926033617473,0.9119335492736945,0.08459664623262908
sharp_corners,regressor_top_dynamic_predictK_softmax_t05,13,0.8588589450852613,0.8942727723809397,0.9063797356441863,0.035413827295678435
simple_ladder,knn_top10_raw,11,0.3560710691053234,0.45603697390878845,0.5155323341733572,0.09996590480346507
simple_ladder,knn_top10_softmax_t05,11,0.3065048460697219,0.5137489222521128,0.5454054796688409,0.20724407618239088
simple_ladder,knn_top1_raw,11,0.3777718113329127,0.493122954680053,0.5531884820073242,0.1153511433471403
simple_ladder,knn_top1_softmax_t05,11,0.35497483770621335,0.4913778909334406,0.5442147166850315,0.13640305322722723
simple_ladder,knn_top3_raw,11,0.34782297018018565,0.4974181441749341,0.5250265205228818,0.14959517399474842
simple_ladder,knn_top3_softmax_t05,11,0.34057090865931666,0.4667629252704735,0.5190312719159708,0.12619201661115687
simple_ladder,knn_top5_raw,11,0.3668566855522887,0.5144064539673037,0.5335358312866461,0.147549768415015
simple_ladder,knn_top5_softmax_t05,11,0.350772834489724,0.44770278038911376,0.5048113815926257,0.09692994589938975
simple_ladder,knn_top_dynamic_predictK_raw,11,0.36103443330320156,0.487887212982641,0.5228656932734546,0.12685277967943942
simple_ladder,knn_top_dynamic_predictK_softmax_t05,11,0.3618800073056532,0.4844187776290184,0.5395615931541047,0.12253877032336524
simple_ladder,regressor_top10_raw,11,0.40715965156771594,0.49716928368179597,0.5418896661855356,0.09000963211408003
simple_ladder,regressor_top10_softmax_t05,11,0.4329989252015876,0.48409563389970955,0.5266253207902155,0.05109670869812194
simple_ladder,regressor_top1_raw,11,0.3639165761513072,0.4801043699348714,0.54795671464815,0.1161877937835642
simple_ladder,regressor_top1_softmax_t05,11,0.39657699987947337,0.46709267412914746,0.5228073979098529,0.07051567424967409
simple_ladder,regressor_top3_raw,11,0.4743523565069641,0.5035155361432445,0.5452591405949438,0.0291631796362804
simple_ladder,regressor_top3_softmax_t05,11,0.382683983529146,0.5128275951790318,0.5450539447665073,0.13014361164988575
simple_ladder,regressor_top5_raw,11,0.3338292860992493,0.5228945353006158,0.5499178612494375,0.18906524920136653
simple_ladder,regressor_top5_softmax_t05,11,0.35427562181947114,0.5070412217054799,0.5344983538141249,0.1527655998860088
simple_ladder,regressor_top_dynamic_predictK_raw,11,0.42802878947414585,0.502853157515369,0.5393164260795985,0.07482436804122311
simple_ladder,regressor_top_dynamic_predictK_softmax_t05,11,0.4452925968969172,0.4773269021276926,0.5379487252156223,0.032034305230775384
single_hole_rings,knn_top10_raw,12,0.6638089656212806,0.6552647577541657,0.6849017053665908,-0.00854420786711485
single_hole_rings,knn_top10_softmax_t05,12,0.6317836023397218,0.6469252010672613,0.6756139094167515,0.015141598727539507
single_hole_rings,knn_top1_raw,12,0.5564144803980429,0.635232794603961,0.6838079382216858,0.07881831420591812
single_hole_rings,knn_top1_softmax_t05,12,0.5230028095662046,0.6269545037368647,0.6901653930197954,0.10395169417066008
single_hole_rings,knn_top3_raw,12,0.6187765486728994,0.6214409106845017,0.6743285811174893,0.0026643620116022504
single_hole_rings,knn_top3_softmax_t05,12,0.6316861436260003,0.6456354949945174,0.6784040271756866,0.01394935136851716
single_hole_rings,knn_top5_raw,12,0.6405661856844057,0.6272418117100174,0.6642065123129343,-0.013324373974388348
single_hole_rings,knn_top5_softmax_t05,12,0.6326979988797352,0.6557477343381191,0.6827475373403699,0.023049735458383847
single_hole_rings,knn_top_dynamic_predictK_raw,12,0.6536170754477815,0.6595521644131929,0.7003202073199889,0.005935088965411395
single_hole_rings,knn_top_dynamic_predictK_softmax_t05,12,0.6318157081958008,0.650855905807009,0.6849308717255466,0.01904019761120823
single_hole_rings,regressor_top10_raw,12,0.6623319442954864,0.6486525436008518,0.6821296527815505,-0.01367940069463458
single_hole_rings,regressor_top10_softmax_t05,12,0.6634395687211454,0.6508207087484335,0.6902351530675338,-0.012618859972711949
single_hole_rings,regressor_top1_raw,12,0.6111020241580598,0.6324862665492369,0.6723093516689312,0.02138424239117709
single_hole_rings,regressor_top1_softmax_t05,12,0.6295739558994071,0.650577280038322,0.6921422727595642,0.021003324138914925
single_hole_rings,regressor_top3_raw,12,0.6082600558561366,0.6474519235979458,0.672146094547141,0.03919186774180916
single_hole_rings,regressor_top3_softmax_t05,12,0.6333455788036126,0.6466179338374819,0.6668933037445911,0.013272355033869254
single_hole_rings,regressor_top5_raw,12,0.6460869212726869,0.6690849556275925,0.6930012187279927,0.02299803435490566
single_hole_rings,regressor_top5_softmax_t05,12,0.658485767899251,0.6723170063227735,0.6851995193302488,0.013831238423522518
single_hole_rings,regressor_top_dynamic_predictK_raw,12,0.642172645544416,0.6545576967087787,0.6848209978837448,0.012385051164362726
single_hole_rings,regressor_top_dynamic_predictK_softmax_t05,12,0.6106142671345939,0.6359414939933551,0.6723087472472696,0.02532722685876121
sparse_lattice,knn_top10_raw,12,0.3533645833865082,0.37307104313430456,0.4104776346634682,0.019706459747796334
sparse_lattice,knn_top10_softmax_t05,12,0.365652067299212,0.37824084442107025,0.41414824203281153,0.012588777121858241
sparse_lattice,knn_top1_raw,12,0.3633168472710521,0.3685518380791751,0.41338445689254,0.005234990808122952
sparse_lattice,knn_top1_softmax_t05,12,0.3522189950048067,0.36536684330079644,0.41197500736372045,0.01314784829598975
sparse_lattice,knn_top3_raw,12,0.38810217404358943,0.3645868072634943,0.41289545363369284,-0.023515366780095137
sparse_lattice,knn_top3_softmax_t05,12,0.3762556106746018,0.36596490000191456,0.41283694817030797,-0.01029071067268722
sparse_lattice,knn_top5_raw,12,0.3443067293925611,0.35726737656701096,0.4110688042439265,0.01296064717444989
sparse_lattice,knn_top5_softmax_t05,12,0.37906052842110965,0.3681824088902183,0.4170067897432961,-0.01087811953089135
sparse_lattice,knn_top_dynamic_predictK_raw,12,0.3518373934528219,0.36485350062527305,0.4105787413844637,0.013016107172451163
sparse_lattice,knn_top_dynamic_predictK_softmax_t05,12,0.36587507499097516,0.36285105313083754,0.41327537688000837,-0.0030240218601376156
sparse_lattice,regressor_top10_raw,12,0.3609072730818715,0.3703674281725227,0.4093581784851874,0.009460155090651234
sparse_lattice,regressor_top10_softmax_t05,12,0.3515814063501809,0.36493715697465473,0.40470274251389093,0.013355750624473806
sparse_lattice,regressor_top1_raw,12,0.3526927192034579,0.3508235810285822,0.41049497171590277,-0.0018691381748757174
sparse_lattice,regressor_top1_softmax_t05,12,0.3534097083459978,0.3476590210680907,0.3991203424518585,-0.005750687277907063
sparse_lattice,regressor_top3_raw,12,0.3897298870984101,0.3717458595666834,0.41168421477559075,-0.017984027531726732
sparse_lattice,regressor_top3_softmax_t05,12,0.3777514699679001,0.3641084720716377,0.4042372793659428,-0.013642997896262388
sparse_lattice,regressor_top5_raw,12,0.35901093110305,0.3796151008473581,0.4116430229135466,0.02060416974430812
sparse_lattice,regressor_top5_softmax_t05,12,0.3666763323638956,0.38429577240362844,0.4033426159365711,0.01761944003973287
sparse_lattice,regressor_top_dynamic_predictK_raw,12,0.3744096059477988,0.37410071322110655,0.4042832871569049,-0.00030889272669226697
sparse_lattice,regressor_top_dynamic_predictK_softmax_t05,12,0.3705906859025943,0.3826067023539658,0.4100656885097555,0.012016016451371514
speckle_fields,knn_top10_raw,10,0.6315394461422594,0.7197854576804668,0.7427465292576085,0.08824601153820733
speckle_fields,knn_top10_softmax_t05,10,0.6699898231029986,0.6961087049525525,0.7350823384012212,0.02611888184955391
speckle_fields,knn_top1_raw,10,0.6422926662865047,0.7098189368431355,0.7408310356658803,0.06752627055663074
speckle_fields,knn_top1_softmax_t05,10,0.6201687938110323,0.6893916283351323,0.7204074131798747,0.06922283452410005
speckle_fields,knn_top3_raw,10,0.6688928364489097,0.7162578486656492,0.7421746413247206,0.0473650122167395
speckle_fields,knn_top3_softmax_t05,10,0.6934473818762676,0.709827753491849,0.7418296272265403,0.01638037161558137
speckle_fields,knn_top5_raw,10,0.6893404076013662,0.717517829998983,0.7414471474435317,0.02817742239761678
speckle_fields,knn_top5_softmax_t05,10,0.6554718705785948,0.7079793521782791,0.7400449645601688,0.052507481599684325
speckle_fields,knn_top_dynamic_predictK_raw,10,0.6946907252141937,0.6968819461140023,0.7345944251766575,0.0021912208998086102
speckle_fields,knn_top_dynamic_predictK_softmax_t05,10,0.6597294055234729,0.704974438074883,0.7430203393240384,0.0452450325514101
speckle_fields,regressor_top10_raw,10,0.6704295818309076,0.6917293482673889,0.7334854485312048,0.021299766436481238
speckle_fields,regressor_top10_softmax_t05,10,0.693515482740129,0.7057673077403923,0.7458504383268214,0.012251825000263339
speckle_fields,regressor_top1_raw,10,0.6974285677737918,0.7001215963732663,0.733666400266175,0.002693028599474512
speckle_fields,regressor_top1_softmax_t05,10,0.6569399495464764,0.7133769399048354,0.733477572879153,0.05643699035835903
speckle_fields,regressor_top3_raw,10,0.7182328341445151,0.712315486961787,0.7451733728805261,-0.005917347182728072
speckle_fields,regressor_top3_softmax_t05,10,0.7125118818978865,0.7146611718979627,0.7456211932261886,0.0021492900000762427
speckle_fields,regressor_top5_raw,10,0.7023049383820189,0.7176839333813272,0.7452753664186985,0.015378994999308282
speckle_fields,regressor_top5_softmax_t05,10,0.6592572501000079,0.7120685756663646,0.7283732195305468,0.052811325566356704
speckle_fields,regressor_top_dynamic_predictK_raw,10,0.6655968768778819,0.6889417443739575,0.726397015708806,0.02334486749607556
speckle_fields,regressor_top_dynamic_predictK_softmax_t05,10,0.6916802713656643,0.6859583965736866,0.7406745702078801,-0.005721874791977721
spurious_pulses_noise,knn_top10_raw,15,0.21626731384823883,0.2506535332732498,0.28979704939552164,0.034386219425010967
spurious_pulses_noise,knn_top10_softmax_t05,15,0.21282735855311988,0.23380870958397498,0.2868499333786054,0.020981351030855105
spurious_pulses_noise,knn_top1_raw,15,0.1917690355446859,0.2289772644031596,0.2888799329953094,0.03720822885847369
spurious_pulses_noise,knn_top1_softmax_t05,15,0.19615585402478689,0.24183780534578683,0.29583933113813504,0.04568195132099995
spurious_pulses_noise,knn_top3_raw,15,0.1899310945887463,0.23564941270597664,0.2925389247880238,0.045718318117230344
spurious_pulses_noise,knn_top3_softmax_t05,15,0.19449186468831176,0.24704489409829136,0.2902160647695792,0.05255302940997961
spurious_pulses_noise,knn_top5_raw,15,0.21197342490787846,0.22322645707421798,0.286562083372045,0.011253032166339522
spurious_pulses_noise,knn_top5_softmax_t05,15,0.20998879910886944,0.25258064780123296,0.2996471887592215,0.042591848692363515
spurious_pulses_noise,knn_top_dynamic_predictK_raw,15,0.19835891595621688,0.2497467058218892,0.29425422859936673,0.05138778986567233
spurious_pulses_noise,knn_top_dynamic_predictK_softmax_t05,15,0.20817090889829953,0.24767772567901636,0.29202280031744615,0.039506816780716825
spurious_pulses_noise,regressor_top10_raw,15,0.19550903654337742,0.2431593169735963,0.29477616196865003,0.04765028043021888
spurious_pulses_noise,regressor_top10_softmax_t05,15,0.18642996847388457,0.23322163774951413,0.2965205550259186,0.046791669275629555
spurious_pulses_noise,regressor_top1_raw,15,0.2015561438853367,0.20669318780403986,0.27814805794335723,0.005137043918703149
spurious_pulses_noise,regressor_top1_softmax_t05,15,0.18294302637253917,0.23240987510534022,0.2894242561506415,0.04946684873280105
spurious_pulses_noise,regressor_top3_raw,15,0.17294507687193345,0.2405496052787787,0.28328233441529865,0.06760452840684525
spurious_pulses_noise,regressor_top3_softmax_t05,15,0.19142720449850492,0.2537655486391333,0.29728390491571643,0.06233834414062839
spurious_pulses_noise,regressor_top5_raw,15,0.19213923066988384,0.23826926003927654,0.2922749086159388,0.0461300293693927
spurious_pulses_noise,regressor_top5_softmax_t05,15,0.20430313764850552,0.21236342099159472,0.2918966208851856,0.008060283343089197
spurious_pulses_noise,regressor_top_dynamic_predictK_raw,15,0.20506152621579402,0.222641847782781,0.2929416798971068,0.017580321566986995
spurious_pulses_noise,regressor_top_dynamic_predictK_softmax_t05,15,0.19635407917677553,0.22484654990581696,0.2850553611456816,0.02849247072904143
texture_plus_structure,knn_top10_raw,11,0.6616830379113232,0.7878795783016983,0.8161394392017679,0.1261965403903751
texture_plus_structure,knn_top10_softmax_t05,11,0.6494292011213326,0.7924876421500902,0.8088655696812133,0.14305844102875753
texture_plus_structure,knn_top1_raw,11,0.7065017922594774,0.7635788244966256,0.8141531591517861,0.05707703223714822
texture_plus_structure,knn_top1_softmax_t05,11,0.6492817806283522,0.7712293066408814,0.8168173131883226,0.12194752601252923
texture_plus_structure,knn_top3_raw,11,0.681833832495569,0.7987003334086192,0.8146483981078266,0.11686650091305029
texture_plus_structure,knn_top3_softmax_t05,11,0.6741484069860937,0.7883029553999191,0.8098374552351918,0.11415454841382544
texture_plus_structure,knn_top5_raw,11,0.6447022330180951,0.7971549492419056,0.805058791971906,0.1524527162238104
texture_plus_structure,knn_top5_softmax_t05,11,0.6807807948584048,0.8024209517366679,0.8125823653239753,0.12164015687826313
texture_plus_structure,knn_top_dynamic_predictK_raw,11,0.665140087026458,0.7910426212500223,0.8201449451669016,0.12590253422356434
texture_plus_structure,knn_top_dynamic_predictK_softmax_t05,11,0.6475526520297717,0.7694503458699561,0.8126625668821483,0.12189769384018434
texture_plus_structure,regressor_top10_raw,11,0.7573513348660281,0.8053054266119137,0.8102550128141597,0.04795409174588561
texture_plus_structure,regressor_top10_softmax_t05,11,0.6878131436161108,0.7801365979066625,0.8039026154164062,0.09232345429055167
texture_plus_structure,regressor_top1_raw,11,0.7539405811961969,0.7740450288639351,0.820347525675796,0.020104447667738223
texture_plus_structure,regressor_top1_softmax_t05,11,0.7463844160998289,0.7611341436042892,0.7966298901836233,0.014749727504460353
texture_plus_structure,regressor_top3_raw,11,0.7356645558460758,0.7706859594113339,0.8077585705033793,0.03502140356525807
texture_plus_structure,regressor_top3_softmax_t05,11,0.7038961574089949,0.7890775589650478,0.8104948506987416,0.08518140155605292
texture_plus_structure,regressor_top5_raw,11,0.6878630965684069,0.7637797997541604,0.7954242748992097,0.0759167031857535
texture_plus_structure,regressor_top5_softmax_t05,11,0.7472613050307129,0.7850615608176824,0.8094960411647797,0.03780025578696955
texture_plus_structure,regressor_top_dynamic_predictK_raw,11,0.7598655008206866,0.7614066666518231,0.8141623757376588,0.001541165831136504
texture_plus_structure,regressor_top_dynamic_predictK_softmax_t05,11,0.7470665273862558,0.7754384666155317,0.8139936967268819,0.028371939229275944
thick_ribbons,knn_top10_raw,15,0.3472493933414403,0.37768191488037317,0.4273168425905798,0.03043252153893289
thick_ribbons,knn_top10_softmax_t05,15,0.3559038391731338,0.39579341367917414,0.44125442796473974,0.03988957450604036
thick_ribbons,knn_top1_raw,15,0.35309268944172506,0.40141944979557886,0.4634560994266249,0.048326760353853804
thick_ribbons,knn_top1_softmax_t05,15,0.35721144285989215,0.3784662435503732,0.43483533382848005,0.02125480069048108
thick_ribbons,knn_top3_raw,15,0.3751972489067292,0.4067691157696932,0.44879325925021263,0.03157186686296404
thick_ribbons,knn_top3_softmax_t05,15,0.361680363186766,0.3881345554984985,0.4414737662670579,0.026454192311732516
thick_ribbons,knn_top5_raw,15,0.4040688351714853,0.4294671506686076,0.46808356272052337,0.025398315497122292
thick_ribbons,knn_top5_softmax_t05,15,0.33960702000753085,0.33430444924637837,0.3959788856977294,-0.005302570761152481
thick_ribbons,knn_top_dynamic_predictK_raw,15,0.3757053006033427,0.3938621354606926,0.46776983778979225,0.018156834857349924
thick_ribbons,knn_top_dynamic_predictK_softmax_t05,15,0.34488749600776203,0.3608610081870777,0.4200050028847079,0.015973512179315696
thick_ribbons,regressor_top10_raw,15,0.36403385888551054,0.39737671827919774,0.4246049169272004,0.033342859393687196
thick_ribbons,regressor_top10_softmax_t05,15,0.34720272097442356,0.3739304862814273,0.4271818382034628,0.026727765307003715
thick_ribbons,regressor_top1_raw,15,0.2986943596982335,0.38129213656451777,0.4094196101105353,0.08259777686628428
thick_ribbons,regressor_top1_softmax_t05,15,0.3337277602727673,0.37250746644660865,0.4042493857751773,0.038779706173841355
thick_ribbons,regressor_top3_raw,15,0.31931755570537285,0.35246321353122484,0.3962492226301597,0.03314565782585199
thick_ribbons,regressor_top3_softmax_t05,15,0.344866724871544,0.3754939819994135,0.4291997873927749,0.030627257127869456
thick_ribbons,regressor_top5_raw,15,0.35643080337841154,0.37027234120985725,0.44082132447463623,0.013841537831445705
thick_ribbons,regressor_top5_softmax_t05,15,0.3680059012420319,0.3774467524530137,0.4353762434135237,0.00944085121098176
thick_ribbons,regressor_top_dynamic_predictK_raw,15,0.3466145153055612,0.36477435270903474,0.41933532493736525,0.018159837403473544
thick_ribbons,regressor_top_dynamic_predictK_softmax_t05,15,0.40308537059124044,0.4016689548182183,0.4453950132686687,-0.0014164157730221505
topological_noise,knn_top10_raw,13,0.7490756777574545,0.8082353923858451,0.8275947878879689,0.059159714628390536
topological_noise,knn_top10_softmax_t05,13,0.7524635014169966,0.8054560448926863,0.8342650685880408,0.05299254347568971
topological_noise,knn_top1_raw,13,0.7295956611723455,0.8007791901131949,0.8322473813917465,0.07118352894084934
topological_noise,knn_top1_softmax_t05,13,0.7643802754531366,0.8091836279690138,0.835275783098553,0.04480335251587719
topological_noise,knn_top3_raw,13,0.7656111664287426,0.8141395350172692,0.8326052685401286,0.048528368588526605
topological_noise,knn_top3_softmax_t05,13,0.7406153151720626,0.818926545829266,0.8338357483228642,0.07831123065720347
topological_noise,knn_top5_raw,13,0.7631669454686494,0.8077763144665149,0.8347714137326494,0.044609368997865495
topological_noise,knn_top5_softmax_t05,13,0.6763315858157645,0.8217859804489661,0.8332419482665963,0.14545439463320164
topological_noise,knn_top_dynamic_predictK_raw,13,0.758534802641753,0.8162065323093801,0.8322475632980458,0.057671729667627125
topological_noise,knn_top_dynamic_predictK_softmax_t05,13,0.7222793400209402,0.826127671474912,0.8362242522714175,0.10384833145397177
topological_noise,regressor_top10_raw,13,0.7858922602257075,0.8069282551110606,0.8303975577180241,0.021035994885353126
topological_noise,regressor_top10_softmax_t05,13,0.7659630146517602,0.8078369420297028,0.82884476521427,0.0418739273779426
topological_noise,regressor_top1_raw,13,0.7568375425346239,0.8276733171010666,0.8380850659764666,0.07083577456644274
topological_noise,regressor_top1_softmax_t05,13,0.6819274466461361,0.7885718383951056,0.827521127291508,0.10664439174896945
topological_noise,regressor_top3_raw,13,0.7947705072647645,0.8088540283268449,0.8208695629189757,0.01408352106208044
topological_noise,regressor_top3_softmax_t05,13,0.7891368453413392,0.8202586677511114,0.8346101214216104,0.031121822409772237
topological_noise,regressor_top5_raw,13,0.7172973032140926,0.7933870175208569,0.8116670431338004,0.07608971430676437
topological_noise,regressor_top5_softmax_t05,13,0.7839777032432984,0.8134501304721987,0.833630530194414,0.02947242722890031
topological_noise,regressor_top_dynamic_predictK_raw,13,0.7621492484134003,0.8106612731901919,0.8367122317769822,0.04851202477679162
topological_noise,regressor_top_dynamic_predictK_softmax_t05,13,0.7714759578805166,0.8036663309447112,0.8334269045492976,0.03219037306419459
topology_plus_texture,knn_top10_raw,18,0.6207022027306701,0.6900266433945229,0.7408730133452115,0.0693244406638528
topology_plus_texture,knn_top10_softmax_t05,18,0.6139819875945796,0.6791834332231539,0.7392049046369009,0.06520144562857433
topology_plus_texture,knn_top1_raw,18,0.6005182498895169,0.6723400678224442,0.7272027863316608,0.0718218179329273
topology_plus_texture,knn_top1_softmax_t05,18,0.5894092446670324,0.6654635439740058,0.7361393266856247,0.07605429930697338
topology_plus_texture,knn_top3_raw,18,0.6087593150020341,0.6651784850114235,0.7300455063008858,0.05641917000938945
topology_plus_texture,knn_top3_softmax_t05,18,0.6064125834932053,0.6929017452243486,0.7431979853126746,0.0864891617311433
topology_plus_texture,knn_top5_raw,18,0.6603755470415931,0.683886433442725,0.7412192431292747,0.02351088640113197
topology_plus_texture,knn_top5_softmax_t05,18,0.6616146813170416,0.69831954050925,0.7401946833508787,0.03670485919220845
topology_plus_texture,knn_top_dynamic_predictK_raw,18,0.6582635191809227,0.6674620225104074,0.7311388513252385,0.009198503329484686
topology_plus_texture,knn_top_dynamic_predictK_softmax_t05,18,0.6480120717161246,0.6977310052950705,0.7363459075323184,0.049718933578945856
topology_plus_texture,regressor_top10_raw,18,0.6636918595555011,0.6789092036150401,0.7181173024755733,0.015217344059539006
topology_plus_texture,regressor_top10_softmax_t05,18,0.6498558864100024,0.6883469581962962,0.7340857819122955,0.03849107178629385
topology_plus_texture,regressor_top1_raw,18,0.6309952050736714,0.6722213784085328,0.7377140231593218,0.04122617333486145
topology_plus_texture,regressor_top1_softmax_t05,18,0.6066707847367967,0.6848420547337726,0.7280527609666032,0.07817126999697588
topology_plus_texture,regressor_top3_raw,18,0.6183400450790653,0.7082197464353165,0.7387093124904229,0.08987970135625123
topology_plus_texture,regressor_top3_softmax_t05,18,0.6284543584394794,0.6950880648551956,0.7354605089295086,0.0666337064157162
topology_plus_texture,regressor_top5_raw,18,0.6559265290363644,0.6890629329881978,0.7236937994139468,0.03313640395183337
topology_plus_texture,regressor_top5_softmax_t05,18,0.6627462871499064,0.6970389250138905,0.7270122145355322,0.03429263786398418
topology_plus_texture,regressor_top_dynamic_predictK_raw,18,0.6227611347354571,0.68540974206723,0.7261088978210863,0.06264860733177291
topology_plus_texture,regressor_top_dynamic_predictK_softmax_t05,18,0.6358444015972182,0.682941898432892,0.7394531350973537,0.04709749683567377
triangles_and_quadrilaterals,knn_top10_raw,9,0.891849894622148,0.9358289784681081,0.9439750955257641,0.043979083845960054
triangles_and_quadrilaterals,knn_top10_softmax_t05,9,0.9336700596205643,0.9365394514647493,0.9378152173611922,0.0028693918441849986
triangles_and_quadrilaterals,knn_top1_raw,9,0.882280994411871,0.9277552233256494,0.9428665669853371,0.04547422891377839
triangles_and_quadrilaterals,knn_top1_softmax_t05,9,0.8438300622236637,0.9251460784884051,0.9438719498273093,0.08131601626474139
triangles_and_quadrilaterals,knn_top3_raw,9,0.8510847901091099,0.938425696663116,0.9433549752788745,0.08734090655400617
triangles_and_quadrilaterals,knn_top3_softmax_t05,9,0.9146333151810535,0.9345203586076616,0.9385372677284008,0.019887043426608075
triangles_and_quadrilaterals,knn_top5_raw,9,0.9347563988351477,0.9317025991749429,0.9446577299724029,-0.0030537996602048034
triangles_and_quadrilaterals,knn_top5_softmax_t05,9,0.9279640060644611,0.929315364437877,0.9426396621827047,0.001351358373415934
triangles_and_quadrilaterals,knn_top_dynamic_predictK_raw,9,0.8832570722181693,0.9349207862253783,0.93751219290982,0.05166371400720904
triangles_and_quadrilaterals,knn_top_dynamic_predictK_softmax_t05,9,0.8085348089709643,0.934072766966454,0.9347443388925263,0.12553795799548972
triangles_and_quadrilaterals,regressor_top10_raw,9,0.8907189498437378,0.9264513212465657,0.9393528635333818,0.03573237140282792
triangles_and_quadrilaterals,regressor_top10_softmax_t05,9,0.9270411262469673,0.9293975864548949,0.9432803158371846,0.0023564602079275687
triangles_and_quadrilaterals,regressor_top1_raw,9,0.8461983295443755,0.9297895513545343,0.942250431438147,0.08359122181015888
triangles_and_quadrilaterals,regressor_top1_softmax_t05,9,0.7303119863160003,0.9274085374888822,0.9428062610337314,0.19709655117288194
triangles_and_quadrilaterals,regressor_top3_raw,9,0.9092985963700398,0.9310866130614807,0.937822494638865,0.021788016691440815
triangles_and_quadrilaterals,regressor_top3_softmax_t05,9,0.9194145106605571,0.9249873039663233,0.9383969322954149,0.0055727933057662105
triangles_and_quadrilaterals,regressor_top5_raw,9,0.9298782166020746,0.9340364286800897,0.9374441340716229,0.004158212078015144
triangles_and_quadrilaterals,regressor_top5_softmax_t05,9,0.9173163851866172,0.9243606092600386,0.9379228900796426,0.007044224073421423
triangles_and_quadrilaterals,regressor_top_dynamic_predictK_raw,9,0.8859937266453042,0.8892540156707572,0.9082559333812122,0.003260289025453056
triangles_and_quadrilaterals,regressor_top_dynamic_predictK_softmax_t05,9,0.9226511819290769,0.9297245618990494,0.9424691890359009,0.007073379969972482
two_segment_polylines,knn_top10_raw,13,0.7273588772266492,0.7287675930174368,0.8363619369930397,0.001408715790787607
two_segment_polylines,knn_top10_softmax_t05,13,0.6578737597844141,0.7589995023905541,0.8319457152848339,0.10112574260614005
two_segment_polylines,knn_top1_raw,13,0.6777018233960393,0.7353855429237187,0.8036430184810663,0.05768371952767937
two_segment_polylines,knn_top1_softmax_t05,13,0.6514838884479766,0.7432677235309121,0.8235636601736502,0.09178383508293553
two_segment_polylines,knn_top3_raw,13,0.7081577430545148,0.7446383089823534,0.801488239622392,0.03648056592783855
two_segment_polylines,knn_top3_softmax_t05,13,0.7221835444244427,0.7368712608401496,0.7994174664554861,0.014687716415706986
two_segment_polylines,knn_top5_raw,13,0.7181060333870525,0.7531173861787251,0.8267674400877628,0.03501135279167267
two_segment_polylines,knn_top5_softmax_t05,13,0.7332193127388587,0.7727909475893958,0.8223342894016774,0.03957163485053716
two_segment_polylines,knn_top_dynamic_predictK_raw,13,0.7139950889727025,0.7406750385751404,0.7949621140752471,0.026679949602437913
two_segment_polylines,knn_top_dynamic_predictK_softmax_t05,13,0.7143086034216407,0.7253269107635612,0.788829158200931,0.011018307341920441
two_segment_polylines,regressor_top10_raw,13,0.7028794580707486,0.723140618046812,0.8139775594413615,0.02026115997606337
two_segment_polylines,regressor_top10_softmax_t05,13,0.7278448960303681,0.7343037562178909,0.7945399407260673,0.006458860187522841
two_segment_polylines,regressor_top1_raw,13,0.6941754913602965,0.7555868449284244,0.8180765053854002,0.06141135356812788
two_segment_polylines,regressor_top1_softmax_t05,13,0.6918160380009902,0.726197805464528,0.7862267027866612,0.034381767463537716
two_segment_polylines,regressor_top3_raw,13,0.6978234837684505,0.7249722251251906,0.7943836935546004,0.027148741356740058
two_segment_polylines,regressor_top3_softmax_t05,13,0.6771909963880568,0.706278979642242,0.7831747918212109,0.029087983254185157
two_segment_polylines,regressor_top5_raw,13,0.7007586566483452,0.7575800737293312,0.7860759826138835,0.05682141708098598
two_segment_polylines,regressor_top5_softmax_t05,13,0.7123269956619259,0.7651902824280157,0.7920050389032084,0.052863286766089757
two_segment_polylines,regressor_top_dynamic_predictK_raw,13,0.7288809653162728,0.725579779061432,0.793441320833225,-0.003301186254840771
two_segment_polylines,regressor_top_dynamic_predictK_softmax_t05,13,0.728464017106855,0.716206639413949,0.7994825902190521,-0.012257377692906024
variable_curvature_chains,knn_top10_raw,11,0.27820700067479376,0.3550387620124891,0.40862727478767197,0.07683176133769531
variable_curvature_chains,knn_top10_softmax_t05,11,0.28081640574984507,0.39404939503546105,0.4501074820848922,0.11323298928561598
variable_curvature_chains,knn_top1_raw,11,0.2915874864656834,0.4054498723429058,0.4727979077723994,0.11386238587722242
variable_curvature_chains,knn_top1_softmax_t05,11,0.33708257454500484,0.37084305461644307,0.47513889920342045,0.033760480071438226
variable_curvature_chains,knn_top3_raw,11,0.3202687216503421,0.4148267891368897,0.47019103849650357,0.0945580674865476
variable_curvature_chains,knn_top3_softmax_t05,11,0.33067663607086506,0.3942876451693109,0.45853900989131147,0.06361100909844586
variable_curvature_chains,knn_top5_raw,11,0.3474945084694927,0.41183162883656377,0.477656876633561,0.06433712036707107
variable_curvature_chains,knn_top5_softmax_t05,11,0.3024023822561711,0.36837926761329426,0.4611866017904669,0.06597688535712315
variable_curvature_chains,knn_top_dynamic_predictK_raw,11,0.32712017397730986,0.33854383252534076,0.4484722062531729,0.011423658548030902
variable_curvature_chains,knn_top_dynamic_predictK_softmax_t05,11,0.24907132721935588,0.35746936654263384,0.4386054431153772,0.10839803932327796
variable_curvature_chains,regressor_top10_raw,11,0.32699460001535585,0.3686865978256154,0.43929936538956604,0.04169199781025956
variable_curvature_chains,regressor_top10_softmax_t05,11,0.29792224562384206,0.3586953897357966,0.4077404365896943,0.06077314411195456
variable_curvature_chains,regressor_top1_raw,11,0.29292705716496803,0.3499287393567306,0.46219386963207315,0.05700168219176255
variable_curvature_chains,regressor_top1_softmax_t05,11,0.26525080490686814,0.36593416710206056,0.4226981859657953,0.10068336219519242
variable_curvature_chains,regressor_top3_raw,11,0.37046773677429046,0.40116733952016065,0.480127794393988,0.03069960274587019
variable_curvature_chains,regressor_top3_softmax_t05,11,0.3165279612431631,0.3594188980695342,0.4253764880014957,0.04289093682637107
variable_curvature_chains,regressor_top5_raw,11,0.35030306183523724,0.3730844759616429,0.460734622365244,0.022781414126405664
variable_curvature_chains,regressor_top5_softmax_t05,11,0.32938041469228985,0.36798949643990214,0.45908020592116383,0.038609081747612295
variable_curvature_chains,regressor_top_dynamic_predictK_raw,11,0.3026210114772105,0.39935003921097856,0.4649583975649323,0.09672902773376807
variable_curvature_chains,regressor_top_dynamic_predictK_softmax_t05,11,0.3599714507806781,0.41025016370208967,0.460976832422878,0.05027871292141156
variable_spacing_bands,knn_top10_raw,13,0.24709490374047255,0.24281197809046648,0.2781305694654501,-0.00428292565000607
variable_spacing_bands,knn_top10_softmax_t05,13,0.24991390465955124,0.24742155196193932,0.2969755027869844,-0.002492352697611916
variable_spacing_bands,knn_top1_raw,13,0.23114124212607629,0.24936707971870892,0.29137471992750263,0.018225837592632632
variable_spacing_bands,knn_top1_softmax_t05,13,0.2291642260032009,0.2568061371080834,0.2940926162501591,0.02764191110488251
variable_spacing_bands,knn_top3_raw,13,0.2488902093192085,0.2550482052815978,0.29671372241310334,0.006157995962389279
variable_spacing_bands,knn_top3_softmax_t05,13,0.22475804130462704,0.23735264837427852,0.2881533728751645,0.012594607069651487
variable_spacing_bands,knn_top5_raw,13,0.2354926809198982,0.24855761512934121,0.28741309356769384,0.013064934209443019
variable_spacing_bands,knn_top5_softmax_t05,13,0.24580735786833727,0.2566411739138585,0.2952276435581702,0.010833816045521222
variable_spacing_bands,knn_top_dynamic_predictK_raw,13,0.23005144570403976,0.23563813627062066,0.29490535239651267,0.005586690566580899
variable_spacing_bands,knn_top_dynamic_predictK_softmax_t05,13,0.22349844628054674,0.25737852544836354,0.2865391635794103,0.033880079167816796
variable_spacing_bands,regressor_top10_raw,13,0.23526733050915588,0.24141786015350716,0.28047980579935594,0.0061505296443512825
variable_spacing_bands,regressor_top10_softmax_t05,13,0.24722957932843365,0.23856921146238486,0.2826063934012364,-0.00866036786604879
variable_spacing_bands,regressor_top1_raw,13,0.20949248793266528,0.24932290080240221,0.2796914633214297,0.03983041286973693
variable_spacing_bands,regressor_top1_softmax_t05,13,0.19907617692217613,0.2555238948554853,0.2810284418623717,0.05644771793330919
variable_spacing_bands,regressor_top3_raw,13,0.25536488620093156,0.24319954727079168,0.2889593227298305,-0.01216533893013988
variable_spacing_bands,regressor_top3_softmax_t05,13,0.2475302925377589,0.24845289553672747,0.2859604608188644,0.0009226029989685691
variable_spacing_bands,regressor_top5_raw,13,0.2404942134057096,0.22294206215911588,0.29035917816159934,-0.017552151246593706
variable_spacing_bands,regressor_top5_softmax_t05,13,0.23068201334381996,0.22461415166428006,0.2804213904352163,-0.006067861679539904
variable_spacing_bands,regressor_top_dynamic_predictK_raw,13,0.24492094448958054,0.23166726304932955,0.2843129180740757,-0.013253681440250992
variable_spacing_bands,regressor_top_dynamic_predictK_softmax_t05,13,0.2561845545646534,0.21921005993496043,0.2850068314702173,-0.03697449462969296
y_junctions,knn_top10_raw,11,0.7766096690790973,0.8571530306341875,0.889477537543756,0.08054336155509012
y_junctions,knn_top10_softmax_t05,11,0.7900026850579203,0.8385270482178594,0.8839417784824427,0.04852436315993913
y_junctions,knn_top1_raw,11,0.7402470916597043,0.8545269901663421,0.8724873893092361,0.11427989850663789
y_junctions,knn_top1_softmax_t05,11,0.7836757848472893,0.8486866040850732,0.8867280833041746,0.06501081923778396
y_junctions,knn_top3_raw,11,0.8127839145205891,0.8301722915447154,0.8767714918569244,0.017388377024126322
y_junctions,knn_top3_softmax_t05,11,0.7927903853399911,0.847148967749425,0.8762670932991327,0.05435858240943392
y_junctions,knn_top5_raw,11,0.796119148101086,0.84469085607527,0.8773171059317929,0.048571707974183975
y_junctions,knn_top5_softmax_t05,11,0.7824395731054762,0.8399680402612898,0.8826946246149955,0.05752846715581361
y_junctions,knn_top_dynamic_predictK_raw,11,0.8022709056777709,0.8472246221299458,0.8898467298674775,0.04495371645217483
y_junctions,knn_top_dynamic_predictK_softmax_t05,11,0.8149628764253698,0.8550034938939924,0.8861614127624474,0.04004061746862264
y_junctions,regressor_top10_raw,11,0.7970085546979785,0.8397112529842,0.8605256149539261,0.04270269828622153
y_junctions,regressor_top10_softmax_t05,11,0.8024399418697455,0.839037744593773,0.8847883088125276,0.03659780272402746
y_junctions,regressor_top1_raw,11,0.8193069409381522,0.82661766923325,0.8853737937234857,0.007310728295097824
y_junctions,regressor_top1_softmax_t05,11,0.6641567918512684,0.8395973164891127,0.8782510490528396,0.17544052463784432
y_junctions,regressor_top3_raw,11,0.839655482405885,0.8315080008929887,0.8889273596852726,-0.008147481512896237
y_junctions,regressor_top3_softmax_t05,11,0.8440692421879326,0.826595573052246,0.8837473801364939,-0.017473669135686598
y_junctions,regressor_top5_raw,11,0.8248108375537516,0.8434657062229415,0.8839722151580215,0.01865486866918986
y_junctions,regressor_top5_softmax_t05,11,0.8246205338224761,0.8670482561324739,0.8841293639167476,0.042427722309997806
y_junctions,regressor_top_dynamic_predictK_raw,11,0.7733268691540843,0.8276766848234062,0.8927733977506104,0.054349815669321844
y_junctions,regressor_top_dynamic_predictK_softmax_t05,11,0.8325107151921667,0.8291521876107264,0.8816202620858057,-0.003358527581440285
